사고번호,사고일시,요일,시군구,사고내용,사망자수,중상자수,경상자수,부상신고자수,사고유형,법규위반,노면상태,기상상태,도로형태,가해운전자 차종,가해운전자 성별,가해운전자 연령,가해운전자 상해정도,피해운전자 차종,피해운전자 성별,피해운전자 연령,피해운전자 상해정도
2022011000100115,2022년 1월 10일 09시,월요일,부산광역시 금정구 장전동,경상사고,0,0,1,0,차대사람 - 기타,안전운전불이행,건조,맑음,기타 - 기타,개인형이동수단(PM),남,65세,기타불명,보행자,여,29세,경상
2022011000100145,2022년 1월 10일 10시,월요일,부산광역시 북구 화명동,경상사고,0,0,1,0,차대사람 - 기타,보행자보호의무위반,건조,맑음,단일로 - 기타,승용,남,50세,상해없음,보행자,남,15세,경상
2022011000100181,2022년 1월 10일 11시,월요일,부산광역시 중구 부평동2가,경상사고,0,0,1,0,차대사람 - 횡단중,안전운전불이행,건조,맑음,교차로 - 교차로부근,승용,남,73세,상해없음,보행자,여,69세,경상
2022011000100182,2022년 1월 10일 11시,월요일,부산광역시 동구 초량동,경상사고,0,0,1,0,차대차 - 기타,차로위반,건조,맑음,단일로 - 기타,승용,여,39세,상해없음,승합,남,28세,상해없음
2022011000100219,2022년 1월 10일 12시,월요일,부산광역시 기장군 철마면,중상사고,0,1,0,0,차대차 - 추돌,안전운전불이행,건조,맑음,단일로 - 기타,승용,남,63세,상해없음,자전거,남,47세,중상
2022011000100267,2022년 1월 10일 14시,월요일,부산광역시 수영구 광안동,중상사고,0,2,3,0,차대차 - 측면충돌,안전운전불이행,건조,맑음,단일로 - 기타,승용,남,74세,상해없음,승용,여,59세,중상
2022011000100268,2022년 1월 10일 14시,월요일,부산광역시 부산진구 범천동,경상사고,0,0,1,0,차대차 - 추돌,안전운전불이행,건조,맑음,단일로 - 기타,승용,여,65세,상해없음,화물,남,47세,경상
2022011000100330,2022년 1월 10일 16시,월요일,부산광역시 금정구 부곡동,경상사고,0,0,1,0,차대차 - 기타,안전운전불이행,건조,흐림,교차로 - 교차로안,이륜,남,31세,경상,승용,남,69세,상해없음
2022011000100331,2022년 1월 10일 16시,월요일,부산광역시 강서구 명지동,경상사고,0,0,1,0,차대차 - 기타,안전거리미확보,건조,맑음,단일로 - 기타,승용,남,58세,상해없음,이륜,남,41세,경상
2022011000100365,2022년 1월 10일 17시,월요일,부산광역시 금정구 장전동,경상사고,0,0,1,0,차대차 - 추돌,안전운전불이행,건조,맑음,단일로 - 기타,승용,여,48세,상해없음,승용,남,48세,경상
2022011000100366,2022년 1월 10일 17시,월요일,부산광역시 금정구 부곡동,경상사고,0,0,1,0,차대차 - 측면충돌,교차로운행방법위반,건조,맑음,교차로 - 교차로안,승합,남,58세,경상,승용,남,52세,기타불명
2022011000100367,2022년 1월 10일 17시,월요일,부산광역시 강서구 명지동,경상사고,0,0,1,0,차대사람 - 횡단중,보행자보호의무위반,건조,맑음,교차로 - 교차로횡단보도내,이륜,남,27세,상해없음,보행자,여,10세,경상
2022011000100398,2022년 1월 10일 18시,월요일,부산광역시 남구 대연동,경상사고,0,0,1,0,차대차 - 기타,안전운전불이행,건조,맑음,교차로 - 교차로안,이륜,남,40세,경상,승용,남,36세,상해없음
2022011000100441,2022년 1월 10일 19시,월요일,부산광역시 금정구 부곡동,중상사고,0,1,0,0,차대사람 - 차도통행중,중앙선침범,건조,맑음,교차로 - 교차로부근,승용,여,39세,상해없음,보행자,여,58세,중상
2022011000100466,2022년 1월 10일 20시,월요일,부산광역시 부산진구 부전동,경상사고,0,0,1,0,차대차 - 기타,신호위반,건조,맑음,교차로 - 교차로안,승용,남,28세,상해없음,이륜,남,31세,경상
2022011000100467,2022년 1월 10일 20시,월요일,부산광역시 금정구 부곡동,경상사고,0,0,1,0,차대차 - 정면충돌,신호위반,건조,맑음,교차로 - 교차로안,승합,남,36세,상해없음,이륜,남,33세,경상
2022011000100468,2022년 1월 10일 20시,월요일,부산광역시 사하구 감천동,중상사고,0,1,0,0,차대차 - 측면충돌,신호위반,건조,맑음,교차로 - 교차로부근,승용,남,44세,상해없음,이륜,남,28세,중상
2022011000100495,2022년 1월 10일 21시,월요일,부산광역시 연제구 연산동,경상사고,0,0,1,0,차대차 - 기타,중앙선침범,건조,맑음,단일로 - 기타,승용,남,50세,상해없음,승용,남,65세,경상
2022011000100496,2022년 1월 10일 21시,월요일,부산광역시 사상구 괘법동,부상신고사고,0,0,0,1,차대사람 - 길가장자리구역통행중,안전운전불이행,건조,맑음,단일로 - 기타,승용,남,29세,상해없음,보행자,남,46세,부상신고
2022011000100533,2022년 1월 10일 22시,월요일,부산광역시 수영구 광안동,중상사고,0,1,0,0,차대차 - 측면충돌,안전운전불이행,건조,맑음,단일로 - 기타,승합,남,55세,상해없음,이륜,남,26세,중상
2022011000100534,2022년 1월 10일 22시,월요일,부산광역시 사상구 감전동,경상사고,0,0,2,0,차대차 - 추돌,안전운전불이행,건조,맑음,교차로 - 교차로부근,승용,남,45세,상해없음,승용,남,26세,경상
2022011000100554,2022년 1월 10일 23시,월요일,부산광역시 남구 대연동,중상사고,0,1,0,0,차대사람 - 기타,안전운전불이행,건조,맑음,단일로 - 기타,이륜,남,18세,상해없음,보행자,남,44세,중상
2022011100100054,2022년 1월 11일 07시,화요일,부산광역시 동래구 온천동,경상사고,0,0,2,0,차대차 - 측면충돌,교차로운행방법위반,건조,맑음,교차로 - 교차로안,승용,남,60세,경상,승용,남,29세,경상
2022011100100138,2022년 1월 11일 10시,화요일,부산광역시 기장군 기장읍,경상사고,0,0,2,0,차대차 - 기타,안전운전불이행,건조,맑음,단일로 - 기타,승용,여,26세,상해없음,승용,여,35세,경상
2022011100100166,2022년 1월 11일 11시,화요일,부산광역시 서구 남부민동,경상사고,0,0,1,0,차대사람 - 기타,안전운전불이행,건조,맑음,단일로 - 기타,승용,남,49세,상해없음,보행자,남,55세,경상
2022011100100197,2022년 1월 11일 12시,화요일,부산광역시 금정구 서동,중상사고,0,1,0,0,차대차 - 측면충돌,안전운전불이행,건조,맑음,교차로 - 교차로안,승용,여,32세,상해없음,승용,여,38세,중상
2022011100100198,2022년 1월 11일 12시,화요일,부산광역시 연제구 연산동,경상사고,0,0,1,0,차대차 - 추돌,안전운전불이행,건조,맑음,단일로 - 기타,승용,남,51세,상해없음,승용,남,48세,경상
2022011100100199,2022년 1월 11일 12시,화요일,부산광역시 강서구 명지동,경상사고,0,0,1,0,차대사람 - 횡단중,보행자보호의무위반,건조,맑음,교차로 - 교차로횡단보도내,승용,남,63세,상해없음,보행자,남,7세,경상
2022011100100234,2022년 1월 11일 13시,화요일,부산광역시 영도구 동삼동,중상사고,0,1,0,0,차대차 - 기타,중앙선침범,건조,맑음,단일로 - 기타,이륜,남,66세,상해없음,이륜,남,53세,중상
2022011100100235,2022년 1월 11일 13시,화요일,부산광역시 사상구 감전동,경상사고,0,0,1,0,차대사람 - 차도통행중,안전운전불이행,건조,맑음,교차로 - 교차로안,화물,남,53세,상해없음,보행자,남,53세,경상
2022011100100273,2022년 1월 11일 14시,화요일,부산광역시 부산진구 전포동,경상사고,0,0,2,0,차대차 - 정면충돌,안전운전불이행,건조,맑음,단일로 - 기타,승용,남,29세,상해없음,화물,남,38세,경상
2022011100100274,2022년 1월 11일 14시,화요일,부산광역시 사하구 괴정동,경상사고,0,0,1,0,차대차 - 추돌,안전운전불이행,건조,맑음,단일로 - 기타,승용,여,36세,상해없음,승용,여,52세,경상
2022011100100305,2022년 1월 11일 15시,화요일,부산광역시 서구 동대신동2가,경상사고,0,0,1,0,차대차 - 추돌,안전운전불이행,건조,맑음,단일로 - 기타,승용,남,71세,상해없음,승용,남,39세,경상
2022011100100306,2022년 1월 11일 15시,화요일,부산광역시 강서구 송정동,경상사고,0,0,2,0,차대차 - 후진중충돌,안전운전불이행,건조,맑음,단일로 - 지하차도(도로)내,승용,남,72세,상해없음,승용,남,54세,경상
2022011100100354,2022년 1월 11일 17시,화요일,부산광역시 수영구 남천동,경상사고,0,0,2,0,차대차 - 측면충돌,안전운전불이행,건조,맑음,교차로 - 교차로안,승용,남,69세,상해없음,승합,남,66세,경상
2022011100100355,2022년 1월 11일 17시,화요일,부산광역시 해운대구 재송동,부상신고사고,0,0,0,1,차대차 - 측면충돌,안전운전불이행,건조,맑음,단일로 - 기타,기타불명,기타불명,미분류,기타불명,이륜,남,46세,부상신고
2022011100100356,2022년 1월 11일 17시,화요일,부산광역시 부산진구 범천동,경상사고,0,0,2,0,차대차 - 기타,안전운전불이행,건조,맑음,기타 - 기타,승용,여,64세,경상,승용,남,64세,경상
2022011100100357,2022년 1월 11일 17시,화요일,부산광역시 강서구 구랑동,경상사고,0,0,1,0,차대차 - 측면충돌,안전운전불이행,건조,맑음,단일로 - 지하차도(도로)내,화물,남,72세,상해없음,승용,남,51세,경상
2022011100100391,2022년 1월 11일 18시,화요일,부산광역시 서구 동대신동3가,경상사고,0,0,1,0,차대차 - 측면충돌,안전운전불이행,건조,맑음,교차로 - 교차로안,이륜,남,54세,경상,승용,남,59세,상해없음
2022011100100392,2022년 1월 11일 18시,화요일,부산광역시 북구 금곡동,중상사고,0,1,0,0,차대차 - 측면충돌,중앙선침범,건조,맑음,단일로 - 기타,화물,남,39세,상해없음,이륜,남,20세,중상
2022011100100451,2022년 1월 11일 19시,화요일,부산광역시 남구 대연동,경상사고,0,0,1,0,차대사람 - 기타,안전운전불이행,건조,맑음,교차로 - 교차로안,화물,남,47세,상해없음,보행자,남,24세,경상
2022011100100452,2022년 1월 11일 19시,화요일,부산광역시 해운대구 반여동,중상사고,0,1,0,0,차대사람 - 기타,기타,건조,맑음,단일로 - 기타,승합,남,66세,상해없음,보행자,여,82세,중상
2022011100100453,2022년 1월 11일 19시,화요일,부산광역시 강서구 식만동,중상사고,0,1,2,0,차대차 - 측면충돌,안전운전불이행,건조,맑음,단일로 - 기타,화물,남,50세,상해없음,승용,여,69세,중상
2022011100100488,2022년 1월 11일 20시,화요일,부산광역시 수영구 광안동,중상사고,0,1,0,0,차대차 - 측면충돌,안전운전불이행,건조,맑음,단일로 - 기타,화물,남,41세,상해없음,승용,남,41세,중상
2022011100100489,2022년 1월 11일 20시,화요일,부산광역시 금정구 두구동,경상사고,0,0,3,0,차대차 - 추돌,안전거리미확보,건조,맑음,단일로 - 기타,화물,남,30세,상해없음,승용,남,55세,경상
2022011100100524,2022년 1월 11일 21시,화요일,부산광역시 사상구 덕포동,중상사고,0,1,0,0,차대차 - 측면충돌,교차로운행방법위반,건조,맑음,교차로 - 교차로안,이륜,남,30세,중상,승용,남,24세,상해없음
2022011200100012,2022년 1월 12일 03시,수요일,부산광역시 부산진구 부전동,중상사고,0,1,0,0,차대차 - 측면충돌,신호위반,건조,맑음,교차로 - 교차로안,승용,남,27세,상해없음,승용,남,50세,중상
2022011200100024,2022년 1월 12일 06시,수요일,부산광역시 금정구 장전동,경상사고,0,0,1,0,차대차 - 기타,신호위반,건조,맑음,단일로 - 기타,승용,남,63세,상해없음,이륜,남,64세,경상
2022011200100025,2022년 1월 12일 06시,수요일,부산광역시 금정구 선동,경상사고,0,0,6,0,차대차 - 추돌,안전거리미확보,건조,맑음,단일로 - 기타,승합,남,76세,상해없음,승용,남,50세,경상
2022011200100036,2022년 1월 12일 07시,수요일,부산광역시 남구 대연동,경상사고,0,0,1,0,차대차 - 추돌,안전거리미확보,건조,맑음,단일로 - 교량,승용,남,41세,기타불명,화물,남,31세,경상
2022011200100037,2022년 1월 12일 07시,수요일,부산광역시 부산진구 개금동,중상사고,0,1,0,0,차대차 - 측면충돌,안전운전불이행,건조,맑음,교차로 - 교차로안,이륜,기타불명,미분류,기타불명,이륜,남,52세,중상
2022011200100038,2022년 1월 12일 07시,수요일,부산광역시 강서구 지사동,경상사고,0,0,1,0,차대차 - 측면충돌,안전운전불이행,건조,맑음,교차로 - 교차로안,화물,남,44세,상해없음,승용,남,65세,경상
2022011200100136,2022년 1월 12일 10시,수요일,부산광역시 중구 남포동6가,중상사고,0,1,0,0,차대사람 - 횡단중,안전운전불이행,건조,맑음,교차로 - 교차로안,승용,남,64세,상해없음,보행자,여,66세,중상
2022011200100137,2022년 1월 12일 10시,수요일,부산광역시 동래구 온천동,경상사고,0,0,1,0,차대차 - 측면충돌,안전운전불이행,건조,맑음,단일로 - 기타,건설기계,남,60세,상해없음,승합,남,56세,경상
2022011200100192,2022년 1월 12일 12시,수요일,부산광역시 남구 감만동,중상사고,0,1,0,0,차대사람 - 기타,안전운전불이행,건조,맑음,단일로 - 기타,승용,남,33세,상해없음,보행자,여,50세,중상
2022011200100193,2022년 1월 12일 12시,수요일,부산광역시 동래구 온천동,경상사고,0,0,2,0,차대차 - 측면충돌,안전운전불이행,건조,맑음,단일로 - 기타,화물,남,61세,상해없음,승용,남,49세,경상
2022011200100235,2022년 1월 12일 13시,수요일,부산광역시 해운대구 우동,경상사고,0,0,1,0,차대차 - 측면충돌,안전거리미확보,건조,맑음,단일로 - 기타,이륜,남,54세,경상,기타불명,기타불명,미분류,기타불명
2022011200100236,2022년 1월 12일 13시,수요일,부산광역시 부산진구 전포동,경상사고,0,0,1,0,차대차 - 기타,교차로운행방법위반,건조,맑음,교차로 - 교차로안,이륜,남,40세,상해없음,이륜,남,25세,경상
2022011200100237,2022년 1월 12일 13시,수요일,부산광역시 강서구 강동동,경상사고,0,0,1,0,차대차 - 기타,안전운전불이행,건조,맑음,단일로 - 기타,이륜,남,27세,경상,승용,남,57세,상해없음
2022011200100263,2022년 1월 12일 14시,수요일,부산광역시 동구 초량동,경상사고,0,0,1,0,차대차 - 측면충돌,교차로운행방법위반,건조,맑음,교차로 - 교차로안,승용,남,48세,상해없음,승용,남,42세,경상
2022011200100264,2022년 1월 12일 14시,수요일,부산광역시 사하구 다대동,경상사고,0,0,1,0,차대차 - 기타,교차로운행방법위반,건조,맑음,교차로 - 교차로안,승용,여,44세,상해없음,승용,여,22세,경상
2022011200100265,2022년 1월 12일 14시,수요일,부산광역시 기장군 정관읍,중상사고,0,1,2,0,차대차 - 추돌,안전운전불이행,건조,맑음,교차로 - 교차로부근,화물,남,42세,상해없음,화물,남,51세,중상
2022011200100294,2022년 1월 12일 15시,수요일,부산광역시 동구 초량동,경상사고,0,0,1,0,차대차 - 기타,신호위반,건조,맑음,단일로 - 기타,승용,남,29세,상해없음,승합,남,47세,상해없음
2022011200100295,2022년 1월 12일 15시,수요일,부산광역시 금정구 부곡동,경상사고,0,0,2,0,차대차 - 기타,교차로운행방법위반,건조,맑음,교차로 - 교차로안,승용,남,33세,경상,화물,남,30세,경상
2022011200100296,2022년 1월 12일 15시,수요일,부산광역시 사하구 당리동,중상사고,0,1,0,0,차대차 - 기타,안전운전불이행,건조,맑음,교차로 - 교차로안,이륜,남,56세,중상,승용,남,74세,상해없음
2022011200100297,2022년 1월 12일 15시,수요일,부산광역시 사하구 하단동,경상사고,0,0,1,0,차대차 - 기타,차로위반,건조,맑음,단일로 - 기타,화물,남,53세,상해없음,승용,남,63세,경상
2022011200100326,2022년 1월 12일 16시,수요일,부산광역시 남구 감만동,경상사고,0,0,1,0,차대차 - 측면충돌,안전거리미확보,건조,맑음,단일로 - 기타,특수,남,58세,상해없음,이륜,남,54세,경상
2022011200100327,2022년 1월 12일 16시,수요일,부산광역시 동래구 온천동,경상사고,0,0,1,0,차대사람 - 기타,안전운전불이행,건조,맑음,단일로 - 기타,승용,남,36세,상해없음,보행자,남,3세,경상
2022011200100371,2022년 1월 12일 17시,수요일,부산광역시 부산진구 부암동,경상사고,0,0,2,0,차대차 - 기타,신호위반,건조,맑음,교차로 - 교차로안,승용,남,59세,경상,승합,남,55세,경상
2022011200100406,2022년 1월 12일 18시,수요일,부산광역시 수영구 망미동,경상사고,0,0,1,0,차대사람 - 기타,안전운전불이행,건조,맑음,단일로 - 기타,승용,여,29세,상해없음,보행자,여,12세,경상
2022011200100407,2022년 1월 12일 18시,수요일,부산광역시 기장군 기장읍,경상사고,0,0,1,0,차대사람 - 기타,보행자보호의무위반,건조,맑음,교차로 - 교차로횡단보도내,승용,남,65세,상해없음,보행자,여,31세,경상
2022011200100408,2022년 1월 12일 18시,수요일,부산광역시 기장군 정관읍,경상사고,0,0,1,1,차대차 - 측면충돌,안전거리미확보,건조,맑음,단일로 - 기타,승용,여,61세,부상신고,승용,남,37세,경상
2022011200100525,2022년 1월 12일 21시,수요일,부산광역시 해운대구 중동,중상사고,0,1,1,0,차대차 - 정면충돌,기타,건조,맑음,교차로 - 교차로안,이륜,남,29세,중상,이륜,남,26세,경상
2022011200100570,2022년 1월 12일 22시,수요일,부산광역시 서구 아미동2가,경상사고,0,0,1,0,차대차 - 측면충돌,교차로운행방법위반,건조,맑음,교차로 - 교차로안,이륜,남,51세,상해없음,이륜,남,30세,경상
2022011200100571,2022년 1월 12일 22시,수요일,부산광역시 해운대구 반여동,중상사고,0,1,0,0,차량단독 - 공작물충돌,안전운전불이행,건조,맑음,단일로 - 기타,승용,남,56세,중상,,,,
2022011200100572,2022년 1월 12일 22시,수요일,부산광역시 금정구 부곡동,중상사고,0,2,0,0,차대차 - 기타,안전운전불이행,건조,맑음,단일로 - 기타,승용,남,53세,상해없음,승용,남,52세,중상
2022011200100573,2022년 1월 12일 22시,수요일,부산광역시 기장군 정관읍,경상사고,0,0,1,0,차대차 - 기타,신호위반,건조,맑음,교차로 - 교차로안,승용,여,45세,상해없음,이륜,남,61세,경상
2022011200100597,2022년 1월 12일 23시,수요일,부산광역시 수영구 광안동,부상신고사고,0,0,0,1,차량단독 - 공작물충돌,안전운전불이행,건조,맑음,단일로 - 기타,이륜,남,29세,부상신고,,,,
2022011300100008,2022년 1월 13일 02시,목요일,부산광역시 부산진구 부전동,부상신고사고,0,0,0,1,차량단독 - 기타,안전운전불이행,건조,기타,단일로 - 기타,이륜,남,33세,부상신고,,,,
2022011300100009,2022년 1월 13일 02시,목요일,부산광역시 금정구 서동,중상사고,0,1,0,0,차대차 - 측면충돌,교차로운행방법위반,건조,맑음,교차로 - 교차로안,승용,남,64세,기타불명,이륜,남,33세,중상
2022011300100018,2022년 1월 13일 05시,목요일,부산광역시 사하구 하단동,중상사고,0,1,0,0,차량단독 - 기타,기타,건조,맑음,단일로 - 기타,승합,남,53세,상해없음,,,,
2022011300100042,2022년 1월 13일 07시,목요일,부산광역시 연제구 거제동,경상사고,0,0,1,0,차대차 - 측면충돌,안전운전불이행,건조,맑음,단일로 - 기타,화물,남,59세,상해없음,승용,남,39세,경상
2022011300100072,2022년 1월 13일 08시,목요일,부산광역시 부산진구 개금동,경상사고,0,0,1,0,차대사람 - 차도통행중,안전운전불이행,건조,맑음,기타 - 기타,승용,남,62세,상해없음,보행자,남,28세,경상
2022011300100105,2022년 1월 13일 09시,목요일,부산광역시 사하구 괴정동,경상사고,0,0,1,0,차대차 - 추돌,안전거리미확보,건조,맑음,교차로 - 교차로안,승용,남,25세,경상,건설기계,남,36세,상해없음
2022011300100133,2022년 1월 13일 10시,목요일,부산광역시 남구 대연동,경상사고,0,0,1,0,차대차 - 추돌,안전운전불이행,건조,맑음,교차로 - 교차로부근,화물,남,52세,기타불명,승용,남,36세,경상
2022011300100163,2022년 1월 13일 11시,목요일,부산광역시 중구 보수동2가,중상사고,0,1,0,0,차대차 - 측면충돌,신호위반,건조,맑음,교차로 - 교차로안,화물,남,38세,상해없음,이륜,남,60세,중상
2022011300100164,2022년 1월 13일 11시,목요일,부산광역시 부산진구 부전동,중상사고,0,1,0,0,차대차 - 측면충돌,안전운전불이행,건조,맑음,교차로 - 교차로안,이륜,남,25세,상해없음,원동기,여,47세,중상
2022011300100165,2022년 1월 13일 11시,목요일,부산광역시 사하구 하단동,중상사고,0,1,0,0,차대차 - 측면충돌,안전운전불이행,건조,맑음,교차로 - 교차로안,승용,남,49세,상해없음,이륜,남,53세,중상
2022011300100166,2022년 1월 13일 11시,목요일,부산광역시 사상구 괘법동,중상사고,0,1,0,0,차대사람 - 길가장자리구역통행중,안전운전불이행,기타,맑음,단일로 - 기타,화물,남,52세,상해없음,보행자,여,50세,중상
2022011300100167,2022년 1월 13일 11시,목요일,부산광역시 사상구 주례동,경상사고,0,0,1,0,차대사람 - 기타,안전운전불이행,건조,맑음,기타 - 기타,승용,남,36세,상해없음,보행자,남,39세,경상
2022011300100168,2022년 1월 13일 11시,목요일,부산광역시 기장군 기장읍,경상사고,0,0,1,0,차대차 - 측면충돌,안전거리미확보,건조,맑음,교차로 - 교차로부근,승용,여,39세,상해없음,승용,남,26세,경상
2022011300100202,2022년 1월 13일 12시,목요일,부산광역시 부산진구 전포동,중상사고,0,1,0,0,차대사람 - 횡단중,보행자보호의무위반,건조,맑음,교차로 - 교차로부근,승용,여,25세,상해없음,보행자,여,23세,중상
2022011300100274,2022년 1월 13일 14시,목요일,부산광역시 남구 감만동,경상사고,0,0,1,0,차대차 - 기타,신호위반,건조,맑음,교차로 - 교차로안,승용,남,64세,상해없음,특수,남,43세,경상
2022011300100275,2022년 1월 13일 14시,목요일,부산광역시 영도구 청학동,경상사고,0,0,2,0,차대차 - 추돌,안전거리미확보,건조,맑음,단일로 - 기타,승용,남,53세,상해없음,승용,남,24세,경상
2022011300100276,2022년 1월 13일 14시,목요일,부산광역시 해운대구 송정동,중상사고,0,1,0,0,차대사람 - 길가장자리구역통행중,안전운전불이행,건조,맑음,단일로 - 기타,승용,여,26세,상해없음,보행자,여,58세,중상
2022011300100277,2022년 1월 13일 14시,목요일,부산광역시 수영구 수영동,경상사고,0,0,1,0,차대사람 - 기타,안전운전불이행,건조,맑음,단일로 - 기타,화물,남,26세,기타불명,보행자,여,69세,경상
2022011300100308,2022년 1월 13일 15시,목요일,부산광역시 북구 화명동,경상사고,0,0,3,0,차대차 - 기타,안전운전불이행,건조,맑음,교차로 - 교차로안,승용,남,76세,상해없음,승용,남,30세,경상
2022011300100344,2022년 1월 13일 16시,목요일,부산광역시 동래구 사직동,중상사고,0,1,0,0,차대사람 - 횡단중,안전운전불이행,건조,맑음,단일로 - 기타,승용,여,63세,상해없음,보행자,남,64세,중상
2022011300100345,2022년 1월 13일 16시,목요일,부산광역시 사상구 괘법동,중상사고,0,1,0,0,차대차 - 측면충돌,신호위반,건조,맑음,교차로 - 교차로안,화물,남,52세,상해없음,자전거,남,63세,중상
2022011300100404,2022년 1월 13일 18시,목요일,부산광역시 해운대구 우동,경상사고,0,0,1,0,차대차 - 추돌,안전운전불이행,건조,맑음,단일로 - 기타,승용,여,63세,상해없음,승용,남,24세,경상
2022011300100405,2022년 1월 13일 18시,목요일,부산광역시 해운대구 좌동,경상사고,0,0,3,0,차대차 - 측면충돌,교차로운행방법위반,건조,맑음,교차로 - 교차로안,승용,여,45세,경상,승용,여,51세,경상
2022011300100406,2022년 1월 13일 18시,목요일,부산광역시 부산진구 개금동,경상사고,0,0,1,0,차대사람 - 기타,안전운전불이행,건조,맑음,단일로 - 기타,승합,남,77세,상해없음,보행자,남,54세,경상
2022011300100407,2022년 1월 13일 18시,목요일,부산광역시 연제구 거제동,경상사고,0,0,1,0,차대차 - 추돌,안전거리미확보,건조,맑음,단일로 - 기타,승용,남,73세,상해없음,이륜,남,40세,경상
2022011300100408,2022년 1월 13일 18시,목요일,부산광역시 기장군 정관읍,중상사고,0,1,0,0,차대차 - 기타,신호위반,건조,맑음,교차로 - 교차로안,기타불명,기타불명,미분류,기타불명,이륜,남,31세,중상
2022011300100449,2022년 1월 13일 19시,목요일,부산광역시 영도구 대교동1가,경상사고,0,0,1,0,차대사람 - 기타,안전운전불이행,건조,맑음,교차로 - 교차로안,승용,남,49세,상해없음,보행자,여,56세,경상
2022011300100481,2022년 1월 13일 20시,목요일,부산광역시 강서구 명지동,경상사고,0,0,2,0,차대사람 - 길가장자리구역통행중,안전운전불이행,건조,맑음,교차로 - 교차로안,승용,남,53세,상해없음,보행자,여,49세,경상
2022011300100517,2022년 1월 13일 21시,목요일,부산광역시 동구 수정동,경상사고,0,0,1,0,차대차 - 추돌,안전거리미확보,건조,맑음,단일로 - 기타,승용,남,43세,상해없음,승용,남,52세,경상
2022011300100518,2022년 1월 13일 21시,목요일,부산광역시 동래구 온천동,경상사고,0,0,1,0,차대차 - 측면충돌,안전운전불이행,건조,맑음,교차로 - 교차로안,이륜,남,26세,상해없음,승용,여,34세,경상
2022011300100543,2022년 1월 13일 22시,목요일,부산광역시 부산진구 개금동,부상신고사고,0,0,0,1,차대차 - 기타,교차로운행방법위반,건조,맑음,교차로 - 교차로부근,기타불명,기타불명,미분류,기타불명,이륜,남,42세,부상신고
2022011300100544,2022년 1월 13일 22시,목요일,부산광역시 금정구 부곡동,경상사고,0,0,1,0,차대차 - 정면충돌,교차로운행방법위반,건조,맑음,교차로 - 교차로안,화물,남,39세,상해없음,이륜,남,52세,경상
2022011300100545,2022년 1월 13일 22시,목요일,부산광역시 금정구 부곡동,경상사고,0,0,1,0,차대차 - 기타,안전운전불이행,건조,맑음,기타 - 기타,승용,남,42세,상해없음,승용,여,51세,경상
2022011300100561,2022년 1월 13일 23시,목요일,부산광역시 동구 초량동,경상사고,0,0,1,0,차대차 - 추돌,안전거리미확보,건조,맑음,교차로 - 교차로부근,승용,남,30세,상해없음,승용,남,28세,경상
2022011400100015,2022년 1월 14일 02시,금요일,부산광역시 사상구 주례동,중상사고,0,1,0,0,차대사람 - 기타,안전운전불이행,건조,맑음,단일로 - 기타,이륜,남,18세,상해없음,보행자,남,41세,중상
2022011400100034,2022년 1월 14일 06시,금요일,부산광역시 사상구 괘법동,경상사고,0,0,1,0,차대사람 - 횡단중,안전운전불이행,건조,맑음,교차로 - 교차로부근,승용,남,46세,상해없음,보행자,남,55세,경상
2022011400100044,2022년 1월 14일 07시,금요일,부산광역시 영도구 영선동4가,경상사고,0,0,1,0,차대차 - 기타,안전운전불이행,건조,맑음,단일로 - 기타,승합,남,57세,상해없음,이륜,남,59세,경상
2022011400100045,2022년 1월 14일 07시,금요일,부산광역시 부산진구 부암동,부상신고사고,0,0,0,1,차대차 - 추돌,안전운전불이행,건조,기타,단일로 - 기타,이륜,남,22세,부상신고,승용,남,72세,상해없음
2022011400100046,2022년 1월 14일 07시,금요일,부산광역시 사하구 감천동,경상사고,0,0,1,0,차대차 - 기타,안전운전불이행,건조,맑음,기타 - 기타,화물,남,33세,상해없음,특수,남,66세,경상
2022011400100072,2022년 1월 14일 08시,금요일,부산광역시 동구 좌천동,경상사고,0,0,4,0,차대차 - 측면충돌,안전거리미확보,건조,맑음,단일로 - 고가도로위,건설기계,남,72세,상해없음,승용,남,34세,경상
2022011400100073,2022년 1월 14일 08시,금요일,부산광역시 부산진구 부전동,경상사고,0,0,1,0,차대차 - 기타,안전거리미확보,건조,맑음,교차로 - 교차로부근,승용,남,46세,경상,화물,남,53세,상해없음
2022011400100074,2022년 1월 14일 08시,금요일,부산광역시 강서구 미음동,중상사고,0,1,0,0,차대차 - 측면충돌,안전운전불이행,건조,맑음,교차로 - 교차로안,승용,남,41세,상해없음,원동기,남,59세,중상
2022011400100109,2022년 1월 14일 09시,금요일,부산광역시 동구 초량동,경상사고,0,0,1,0,차대차 - 측면충돌,신호위반,건조,맑음,단일로 - 기타,승용,여,35세,상해없음,이륜,남,46세,경상
2022011400100110,2022년 1월 14일 09시,금요일,부산광역시 금정구 장전동,경상사고,0,0,2,0,차대차 - 기타,교차로운행방법위반,건조,맑음,교차로 - 교차로안,이륜,여,26세,경상,승용,남,61세,경상
2022011400100141,2022년 1월 14일 10시,금요일,부산광역시 남구 문현동,경상사고,0,0,1,0,차대차 - 추돌,안전거리미확보,건조,맑음,교차로 - 교차로안,승용,남,61세,상해없음,승용,여,30세,경상