사고번호,사고일시,요일,시군구,사고내용,사망자수,중상자수,경상자수,부상신고자수,사고유형,법규위반,노면상태,기상상태,도로형태,가해운전자 차종,가해운전자 성별,가해운전자 연령,가해운전자 상해정도,피해운전자 차종,피해운전자 성별,피해운전자 연령,피해운전자 상해정도
2022011800100236,2022년 1월 18일 13시,화요일,부산광역시 북구 덕천동,중상사고,0,1,0,0,차대차 - 기타,안전거리미확보,건조,맑음,단일로 - 기타,승용,남,54세,상해없음,원동기,남,64세,중상
2022011800100237,2022년 1월 18일 13시,화요일,부산광역시 영도구 영선동2가,중상사고,0,1,0,0,차대사람 - 횡단중,보행자보호의무위반,건조,맑음,교차로 - 교차로횡단보도내,승용,남,60세,상해없음,보행자,남,54세,중상
2022011800100238,2022년 1월 18일 13시,화요일,부산광역시 해운대구 재송동,경상사고,0,0,2,0,차대차 - 기타,교차로운행방법위반,건조,맑음,교차로 - 교차로안,승용,남,30세,상해없음,승용,남,52세,경상
2022011800100239,2022년 1월 18일 13시,화요일,부산광역시 연제구 연산동,중상사고,0,1,0,0,차대사람 - 횡단중,신호위반,건조,맑음,단일로 - 기타,승합,남,58세,상해없음,보행자,여,82세,중상
2022011800100279,2022년 1월 18일 14시,화요일,부산광역시 북구 만덕동,중상사고,0,1,0,0,차대사람 - 기타,안전운전불이행,건조,맑음,단일로 - 기타,승합,남,60세,상해없음,보행자,남,79세,중상
2022011800100280,2022년 1월 18일 14시,화요일,부산광역시 해운대구 좌동,중상사고,0,1,0,0,차대사람 - 보도통행중,안전운전불이행,건조,맑음,기타 - 기타,자전거,남,10세,상해없음,보행자,여,83세,중상
2022011800100281,2022년 1월 18일 14시,화요일,부산광역시 부산진구 당감동,중상사고,0,1,0,0,차대사람 - 횡단중,안전운전불이행,건조,맑음,단일로 - 기타,승용,남,79세,상해없음,보행자,여,72세,중상
2022011800100321,2022년 1월 18일 15시,화요일,부산광역시 해운대구 반여동,부상신고사고,0,0,0,1,차대차 - 후진중충돌,안전운전불이행,건조,맑음,교차로 - 교차로부근,승용,남,29세,상해없음,승용,여,47세,부상신고
2022011800100366,2022년 1월 18일 16시,화요일,부산광역시 수영구 민락동,부상신고사고,0,0,0,1,차대사람 - 보도통행중,신호위반,건조,맑음,교차로 - 교차로부근,승용,남,75세,상해없음,보행자,여,26세,부상신고
2022011800100367,2022년 1월 18일 16시,화요일,부산광역시 금정구 부곡동,경상사고,0,0,1,0,차대차 - 기타,교차로운행방법위반,건조,맑음,교차로 - 교차로안,승용,여,35세,상해없음,승용,남,29세,경상
2022011800100403,2022년 1월 18일 17시,화요일,부산광역시 동구 좌천동,경상사고,0,0,1,0,차대차 - 측면충돌,안전거리미확보,건조,맑음,단일로 - 기타,승용,남,65세,상해없음,이륜,남,47세,경상
2022011800100404,2022년 1월 18일 17시,화요일,부산광역시 동구 초량동,경상사고,0,0,1,0,차대차 - 측면충돌,교차로운행방법위반,건조,맑음,교차로 - 교차로안,승용,남,29세,경상,승용,남,67세,상해없음
2022011800100515,2022년 1월 18일 19시,화요일,부산광역시 동구 범일동,경상사고,0,0,1,0,차대차 - 기타,교차로운행방법위반,건조,맑음,교차로 - 교차로안,승용,남,43세,상해없음,이륜,남,49세,경상
2022011800100553,2022년 1월 18일 20시,화요일,부산광역시 해운대구 우동,경상사고,0,0,1,0,차대사람 - 횡단중,보행자보호의무위반,건조,맑음,단일로 - 기타,승용,남,51세,상해없음,보행자,남,40세,경상
2022011800100554,2022년 1월 18일 20시,화요일,부산광역시 수영구 망미동,경상사고,0,0,1,0,차대차 - 추돌,안전운전불이행,건조,맑음,단일로 - 기타,승용,남,62세,상해없음,이륜,남,40세,경상
2022011800100591,2022년 1월 18일 21시,화요일,부산광역시 사상구 주례동,경상사고,0,0,1,0,차대차 - 추돌,안전거리미확보,건조,맑음,교차로 - 교차로부근,승용,남,28세,상해없음,이륜,남,24세,경상
2022011900100104,2022년 1월 19일 09시,수요일,부산광역시 해운대구 좌동,경상사고,0,0,1,0,차대차 - 기타,직진우회전진행방해,건조,맑음,교차로 - 교차로안,승용,남,58세,상해없음,이륜,남,39세,경상
2022011900100133,2022년 1월 19일 10시,수요일,부산광역시 수영구 망미동,경상사고,0,0,1,0,차대차 - 기타,차로위반,건조,맑음,단일로 - 기타,화물,남,35세,상해없음,승용,남,61세,상해없음
2022011900100198,2022년 1월 19일 12시,수요일,부산광역시 부산진구 부전동,경상사고,0,0,2,0,차대차 - 측면충돌,안전거리미확보,건조,맑음,단일로 - 기타,화물,남,59세,경상,승용,여,61세,경상
2022011900100218,2022년 1월 19일 13시,수요일,부산광역시 남구 대연동,부상신고사고,0,0,0,2,차대차 - 기타,안전운전불이행,건조,맑음,단일로 - 기타,화물,남,44세,부상신고,화물,남,62세,부상신고
2022011900100219,2022년 1월 19일 13시,수요일,부산광역시 사하구 괴정동,중상사고,0,1,0,0,차대차 - 기타,안전운전불이행,건조,맑음,교차로 - 교차로부근,승합,남,56세,상해없음,이륜,남,61세,중상
2022011900100220,2022년 1월 19일 13시,수요일,부산광역시 사상구 학장동,경상사고,0,0,1,0,차대차 - 측면충돌,교차로운행방법위반,건조,맑음,교차로 - 교차로안,승용,여,36세,상해없음,승용,여,47세,경상
2022011900100235,2022년 1월 19일 14시,수요일,부산광역시 중구 남포동4가,경상사고,0,0,3,0,차대차 - 추돌,안전운전불이행,건조,맑음,교차로 - 교차로부근,승용,남,55세,상해없음,승용,남,21세,경상
2022011900100264,2022년 1월 19일 15시,수요일,부산광역시 수영구 수영동,중상사고,0,1,0,0,차대사람 - 기타,안전운전불이행,건조,맑음,단일로 - 기타,화물,남,43세,상해없음,보행자,여,71세,중상
2022011900100265,2022년 1월 19일 15시,수요일,부산광역시 연제구 연산동,경상사고,0,0,1,1,차대차 - 기타,안전운전불이행,건조,맑음,교차로 - 교차로부근,승용,여,25세,부상신고,이륜,남,48세,경상
2022011900100266,2022년 1월 19일 15시,수요일,부산광역시 강서구 대저1동,경상사고,0,0,1,3,차대차 - 측면충돌,안전운전불이행,건조,맑음,교차로 - 교차로안,화물,남,27세,상해없음,화물,남,54세,경상
2022011900100267,2022년 1월 19일 15시,수요일,부산광역시 사상구 엄궁동,중상사고,0,1,0,0,차대사람 - 보도통행중,중앙선침범,건조,맑음,교차로 - 교차로부근,승용,여,63세,상해없음,보행자,남,72세,중상
2022011900100287,2022년 1월 19일 16시,수요일,부산광역시 연제구 연산동,중상사고,0,1,0,0,차대사람 - 횡단중,보행자보호의무위반,건조,맑음,교차로 - 교차로횡단보도내,화물,남,61세,상해없음,보행자,남,58세,중상
2022011900100352,2022년 1월 19일 18시,수요일,부산광역시 남구 문현동,중상사고,0,1,1,0,차대차 - 측면충돌,직진우회전진행방해,건조,맑음,교차로 - 교차로안,승용,남,45세,기타불명,승용,남,83세,중상
2022011900100353,2022년 1월 19일 18시,수요일,부산광역시 남구 용호동,경상사고,0,0,2,0,차대차 - 기타,안전운전불이행,건조,맑음,기타 - 기타,승용,남,43세,경상,승용,남,30세,경상
2022011900100354,2022년 1월 19일 18시,수요일,부산광역시 해운대구 재송동,경상사고,0,0,1,0,차대차 - 추돌,안전거리미확보,건조,맑음,단일로 - 기타,승용,여,69세,상해없음,승합,남,51세,경상
2022011900100395,2022년 1월 19일 19시,수요일,부산광역시 사하구 괴정동,경상사고,0,0,1,0,차대사람 - 기타,안전운전불이행,건조,맑음,단일로 - 지하차도(도로)내,승용,남,62세,상해없음,보행자,남,69세,경상
2022011900100417,2022년 1월 19일 20시,수요일,부산광역시 부산진구 전포동,중상사고,0,1,2,0,차대차 - 기타,안전운전불이행,건조,맑음,교차로 - 교차로안,승용,남,42세,상해없음,승용,남,78세,중상
2022011900100439,2022년 1월 19일 21시,수요일,부산광역시 부산진구 부전동,중상사고,0,1,0,0,차대사람 - 횡단중,안전운전불이행,건조,맑음,단일로 - 기타,승용,남,57세,상해없음,보행자,여,21세,중상
2022011900100486,2022년 1월 19일 23시,수요일,부산광역시 수영구 민락동,중상사고,0,1,0,0,차대차 - 정면충돌,중앙선침범,건조,맑음,단일로 - 기타,이륜,남,25세,중상,승용,남,64세,상해없음
2022012000100042,2022년 1월 20일 07시,목요일,부산광역시 사상구 주례동,경상사고,0,0,1,0,차대차 - 추돌,안전운전불이행,건조,맑음,교차로 - 교차로안,승용,남,51세,상해없음,이륜,남,30세,경상
2022012000100057,2022년 1월 20일 08시,목요일,부산광역시 강서구 대저2동,중상사고,0,1,0,1,차대차 - 측면충돌,신호위반,건조,맑음,교차로 - 교차로안,화물,남,26세,부상신고,승용,남,66세,중상
2022012000100114,2022년 1월 20일 10시,목요일,부산광역시 동구 좌천동,경상사고,0,0,1,0,차대차 - 추돌,안전운전불이행,건조,맑음,단일로 - 기타,승용,여,50세,상해없음,승합,남,30세,경상
2022012000100115,2022년 1월 20일 10시,목요일,부산광역시 금정구 청룡동,부상신고사고,0,0,0,1,차대차 - 추돌,안전거리미확보,건조,맑음,교차로 - 교차로부근,승용,남,20세,상해없음,승용,남,23세,부상신고
2022012000100144,2022년 1월 20일 11시,목요일,부산광역시 사하구 장림동,경상사고,0,0,1,0,차대차 - 추돌,안전거리미확보,건조,맑음,단일로 - 기타,승용,남,65세,상해없음,화물,남,57세,경상
2022012000100183,2022년 1월 20일 12시,목요일,부산광역시 중구 동광동5가,중상사고,0,1,0,0,차대차 - 측면충돌,안전운전불이행,건조,맑음,단일로 - 기타,이륜,남,76세,중상,승용,여,63세,상해없음
2022012000100184,2022년 1월 20일 12시,목요일,부산광역시 수영구 남천동,경상사고,0,0,1,0,차대차 - 측면충돌,신호위반,건조,맑음,교차로 - 교차로안,승용,여,30세,상해없음,이륜,남,42세,경상
2022012000100185,2022년 1월 20일 12시,목요일,부산광역시 금정구 서동,경상사고,0,0,1,1,차대차 - 측면충돌,교차로운행방법위반,건조,맑음,교차로 - 교차로안,이륜,남,38세,경상,승용,남,27세,부상신고
2022012000100186,2022년 1월 20일 12시,목요일,부산광역시 기장군 정관읍,경상사고,0,0,1,0,차대차 - 추돌,안전운전불이행,건조,맑음,교차로 - 교차로부근,승용,여,37세,상해없음,이륜,남,37세,경상
2022012000100212,2022년 1월 20일 13시,목요일,부산광역시 남구 감만동,사망사고,1,0,0,0,차대사람 - 횡단중,보행자보호의무위반,건조,맑음,단일로 - 기타,화물,남,74세,상해없음,보행자,남,75세,사망
2022012000100213,2022년 1월 20일 13시,목요일,부산광역시 동래구 안락동,중상사고,0,1,0,1,차대차 - 측면충돌,안전운전불이행,건조,맑음,단일로 - 기타,승합,남,41세,중상,승용,여,59세,부상신고
2022012000100214,2022년 1월 20일 13시,목요일,부산광역시 연제구 연산동,경상사고,0,0,1,0,차대차 - 기타,직진우회전진행방해,건조,맑음,단일로 - 기타,승용,남,32세,상해없음,이륜,남,21세,경상
2022012000100240,2022년 1월 20일 14시,목요일,부산광역시 동래구 온천동,경상사고,0,0,1,0,차대차 - 측면충돌,안전운전불이행,건조,맑음,교차로 - 교차로안,승용,여,52세,기타불명,승합,남,41세,경상
2022012000100241,2022년 1월 20일 14시,목요일,부산광역시 동래구 명륜동,중상사고,0,1,0,0,차대사람 - 횡단중,신호위반,건조,맑음,단일로 - 기타,승용,남,25세,상해없음,보행자,여,62세,중상
2022012000100269,2022년 1월 20일 15시,목요일,부산광역시 부산진구 연지동,경상사고,0,0,1,0,차대차 - 추돌,교차로운행방법위반,건조,맑음,교차로 - 교차로안,승합,남,74세,상해없음,화물,남,30세,경상
2022012000100305,2022년 1월 20일 16시,목요일,부산광역시 동구 초량동,경상사고,0,0,1,0,차대사람 - 기타,안전운전불이행,건조,맑음,단일로 - 기타,승합,남,59세,상해없음,보행자,여,45세,경상
2022012000100306,2022년 1월 20일 16시,목요일,부산광역시 남구 용호동,중상사고,0,1,0,0,차대사람 - 횡단중,안전운전불이행,건조,맑음,단일로 - 기타,승용,남,55세,상해없음,보행자,여,4세,중상
2022012000100341,2022년 1월 20일 17시,목요일,부산광역시 동구 초량동,중상사고,0,1,0,0,차량단독 - 기타,안전운전불이행,건조,맑음,단일로 - 기타,승합,남,60세,상해없음,,,,
2022012000100342,2022년 1월 20일 17시,목요일,부산광역시 남구 문현동,중상사고,0,2,2,0,차대차 - 추돌,안전운전불이행,건조,맑음,교차로 - 교차로부근,승용,남,23세,상해없음,승용,여,44세,중상
2022012000100343,2022년 1월 20일 17시,목요일,부산광역시 수영구 광안동,경상사고,0,0,1,0,차대차 - 기타,안전거리미확보,건조,맑음,단일로 - 기타,승용,남,63세,상해없음,승합,남,50세,상해없음
2022012000100344,2022년 1월 20일 17시,목요일,부산광역시 해운대구 재송동,경상사고,0,0,2,0,차대사람 - 기타,보행자보호의무위반,적설,맑음,단일로 - 기타,화물,남,60세,상해없음,보행자,남,70세,경상
2022012000100345,2022년 1월 20일 17시,목요일,부산광역시 강서구 녹산동,중상사고,0,1,0,0,차대차 - 기타,신호위반,건조,맑음,단일로 - 기타,승용,여,25세,상해없음,승용,남,46세,중상
2022012000100382,2022년 1월 20일 18시,목요일,부산광역시 남구 용호동,경상사고,0,0,1,0,차대차 - 기타,안전운전불이행,건조,맑음,단일로 - 기타,이륜,남,55세,상해없음,승용,남,24세,상해없음
2022012000100383,2022년 1월 20일 18시,목요일,부산광역시 해운대구 반여동,경상사고,0,0,1,0,차대사람 - 기타,안전운전불이행,건조,맑음,단일로 - 기타,승용,남,45세,상해없음,보행자,남,26세,경상
2022012000100384,2022년 1월 20일 18시,목요일,부산광역시 강서구 신호동,중상사고,0,1,0,0,차대차 - 추돌,안전거리미확보,건조,맑음,단일로 - 기타,승용,여,32세,상해없음,승용,여,47세,중상
2022012000100385,2022년 1월 20일 18시,목요일,부산광역시 강서구 명지동,경상사고,0,0,1,0,차대차 - 추돌,안전운전불이행,건조,맑음,교차로 - 교차로부근,승용,여,45세,상해없음,승용,남,35세,경상
2022012000100487,2022년 1월 20일 20시,목요일,부산광역시 부산진구 전포동,경상사고,0,0,2,0,차대차 - 측면충돌,안전거리미확보,건조,맑음,교차로 - 교차로안,승용,여,30세,상해없음,승용,여,22세,경상
2022012000100488,2022년 1월 20일 20시,목요일,부산광역시 사상구 덕포동,중상사고,0,1,0,0,차대차 - 추돌,안전운전불이행,건조,맑음,단일로 - 기타,화물,남,30세,상해없음,승용,남,34세,중상
2022012000100513,2022년 1월 20일 21시,목요일,부산광역시 부산진구 전포동,경상사고,0,0,1,0,차대차 - 측면충돌,안전운전불이행,건조,맑음,교차로 - 교차로안,승용,남,63세,상해없음,이륜,남,29세,경상
2022012000100555,2022년 1월 20일 22시,목요일,부산광역시 동구 범일동,경상사고,0,0,4,2,차대차 - 기타,신호위반,건조,맑음,교차로 - 교차로안,이륜,남,28세,부상신고,승합,남,41세,경상
2022012000100556,2022년 1월 20일 22시,목요일,부산광역시 북구 덕천동,경상사고,0,0,1,0,차대사람 - 차도통행중,안전운전불이행,건조,맑음,기타 - 기타,승용,남,64세,상해없음,보행자,남,27세,경상
2022012000100557,2022년 1월 20일 22시,목요일,부산광역시 동래구 사직동,경상사고,0,0,2,0,차대차 - 측면충돌,신호위반,건조,맑음,교차로 - 교차로부근,승용,남,52세,상해없음,승용,남,68세,경상
2022012100100017,2022년 1월 21일 04시,금요일,부산광역시 동구 좌천동,중상사고,0,1,0,0,차량단독 - 공작물충돌,안전운전불이행,건조,맑음,단일로 - 기타,이륜,남,23세,중상,,,,
2022012100100018,2022년 1월 21일 04시,금요일,부산광역시 연제구 거제동,중상사고,0,1,0,0,차대사람 - 횡단중,보행자보호의무위반,건조,맑음,단일로 - 기타,승용,남,50세,상해없음,보행자,남,67세,중상
2022012100100039,2022년 1월 21일 06시,금요일,부산광역시 북구 덕천동,중상사고,0,1,0,0,차대차 - 기타,신호위반,건조,맑음,교차로 - 교차로안,화물,여,68세,상해없음,원동기,남,52세,중상
2022012100100040,2022년 1월 21일 06시,금요일,부산광역시 해운대구 우동,경상사고,0,0,1,0,차대차 - 측면충돌,신호위반,건조,맑음,교차로 - 교차로부근,승용,남,37세,상해없음,승용,여,64세,경상
2022012100100087,2022년 1월 21일 08시,금요일,부산광역시 부산진구 개금동,경상사고,0,0,2,0,차대차 - 측면충돌,교차로운행방법위반,건조,맑음,교차로 - 교차로부근,승용,여,46세,상해없음,화물,남,66세,경상
2022012100100136,2022년 1월 21일 09시,금요일,부산광역시 서구 서대신동2가,경상사고,0,0,1,0,차대차 - 추돌,안전운전불이행,건조,맑음,단일로 - 기타,승용,여,58세,상해없음,승용,남,49세,경상
2022012100100206,2022년 1월 21일 11시,금요일,부산광역시 동구 초량동,중상사고,0,1,0,0,차대차 - 기타,안전운전불이행,건조,맑음,단일로 - 기타,승용,남,69세,상해없음,이륜,남,60세,중상
2022012100100207,2022년 1월 21일 11시,금요일,부산광역시 동래구 명륜동,중상사고,0,1,0,0,차대차 - 측면충돌,안전거리미확보,건조,맑음,교차로 - 교차로부근,승용,여,50세,상해없음,이륜,남,59세,중상
2022012100100208,2022년 1월 21일 11시,금요일,부산광역시 부산진구 부전동,부상신고사고,0,0,0,2,차대차 - 추돌,안전운전불이행,건조,맑음,단일로 - 기타,승용,남,23세,상해없음,승용,여,42세,부상신고
2022012100100209,2022년 1월 21일 11시,금요일,부산광역시 금정구 구서동,경상사고,0,0,1,0,차대차 - 정면충돌,중앙선침범,건조,맑음,교차로 - 교차로부근,승용,남,69세,상해없음,승용,남,59세,경상
2022012100100210,2022년 1월 21일 11시,금요일,부산광역시 강서구 명지동,중상사고,0,1,0,0,차대사람 - 횡단중,신호위반,건조,맑음,단일로 - 기타,이륜,남,31세,상해없음,보행자,여,68세,중상
2022012100100246,2022년 1월 21일 12시,금요일,부산광역시 남구 용호동,경상사고,0,0,2,0,차대차 - 측면충돌,안전운전불이행,건조,맑음,교차로 - 교차로부근,승용,여,51세,상해없음,승용,남,31세,경상
2022012100100247,2022년 1월 21일 12시,금요일,부산광역시 부산진구 부전동,경상사고,0,0,1,0,차대차 - 측면충돌,교차로운행방법위반,건조,맑음,교차로 - 교차로안,이륜,남,22세,경상,승용,남,72세,상해없음
2022012100100248,2022년 1월 21일 12시,금요일,부산광역시 금정구 구서동,중상사고,0,1,0,0,차대차 - 측면충돌,기타,건조,맑음,단일로 - 기타,승용,여,51세,상해없음,이륜,남,68세,중상
2022012100100249,2022년 1월 21일 12시,금요일,부산광역시 금정구 서동,경상사고,0,0,1,0,차대사람 - 횡단중,보행자보호의무위반,건조,맑음,교차로 - 교차로부근,승용,남,50세,상해없음,보행자,남,67세,경상
2022012100100292,2022년 1월 21일 13시,금요일,부산광역시 서구 서대신동2가,중상사고,0,1,0,0,차대차 - 측면충돌,안전운전불이행,건조,맑음,교차로 - 교차로안,승용,여,47세,상해없음,원동기,남,51세,중상
2022012100100322,2022년 1월 21일 14시,금요일,부산광역시 연제구 연산동,경상사고,0,0,1,0,차대차 - 기타,안전거리미확보,건조,맑음,단일로 - 기타,이륜,남,33세,상해없음,이륜,남,41세,경상
2022012100100355,2022년 1월 21일 15시,금요일,부산광역시 부산진구 전포동,경상사고,0,0,1,0,차대사람 - 차도통행중,안전운전불이행,건조,맑음,단일로 - 기타,승용,남,74세,상해없음,보행자,남,43세,경상
2022012100100356,2022년 1월 21일 15시,금요일,부산광역시 부산진구 부암동,경상사고,0,0,1,0,차대차 - 정면충돌,신호위반,건조,맑음,교차로 - 교차로안,화물,남,64세,상해없음,승합,남,42세,경상
2022012100100357,2022년 1월 21일 15시,금요일,부산광역시 기장군 일광읍,경상사고,0,0,1,0,차대차 - 추돌,안전운전불이행,건조,맑음,교차로 - 교차로부근,승용,여,50세,상해없음,승용,남,29세,경상
2022012100100404,2022년 1월 21일 16시,금요일,부산광역시 동래구 온천동,중상사고,0,1,0,0,차대사람 - 차도통행중,보행자보호의무위반,건조,맑음,교차로 - 교차로부근,승용,남,50세,상해없음,보행자,남,10세,중상
2022012100100405,2022년 1월 21일 16시,금요일,부산광역시 해운대구 우동,경상사고,0,0,1,0,차대사람 - 횡단중,신호위반,건조,맑음,교차로 - 교차로부근,화물,남,42세,상해없음,보행자,여,20세,경상
2022012100100406,2022년 1월 21일 16시,금요일,부산광역시 부산진구 부암동,중상사고,0,1,0,0,차대사람 - 기타,안전운전불이행,건조,맑음,기타 - 기타,승용,여,39세,상해없음,보행자,여,73세,중상
2022012100100407,2022년 1월 21일 16시,금요일,부산광역시 부산진구 부전동,경상사고,0,0,1,0,차대사람 - 횡단중,안전운전불이행,건조,맑음,단일로 - 기타,승용,남,23세,상해없음,보행자,여,51세,경상
2022012100100408,2022년 1월 21일 16시,금요일,부산광역시 금정구 남산동,경상사고,0,0,1,0,차대차 - 측면충돌,안전운전불이행,건조,맑음,단일로 - 기타,화물,남,72세,상해없음,승용,남,47세,경상
2022012100100455,2022년 1월 21일 17시,금요일,부산광역시 부산진구 전포동,경상사고,0,0,2,1,차대차 - 측면충돌,안전거리미확보,건조,맑음,단일로 - 기타,승용,남,39세,경상,특수,남,33세,부상신고
2022012100100502,2022년 1월 21일 18시,금요일,부산광역시 해운대구 재송동,경상사고,0,0,2,0,차대차 - 측면충돌,신호위반,건조,맑음,단일로 - 기타,승용,여,24세,상해없음,승용,남,37세,경상
2022012100100570,2022년 1월 21일 19시,금요일,부산광역시 북구 덕천동,경상사고,0,0,1,0,차대사람 - 횡단중,안전운전불이행,건조,맑음,기타 - 기타,화물,남,72세,상해없음,보행자,남,67세,경상
2022012100100571,2022년 1월 21일 19시,금요일,부산광역시 사하구 하단동,경상사고,0,0,1,0,차대차 - 측면충돌,안전운전불이행,건조,맑음,교차로 - 교차로부근,승용,남,67세,상해없음,승용,남,66세,경상
2022012100100572,2022년 1월 21일 19시,금요일,부산광역시 연제구 연산동,경상사고,0,0,1,0,차대사람 - 기타,안전운전불이행,건조,맑음,단일로 - 기타,승합,남,40세,상해없음,보행자,여,74세,경상
2022012100100651,2022년 1월 21일 21시,금요일,부산광역시 수영구 수영동,부상신고사고,0,0,0,1,차대차 - 측면충돌,안전거리미확보,건조,맑음,단일로 - 기타,승용,남,67세,상해없음,원동기,남,40세,부상신고
2022012100100652,2022년 1월 21일 21시,금요일,부산광역시 수영구 광안동,경상사고,0,0,1,0,차대차 - 측면충돌,안전운전불이행,건조,맑음,교차로 - 교차로안,화물,남,48세,상해없음,이륜,남,46세,경상
2022012100100653,2022년 1월 21일 21시,금요일,부산광역시 사하구 하단동,중상사고,0,1,0,0,차대차 - 기타,차로위반,건조,맑음,단일로 - 기타,승용,남,33세,상해없음,이륜,남,19세,기타불명
2022012100100697,2022년 1월 21일 22시,금요일,부산광역시 부산진구 부전동,중상사고,0,1,1,0,차대차 - 측면충돌,직진우회전진행방해,건조,맑음,교차로 - 교차로안,승용,남,57세,경상,이륜,남,39세,중상
2022012200100005,2022년 1월 22일 00시,토요일,부산광역시 동구 좌천동,경상사고,0,0,1,1,차대차 - 측면충돌,차로위반,건조,맑음,단일로 - 기타,승용,남,31세,부상신고,승용,남,57세,경상
2022012200100011,2022년 1월 22일 01시,토요일,부산광역시 사하구 하단동,경상사고,0,0,1,0,차대차 - 기타,안전거리미확보,건조,맑음,단일로 - 기타,승용,남,58세,상해없음,승용,남,26세,경상
2022012200100012,2022년 1월 22일 02시,토요일,부산광역시 북구 만덕동,중상사고,0,1,1,0,차대차 - 측면충돌,기타,건조,맑음,단일로 - 터널,승용,남,27세,상해없음,승합,남,68세,경상
2022012200100013,2022년 1월 22일 02시,토요일,부산광역시 금정구 부곡동,중상사고,0,1,0,1,차대차 - 측면충돌,기타,건조,맑음,교차로 - 교차로안,이륜,남,24세,중상,승용,남,53세,부상신고
2022012200100017,2022년 1월 22일 03시,토요일,부산광역시 해운대구 반여동,중상사고,0,1,0,0,차대사람 - 기타,안전운전불이행,건조,맑음,단일로 - 기타,승용,남,46세,상해없음,보행자,남,24세,중상
2022012200100056,2022년 1월 22일 08시,토요일,부산광역시 북구 만덕동,경상사고,0,0,2,0,차대차 - 측면충돌,안전운전불이행,건조,맑음,단일로 - 교량,승용,남,73세,상해없음,승용,남,65세,경상
2022012200100057,2022년 1월 22일 08시,토요일,부산광역시 사상구 괘법동,경상사고,0,0,1,0,차대차 - 기타,안전거리미확보,건조,맑음,단일로 - 기타,승용,남,64세,상해없음,화물,남,53세,상해없음
2022012200100091,2022년 1월 22일 10시,토요일,부산광역시 수영구 광안동,경상사고,0,0,1,0,차대차 - 기타,안전거리미확보,건조,맑음,단일로 - 기타,승용,남,50세,상해없음,승합,남,64세,상해없음
2022012200100092,2022년 1월 22일 10시,토요일,부산광역시 남구 대연동,경상사고,0,0,1,0,차대차 - 측면충돌,안전운전불이행,건조,맑음,기타 - 기타,승용,여,58세,상해없음,승용,여,27세,경상
2022012200100093,2022년 1월 22일 10시,토요일,부산광역시 동래구 온천동,경상사고,0,0,1,0,차대사람 - 기타,안전운전불이행,건조,맑음,교차로 - 교차로부근,기타불명,기타불명,미분류,기타불명,보행자,여,67세,경상
2022012200100094,2022년 1월 22일 10시,토요일,부산광역시 금정구 부곡동,경상사고,0,0,2,0,차대차 - 추돌,안전거리미확보,건조,맑음,단일로 - 기타,승용,남,29세,상해없음,승용,여,41세,경상
2022012200100095,2022년 1월 22일 10시,토요일,부산광역시 기장군 기장읍,경상사고,0,0,1,0,차대차 - 기타,안전운전불이행,건조,맑음,교차로 - 교차로안,자전거,남,47세,경상,승용,남,67세,상해없음
2022012200100129,2022년 1월 22일 11시,토요일,부산광역시 연제구 연산동,경상사고,0,0,5,0,차대차 - 기타,교차로운행방법위반,건조,맑음,교차로 - 교차로안,승용,남,45세,경상,승용,남,65세,경상
2022012200100130,2022년 1월 22일 11시,토요일,부산광역시 연제구 연산동,중상사고,0,1,4,0,차대차 - 기타,교차로운행방법위반,건조,맑음,교차로 - 교차로안,승용,남,64세,경상,이륜,남,37세,중상
2022012200100164,2022년 1월 22일 12시,토요일,부산광역시 사상구 삼락동,경상사고,0,0,1,0,차대차 - 측면충돌,안전운전불이행,건조,맑음,단일로 - 기타,승용,남,47세,상해없음,승용,여,32세,경상
2022012200100165,2022년 1월 22일 12시,토요일,부산광역시 사상구 주례동,사망사고,1,0,0,0,차량단독 - 기타,안전운전불이행,건조,맑음,교차로 - 교차로안,자전거,남,73세,사망,,,,
2022012200100200,2022년 1월 22일 13시,토요일,부산광역시 북구 덕천동,경상사고,0,0,2,0,차대차 - 기타,안전운전불이행,건조,맑음,단일로 - 기타,승합,남,43세,기타불명,승용,여,48세,경상
2022012200100201,2022년 1월 22일 13시,토요일,부산광역시 금정구 구서동,경상사고,0,0,1,0,차대사람 - 횡단중,안전운전불이행,건조,맑음,교차로 - 교차로부근,승용,여,45세,상해없음,보행자,여,43세,경상
2022012200100202,2022년 1월 22일 13시,토요일,부산광역시 금정구 구서동,경상사고,0,0,2,0,차대차 - 측면충돌,신호위반,건조,맑음,교차로 - 교차로안,승용,남,87세,기타불명,승용,남,65세,경상
2022012200100237,2022년 1월 22일 14시,토요일,부산광역시 금정구 부곡동,중상사고,0,1,1,0,차대차 - 기타,안전거리미확보,건조,맑음,단일로 - 기타,이륜,남,48세,경상,이륜,남,63세,중상
2022012200100263,2022년 1월 22일 15시,토요일,부산광역시 중구 남포동5가,중상사고,0,1,2,0,차대차 - 기타,기타,건조,맑음,단일로 - 기타,화물,남,66세,상해없음,이륜,여,70세,중상
2022012200100264,2022년 1월 22일 15시,토요일,부산광역시 연제구 거제동,경상사고,0,0,3,0,차대차 - 기타,차로위반,건조,맑음,단일로 - 기타,승용,남,69세,상해없음,승용,남,37세,상해없음
2022012200100300,2022년 1월 22일 16시,토요일,부산광역시 사하구 장림동,경상사고,0,0,1,0,차대차 - 기타,안전거리미확보,건조,맑음,교차로 - 교차로부근,화물,남,38세,경상,승용,남,61세,상해없음