사고번호,사고일시,요일,시군구,사고내용,사망자수,중상자수,경상자수,부상신고자수,사고유형,법규위반,노면상태,기상상태,도로형태,가해운전자 차종,가해운전자 성별,가해운전자 연령,가해운전자 상해정도,피해운전자 차종,피해운전자 성별,피해운전자 연령,피해운전자 상해정도
2022022300100422,2022년 2월 23일 21시,수요일,부산광역시 북구 덕천동,경상사고,0,0,2,0,차대차 - 측면충돌,안전운전불이행,건조,맑음,단일로 - 기타,승용,남,30세,상해없음,이륜,남,38세,경상
2022022300100423,2022년 2월 23일 21시,수요일,부산광역시 사하구 신평동,중상사고,0,1,0,0,차대차 - 측면충돌,신호위반,건조,맑음,교차로 - 교차로안,승용,남,24세,상해없음,승용,여,50세,중상
2022022300100444,2022년 2월 23일 22시,수요일,부산광역시 사하구 하단동,중상사고,0,1,0,0,차대차 - 기타,안전운전불이행,건조,맑음,단일로 - 지하차도(도로)내,승용,여,35세,상해없음,자전거,남,66세,중상
2022022300100445,2022년 2월 23일 22시,수요일,부산광역시 강서구 녹산동,경상사고,0,0,1,0,차대차 - 추돌,안전거리미확보,건조,맑음,교차로 - 교차로부근,승용,남,31세,상해없음,승용,남,42세,경상
2022022400100005,2022년 2월 24일 01시,목요일,부산광역시 금정구 구서동,경상사고,0,0,1,0,차대차 - 추돌,안전운전불이행,건조,맑음,기타 - 기타,승용,남,41세,상해없음,승용,남,51세,경상
2022022400100023,2022년 2월 24일 06시,목요일,부산광역시 동래구 온천동,경상사고,0,0,1,0,차대차 - 기타,신호위반,건조,맑음,단일로 - 기타,승합,남,52세,상해없음,자전거,남,81세,경상
2022022400100045,2022년 2월 24일 07시,목요일,부산광역시 사상구 감전동,경상사고,0,0,1,0,차대차 - 측면충돌,안전운전불이행,건조,맑음,단일로 - 기타,건설기계,남,53세,기타불명,승용,남,31세,경상
2022022400100067,2022년 2월 24일 08시,목요일,부산광역시 남구 대연동,경상사고,0,0,1,0,차대차 - 측면충돌,안전운전불이행,건조,맑음,단일로 - 기타,승용,여,29세,경상,승용,남,48세,상해없음
2022022400100068,2022년 2월 24일 08시,목요일,부산광역시 수영구 광안동,경상사고,0,0,1,0,차대차 - 측면충돌,기타,건조,맑음,교차로 - 교차로부근,승용,여,55세,기타불명,승용,여,28세,경상
2022022400100069,2022년 2월 24일 08시,목요일,부산광역시 금정구 장전동,경상사고,0,0,1,0,차대차 - 추돌,기타,건조,맑음,교차로 - 교차로부근,승용,여,55세,상해없음,승용,남,36세,경상
2022022400100099,2022년 2월 24일 09시,목요일,부산광역시 부산진구 부암동,중상사고,0,1,0,0,차대차 - 측면충돌,안전거리미확보,건조,맑음,기타 - 기타,승용,남,79세,상해없음,승용,여,67세,중상
2022022400100100,2022년 2월 24일 09시,목요일,부산광역시 금정구 부곡동,경상사고,0,0,2,0,차대차 - 측면충돌,안전운전불이행,건조,맑음,교차로 - 교차로안,승용,남,25세,상해없음,승용,남,44세,경상
2022022400100101,2022년 2월 24일 09시,목요일,부산광역시 강서구 대저2동,중상사고,0,2,0,0,차대차 - 기타,신호위반,건조,맑음,교차로 - 교차로안,승용,남,78세,상해없음,승용,남,57세,상해없음
2022022400100130,2022년 2월 24일 10시,목요일,부산광역시 남구 대연동,중상사고,0,1,0,0,차대차 - 추돌,기타,건조,맑음,교차로 - 교차로안,승용,여,66세,상해없음,이륜,남,33세,중상
2022022400100181,2022년 2월 24일 12시,목요일,부산광역시 서구 충무동1가,부상신고사고,0,0,0,1,차량단독 - 기타,안전운전불이행,건조,맑음,교차로 - 교차로부근,승합,남,60세,상해없음,,,,
2022022400100182,2022년 2월 24일 12시,목요일,부산광역시 수영구 망미동,경상사고,0,0,1,0,차대차 - 측면충돌,안전운전불이행,건조,맑음,교차로 - 교차로안,승용,여,34세,상해없음,이륜,남,39세,경상
2022022400100183,2022년 2월 24일 12시,목요일,부산광역시 사상구 덕포동,중상사고,0,1,0,0,차대사람 - 횡단중,신호위반,건조,맑음,교차로 - 교차로횡단보도내,이륜,남,55세,상해없음,보행자,여,28세,중상
2022022400100217,2022년 2월 24일 13시,목요일,부산광역시 동래구 명장동,경상사고,0,0,1,0,차대사람 - 기타,안전운전불이행,건조,맑음,단일로 - 기타,승용,여,46세,상해없음,보행자,여,59세,경상
2022022400100234,2022년 2월 24일 14시,목요일,부산광역시 서구 충무동2가,중상사고,0,1,0,0,차대사람 - 횡단중,보행자보호의무위반,건조,맑음,교차로 - 교차로횡단보도내,승용,남,50세,상해없음,보행자,남,44세,중상
2022022400100235,2022년 2월 24일 14시,목요일,부산광역시 남구 감만동,경상사고,0,0,1,0,차대차 - 추돌,기타,건조,맑음,교차로 - 교차로부근,화물,남,57세,상해없음,승용,남,28세,경상
2022022400100236,2022년 2월 24일 14시,목요일,부산광역시 해운대구 우동,경상사고,0,0,1,0,차대차 - 측면충돌,안전거리미확보,건조,맑음,단일로 - 기타,승용,여,41세,상해없음,승용,남,48세,경상
2022022400100273,2022년 2월 24일 15시,목요일,부산광역시 해운대구 우동,경상사고,0,0,1,0,차대차 - 기타,신호위반,건조,맑음,교차로 - 교차로안,승용,여,27세,상해없음,이륜,남,38세,경상
2022022400100274,2022년 2월 24일 15시,목요일,부산광역시 사하구 장림동,중상사고,0,1,0,0,차대사람 - 기타,안전운전불이행,건조,맑음,단일로 - 기타,승용,남,40세,상해없음,보행자,여,82세,중상
2022022400100275,2022년 2월 24일 15시,목요일,부산광역시 수영구 망미동,경상사고,0,0,1,0,차대차 - 측면충돌,교차로운행방법위반,건조,맑음,교차로 - 교차로부근,승용,여,65세,상해없음,승용,남,41세,경상
2022022400100309,2022년 2월 24일 16시,목요일,부산광역시 수영구 남천동,경상사고,0,0,1,0,차대사람 - 횡단중,보행자보호의무위반,건조,맑음,교차로 - 교차로횡단보도내,승용,여,64세,상해없음,보행자,여,30세,경상
2022022400100344,2022년 2월 24일 17시,목요일,부산광역시 영도구 동삼동,경상사고,0,0,1,0,차대차 - 측면충돌,기타,건조,맑음,기타 - 기타,이륜,남,54세,경상,승용,남,33세,상해없음
2022022400100345,2022년 2월 24일 17시,목요일,부산광역시 해운대구 재송동,경상사고,0,0,1,0,차대사람 - 횡단중,보행자보호의무위반,건조,맑음,교차로 - 교차로안,승합,남,67세,상해없음,보행자,여,21세,경상
2022022400100346,2022년 2월 24일 17시,목요일,부산광역시 금정구 노포동,경상사고,0,0,1,0,차대차 - 측면충돌,안전운전불이행,건조,맑음,단일로 - 기타,원동기,남,68세,경상,승용,여,46세,상해없음
2022022400100347,2022년 2월 24일 17시,목요일,부산광역시 사하구 당리동,경상사고,0,0,1,0,차량단독 - 기타,기타,건조,맑음,단일로 - 기타,승합,남,55세,상해없음,,,,
2022022400100384,2022년 2월 24일 18시,목요일,부산광역시 연제구 거제동,경상사고,0,0,1,0,차대차 - 기타,교차로운행방법위반,건조,맑음,교차로 - 교차로안,승용,여,39세,상해없음,승용,남,63세,경상
2022022400100385,2022년 2월 24일 18시,목요일,부산광역시 기장군 장안읍,중상사고,0,1,1,0,차대차 - 기타,신호위반,건조,맑음,교차로 - 교차로안,승용,남,50세,경상,승용,여,30세,중상
2022022400100422,2022년 2월 24일 19시,목요일,부산광역시 동구 초량동,경상사고,0,0,1,0,차대사람 - 차도통행중,안전운전불이행,건조,맑음,단일로 - 지하차도(도로)내,승용,남,50세,상해없음,보행자,남,58세,경상
2022022400100423,2022년 2월 24일 19시,목요일,부산광역시 남구 감만동,경상사고,0,0,1,0,차대차 - 측면충돌,안전운전불이행,건조,맑음,교차로 - 교차로안,승용,여,32세,상해없음,승용,남,70세,경상
2022022400100424,2022년 2월 24일 19시,목요일,부산광역시 수영구 광안동,경상사고,0,0,2,0,차대차 - 측면충돌,안전운전불이행,건조,맑음,교차로 - 교차로부근,승용,여,70세,상해없음,승용,남,28세,경상
2022022400100454,2022년 2월 24일 20시,목요일,부산광역시 수영구 광안동,중상사고,0,1,0,0,차대차 - 기타,안전운전불이행,건조,맑음,교차로 - 교차로부근,승용,남,54세,상해없음,이륜,남,33세,중상
2022022400100455,2022년 2월 24일 20시,목요일,부산광역시 강서구 송정동,사망사고,1,0,0,0,차대차 - 측면충돌,신호위반,건조,맑음,교차로 - 교차로안,화물,남,40세,상해없음,자전거,남,33세,사망
2022022400100456,2022년 2월 24일 20시,목요일,부산광역시 사상구 모라동,경상사고,0,0,1,0,차대차 - 정면충돌,신호위반,건조,맑음,교차로 - 교차로안,이륜,여,60세,경상,화물,남,48세,상해없음
2022022400100476,2022년 2월 24일 21시,목요일,부산광역시 동구 범일동,부상신고사고,0,0,0,1,차대차 - 측면충돌,안전거리미확보,건조,맑음,교차로 - 교차로안,이륜,남,28세,부상신고,승용,남,30세,상해없음
2022022400100477,2022년 2월 24일 21시,목요일,부산광역시 북구 화명동,중상사고,0,1,0,0,차대사람 - 횡단중,안전운전불이행,건조,맑음,단일로 - 지하차도(도로)내,승용,남,64세,상해없음,보행자,남,62세,중상
2022022400100478,2022년 2월 24일 21시,목요일,부산광역시 동래구 온천동,부상신고사고,0,0,0,1,차대사람 - 기타,안전운전불이행,건조,맑음,단일로 - 기타,승합,남,48세,상해없음,보행자,남,53세,부상신고
2022022400100506,2022년 2월 24일 22시,목요일,부산광역시 남구 문현동,중상사고,0,1,0,0,차대사람 - 기타,안전운전불이행,건조,맑음,단일로 - 기타,승용,남,51세,상해없음,보행자,남,64세,중상
2022022400100508,2022년 2월 24일 22시,목요일,부산광역시 사하구 하단동,중상사고,0,1,0,0,차대사람 - 횡단중,보행자보호의무위반,건조,맑음,교차로 - 교차로안,화물,남,70세,기타불명,보행자,여,57세,중상
2022022400100509,2022년 2월 24일 22시,목요일,부산광역시 연제구 거제동,경상사고,0,0,1,0,차대차 - 추돌,안전운전불이행,건조,맑음,단일로 - 기타,승용,여,37세,상해없음,승용,남,64세,경상
2022022400100533,2022년 2월 24일 23시,목요일,부산광역시 서구 암남동,경상사고,0,0,4,0,차대차 - 측면충돌,안전운전불이행,건조,맑음,단일로 - 기타,승용,남,19세,경상,승용,남,22세,경상
2022022500100024,2022년 2월 25일 06시,금요일,부산광역시 사하구 하단동,중상사고,0,1,0,0,차대차 - 기타,안전운전불이행,건조,맑음,단일로 - 기타,승용,남,57세,상해없음,자전거,남,62세,중상
2022022500100044,2022년 2월 25일 07시,금요일,부산광역시 사하구 장림동,경상사고,0,0,1,0,차대차 - 후진중충돌,안전운전불이행,건조,맑음,기타 - 기타,승용,남,70세,상해없음,승용,남,27세,경상
2022022500100067,2022년 2월 25일 08시,금요일,부산광역시 해운대구 우동,경상사고,0,0,1,0,차대차 - 추돌,안전운전불이행,건조,맑음,단일로 - 기타,승용,남,25세,상해없음,승용,여,35세,경상
2022022500100068,2022년 2월 25일 08시,금요일,부산광역시 부산진구 양정동,경상사고,0,0,1,0,차대차 - 측면충돌,안전거리미확보,건조,맑음,단일로 - 기타,건설기계,남,51세,기타불명,화물,남,36세,경상
2022022500100104,2022년 2월 25일 09시,금요일,부산광역시 동래구 안락동,경상사고,0,0,1,0,차대사람 - 횡단중,보행자보호의무위반,건조,맑음,교차로 - 교차로부근,승용,남,55세,상해없음,보행자,여,29세,경상
2022022500100140,2022년 2월 25일 10시,금요일,부산광역시 연제구 연산동,경상사고,0,0,1,0,차대차 - 정면충돌,직진우회전진행방해,건조,맑음,교차로 - 교차로안,승용,남,31세,상해없음,승용,여,38세,경상
2022022500100167,2022년 2월 25일 11시,금요일,부산광역시 해운대구 반여동,경상사고,0,0,1,0,차대차 - 기타,안전거리미확보,건조,맑음,교차로 - 교차로안,화물,남,59세,상해없음,승용,여,37세,경상
2022022500100273,2022년 2월 25일 14시,금요일,부산광역시 동구 좌천동,중상사고,0,1,0,0,차대차 - 측면충돌,안전운전불이행,건조,맑음,단일로 - 기타,승용,남,30세,상해없음,개인형이동수단(PM),남,63세,중상
2022022500100274,2022년 2월 25일 14시,금요일,부산광역시 남구 감만동,경상사고,0,0,1,0,차대차 - 측면충돌,안전운전불이행,건조,맑음,교차로 - 교차로부근,특수,남,46세,상해없음,이륜,남,30세,경상
2022022500100276,2022년 2월 25일 14시,금요일,부산광역시 사하구 괴정동,중상사고,0,1,0,0,차대사람 - 차도통행중,안전운전불이행,건조,맑음,교차로 - 교차로부근,승용,남,59세,상해없음,보행자,남,72세,중상
2022022500100301,2022년 2월 25일 15시,금요일,부산광역시 사하구 장림동,경상사고,0,0,2,0,차대차 - 기타,안전거리미확보,건조,맑음,단일로 - 기타,승용,남,38세,상해없음,승용,남,23세,경상
2022022500100302,2022년 2월 25일 15시,금요일,부산광역시 연제구 연산동,중상사고,0,1,0,0,차대사람 - 횡단중,신호위반,건조,맑음,단일로 - 기타,승합,남,67세,상해없음,보행자,여,62세,중상
2022022500100328,2022년 2월 25일 16시,금요일,부산광역시 부산진구 개금동,중상사고,0,1,0,0,차대차 - 기타,중앙선침범,건조,맑음,단일로 - 기타,화물,남,46세,상해없음,이륜,남,53세,중상
2022022500100365,2022년 2월 25일 17시,금요일,부산광역시 부산진구 부전동,경상사고,0,0,1,0,차대사람 - 차도통행중,안전운전불이행,건조,맑음,단일로 - 기타,승용,남,30세,상해없음,보행자,남,24세,경상
2022022500100456,2022년 2월 25일 19시,금요일,부산광역시 부산진구 전포동,중상사고,0,1,0,0,차대차 - 기타,중앙선침범,건조,맑음,교차로 - 교차로부근,승용,남,57세,상해없음,이륜,남,24세,중상
2022022500100457,2022년 2월 25일 19시,금요일,부산광역시 부산진구 부전동,중상사고,0,1,0,0,차대차 - 측면충돌,안전거리미확보,건조,맑음,단일로 - 기타,승용,여,49세,상해없음,이륜,남,27세,중상
2022022500100458,2022년 2월 25일 19시,금요일,부산광역시 부산진구 개금동,경상사고,0,0,1,0,차대차 - 측면충돌,신호위반,건조,맑음,교차로 - 교차로부근,이륜,남,17세,경상,승용,남,77세,상해없음
2022022500100507,2022년 2월 25일 21시,금요일,부산광역시 부산진구 개금동,중상사고,0,1,0,0,차대사람 - 횡단중,보행자보호의무위반,건조,맑음,교차로 - 교차로부근,승용,남,39세,상해없음,보행자,여,59세,중상
2022022500100508,2022년 2월 25일 21시,금요일,부산광역시 사상구 괘법동,경상사고,0,0,1,0,차대차 - 측면충돌,신호위반,건조,맑음,단일로 - 기타,승용,남,33세,상해없음,이륜,남,27세,경상
2022022500100538,2022년 2월 25일 22시,금요일,부산광역시 중구 대창동1가,경상사고,0,0,1,0,차대사람 - 횡단중,신호위반,건조,맑음,교차로 - 교차로안,이륜,남,20세,상해없음,보행자,여,24세,경상
2022022500100539,2022년 2월 25일 22시,금요일,부산광역시 영도구 봉래동4가,경상사고,0,0,2,0,차대차 - 정면충돌,교차로운행방법위반,건조,맑음,교차로 - 교차로횡단보도내,승용,남,70세,기타불명,승용,남,36세,경상
2022022500100540,2022년 2월 25일 22시,금요일,부산광역시 금정구 부곡동,중상사고,0,1,0,0,차대사람 - 차도통행중,교차로운행방법위반,건조,맑음,교차로 - 교차로부근,승용,남,64세,상해없음,보행자,남,50세,중상
2022022600100040,2022년 2월 26일 06시,토요일,부산광역시 남구 대연동,중상사고,0,1,0,0,차대사람 - 기타,안전운전불이행,건조,맑음,단일로 - 기타,화물,남,60세,상해없음,보행자,남,54세,중상
2022022600100059,2022년 2월 26일 07시,토요일,부산광역시 기장군 정관읍,중상사고,0,1,0,0,차대차 - 측면충돌,신호위반,건조,맑음,교차로 - 교차로안,승용,남,65세,상해없음,승용,여,60세,중상
2022022600100070,2022년 2월 26일 08시,토요일,부산광역시 중구 중앙동6가,경상사고,0,0,1,0,차량단독 - 기타,안전운전불이행,건조,맑음,단일로 - 기타,승합,남,57세,상해없음,,,,
2022022600100071,2022년 2월 26일 08시,토요일,부산광역시 서구 서대신동2가,경상사고,0,0,1,0,차대차 - 측면충돌,교차로운행방법위반,건조,맑음,교차로 - 교차로부근,건설기계,남,45세,상해없음,승용,남,24세,경상
2022022600100095,2022년 2월 26일 10시,토요일,부산광역시 서구 동대신동3가,경상사고,0,0,1,0,차대차 - 측면충돌,기타,건조,맑음,단일로 - 지하차도(도로)내,승용,여,37세,상해없음,이륜,남,49세,경상
2022022600100096,2022년 2월 26일 10시,토요일,부산광역시 금정구 부곡동,경상사고,0,0,2,0,차대차 - 정면충돌,중앙선침범,건조,맑음,단일로 - 기타,승용,남,31세,상해없음,화물,남,46세,경상
2022022600100097,2022년 2월 26일 10시,토요일,부산광역시 강서구 대저2동,부상신고사고,0,0,0,1,차대차 - 기타,안전운전불이행,건조,맑음,단일로 - 기타,화물,남,59세,상해없음,화물,남,52세,부상신고
2022022600100125,2022년 2월 26일 11시,토요일,부산광역시 북구 금곡동,경상사고,0,0,1,0,차대차 - 기타,교차로운행방법위반,건조,맑음,교차로 - 교차로부근,승용,남,43세,상해없음,승용,여,42세,경상
2022022600100151,2022년 2월 26일 12시,토요일,부산광역시 남구 문현동,경상사고,0,0,1,0,차대차 - 측면충돌,안전거리미확보,건조,맑음,단일로 - 기타,건설기계,남,41세,상해없음,승용,남,31세,경상
2022022600100152,2022년 2월 26일 12시,토요일,부산광역시 사하구 하단동,중상사고,0,1,0,0,차대차 - 측면충돌,교차로운행방법위반,건조,맑음,교차로 - 교차로부근,화물,남,46세,상해없음,이륜,남,44세,중상
2022022600100153,2022년 2월 26일 12시,토요일,부산광역시 강서구 명지동,경상사고,0,0,1,0,차대차 - 추돌,안전운전불이행,건조,맑음,교차로 - 교차로안,승용,남,43세,상해없음,승용,남,37세,경상
2022022600100183,2022년 2월 26일 13시,토요일,부산광역시 동래구 사직동,경상사고,0,0,1,0,차대사람 - 횡단중,신호위반,건조,맑음,단일로 - 기타,승용,남,63세,상해없음,보행자,남,56세,경상
2022022600100226,2022년 2월 26일 14시,토요일,부산광역시 사하구 하단동,중상사고,0,1,0,0,차대차 - 기타,안전거리미확보,건조,맑음,단일로 - 지하차도(도로)내,승용,남,61세,기타불명,이륜,남,62세,중상
2022022600100276,2022년 2월 26일 16시,토요일,부산광역시 기장군 일광읍,경상사고,0,0,1,0,차대차 - 추돌,안전운전불이행,건조,맑음,교차로 - 교차로안,이륜,남,21세,상해없음,승용,여,22세,경상
2022022600100300,2022년 2월 26일 17시,토요일,부산광역시 부산진구 부전동,경상사고,0,0,1,0,차대차 - 기타,안전운전불이행,건조,맑음,교차로 - 교차로안,승용,남,43세,상해없음,개인형이동수단(PM),남,35세,경상
2022022600100301,2022년 2월 26일 17시,토요일,부산광역시 부산진구 개금동,경상사고,0,0,1,0,차대차 - 기타,신호위반,건조,맑음,교차로 - 교차로안,이륜,여,21세,상해없음,승용,남,32세,경상
2022022600100335,2022년 2월 26일 18시,토요일,부산광역시 동래구 사직동,경상사고,0,0,1,0,차대차 - 정면충돌,중앙선침범,건조,맑음,단일로 - 기타,이륜,남,32세,상해없음,이륜,남,71세,경상
2022022600100336,2022년 2월 26일 18시,토요일,부산광역시 금정구 장전동,중상사고,0,1,1,0,차대차 - 측면충돌,직진우회전진행방해,건조,맑음,교차로 - 교차로안,원동기,남,36세,경상,원동기,남,25세,중상
2022022600100337,2022년 2월 26일 18시,토요일,부산광역시 사하구 괴정동,경상사고,0,0,1,0,차대사람 - 기타,기타,건조,맑음,단일로 - 지하차도(도로)내,이륜,남,16세,상해없음,보행자,남,4세,경상
2022022600100381,2022년 2월 26일 19시,토요일,부산광역시 서구 부용동2가,경상사고,0,0,1,0,차대차 - 측면충돌,안전운전불이행,건조,맑음,교차로 - 교차로안,승용,남,24세,상해없음,이륜,남,50세,경상
2022022600100417,2022년 2월 26일 20시,토요일,부산광역시 연제구 연산동,경상사고,0,0,1,0,차대차 - 기타,교차로운행방법위반,건조,맑음,교차로 - 교차로횡단보도내,승용,남,76세,상해없음,자전거,남,62세,경상
2022022600100469,2022년 2월 26일 22시,토요일,부산광역시 부산진구 부전동,경상사고,0,0,4,0,차대차 - 측면충돌,안전거리미확보,건조,맑음,교차로 - 교차로안,승합,남,61세,경상,승용,남,27세,경상
2022022600100470,2022년 2월 26일 22시,토요일,부산광역시 강서구 명지동,경상사고,0,0,1,0,차대차 - 후진중충돌,안전운전불이행,건조,맑음,단일로 - 기타,승용,남,48세,상해없음,이륜,남,20세,경상
2022022600100497,2022년 2월 26일 23시,토요일,부산광역시 금정구 노포동,중상사고,0,1,1,0,차대차 - 측면충돌,기타,건조,맑음,단일로 - 기타,승용,남,19세,상해없음,승용,남,29세,중상
2022022700100029,2022년 2월 27일 07시,일요일,부산광역시 부산진구 부전동,경상사고,0,0,2,0,차대차 - 기타,신호위반,건조,맑음,교차로 - 교차로안,이륜,남,29세,상해없음,승용,남,61세,경상
2022022700100034,2022년 2월 27일 08시,일요일,부산광역시 부산진구 연지동,중상사고,0,1,0,0,차대사람 - 횡단중,보행자보호의무위반,건조,맑음,단일로 - 기타,승합,여,68세,상해없음,보행자,여,58세,중상
2022022700100041,2022년 2월 27일 09시,일요일,부산광역시 동래구 온천동,경상사고,0,0,1,0,차대차 - 기타,안전운전불이행,건조,맑음,교차로 - 교차로안,원동기,남,63세,경상,승용,여,46세,상해없음
2022022700100043,2022년 2월 27일 09시,일요일,부산광역시 금정구 장전동,중상사고,0,1,0,0,차대차 - 기타,교차로운행방법위반,건조,맑음,교차로 - 교차로안,승용,남,48세,상해없음,이륜,남,27세,중상
2022022700100078,2022년 2월 27일 11시,일요일,부산광역시 금정구 청룡동,중상사고,0,1,1,0,차량단독 - 기타,안전운전불이행,건조,맑음,단일로 - 기타,승합,남,64세,상해없음,,,,
2022022700100128,2022년 2월 27일 13시,일요일,부산광역시 수영구 민락동,경상사고,0,0,1,0,차대차 - 측면충돌,안전운전불이행,건조,맑음,교차로 - 교차로부근,승용,남,58세,상해없음,승용,남,39세,경상
2022022700100129,2022년 2월 27일 13시,일요일,부산광역시 부산진구 당감동,사망사고,1,0,0,0,차대사람 - 기타,안전운전불이행,건조,맑음,단일로 - 기타,승용,여,58세,상해없음,보행자,남,59세,사망
2022022700100130,2022년 2월 27일 13시,일요일,부산광역시 사하구 다대동,경상사고,0,0,1,0,차대차 - 기타,안전운전불이행,건조,맑음,단일로 - 기타,승용,남,45세,상해없음,승용,여,67세,경상
2022022700100162,2022년 2월 27일 14시,일요일,부산광역시 기장군 정관읍,경상사고,0,0,5,0,차대차 - 추돌,안전거리미확보,건조,맑음,기타 - 기타,승용,남,52세,경상,승용,남,28세,상해없음
2022022700100228,2022년 2월 27일 16시,일요일,부산광역시 북구 덕천동,중상사고,0,1,0,0,차대사람 - 횡단중,보행자보호의무위반,건조,맑음,교차로 - 교차로횡단보도내,승합,남,60세,상해없음,보행자,남,44세,중상
2022022700100264,2022년 2월 27일 18시,일요일,부산광역시 금정구 장전동,경상사고,0,0,1,0,차대차 - 추돌,안전거리미확보,건조,맑음,교차로 - 교차로안,승용,남,36세,상해없음,승용,남,54세,경상
2022022700100291,2022년 2월 27일 19시,일요일,부산광역시 사상구 모라동,경상사고,0,0,1,0,차대차 - 추돌,안전운전불이행,건조,기타,교차로 - 교차로부근,화물,남,61세,상해없음,승용,남,31세,상해없음
2022022700100333,2022년 2월 27일 21시,일요일,부산광역시 부산진구 전포동,중상사고,0,1,1,0,차대사람 - 횡단중,안전운전불이행,건조,맑음,교차로 - 교차로부근,이륜,남,17세,상해없음,보행자,여,20세,중상
2022022700100334,2022년 2월 27일 21시,일요일,부산광역시 부산진구 부전동,경상사고,0,0,1,0,차대차 - 측면충돌,안전운전불이행,건조,맑음,교차로 - 교차로안,승용,남,67세,상해없음,승용,남,24세,경상
2022022700100335,2022년 2월 27일 21시,일요일,부산광역시 사상구 덕포동,경상사고,0,0,2,0,차량단독 - 공작물충돌,안전운전불이행,기타,맑음,기타 - 기타,이륜,남,41세,경상,,,,
2022022700100350,2022년 2월 27일 22시,일요일,부산광역시 동구 범일동,경상사고,0,0,3,0,차대차 - 추돌,안전운전불이행,건조,맑음,단일로 - 기타,승용,남,24세,상해없음,승용,여,21세,경상
2022022700100351,2022년 2월 27일 22시,일요일,부산광역시 부산진구 부전동,경상사고,0,0,2,0,차대사람 - 기타,안전운전불이행,건조,맑음,교차로 - 교차로부근,승용,남,22세,상해없음,보행자,남,29세,경상
2022022800100002,2022년 2월 28일 00시,월요일,부산광역시 부산진구 전포동,경상사고,0,0,1,0,차량단독 - 공작물충돌,안전운전불이행,건조,맑음,기타 - 기타,이륜,남,27세,상해없음,,,,
2022022800100003,2022년 2월 28일 00시,월요일,부산광역시 연제구 연산동,경상사고,0,0,1,0,차대차 - 기타,중앙선침범,건조,맑음,단일로 - 기타,화물,남,44세,상해없음,승용,남,42세,경상
2022022800100006,2022년 2월 28일 01시,월요일,부산광역시 강서구 녹산동,중상사고,0,1,0,0,차량단독 - 공작물충돌,안전운전불이행,건조,맑음,단일로 - 지하차도(도로)내,이륜,남,36세,중상,,,,
2022022800100018,2022년 2월 28일 05시,월요일,부산광역시 사하구 다대동,중상사고,0,1,0,0,차대차 - 측면충돌,신호위반,건조,맑음,교차로 - 교차로안,화물,남,43세,상해없음,자전거,남,12세,중상
2022022800100029,2022년 2월 28일 06시,월요일,부산광역시 부산진구 범천동,부상신고사고,0,0,0,1,차대차 - 추돌,안전운전불이행,건조,기타,단일로 - 기타,이륜,남,21세,부상신고,건설기계,남,55세,상해없음
2022022800100042,2022년 2월 28일 07시,월요일,부산광역시 서구 부민동2가,중상사고,0,1,1,0,차대차 - 측면충돌,안전운전불이행,건조,맑음,교차로 - 교차로부근,이륜,남,52세,중상,승용,남,23세,경상
2022022800100060,2022년 2월 28일 08시,월요일,부산광역시 동래구 온천동,경상사고,0,0,2,0,차대차 - 측면충돌,직진우회전진행방해,건조,맑음,교차로 - 교차로안,승용,여,35세,경상,화물,남,39세,상해없음
2022022800100061,2022년 2월 28일 08시,월요일,부산광역시 연제구 거제동,경상사고,0,0,1,0,차대차 - 기타,교차로운행방법위반,건조,맑음,교차로 - 교차로안,화물,남,65세,상해없음,화물,남,44세,경상
2022022800100089,2022년 2월 28일 09시,월요일,부산광역시 해운대구 우동,경상사고,0,0,1,0,차대차 - 기타,안전거리미확보,건조,맑음,단일로 - 기타,화물,남,39세,상해없음,화물,남,41세,경상
2022022800100090,2022년 2월 28일 09시,월요일,부산광역시 수영구 광안동,경상사고,0,0,1,0,차대차 - 기타,신호위반,건조,맑음,단일로 - 기타,승용,남,24세,기타불명,화물,남,31세,경상
2022022800100109,2022년 2월 28일 10시,월요일,부산광역시 동구 범일동,중상사고,0,2,0,0,차대차 - 기타,차로위반,건조,맑음,단일로 - 기타,화물,남,60세,상해없음,승용,남,59세,상해없음
2022022800100110,2022년 2월 28일 10시,월요일,부산광역시 연제구 연산동,중상사고,0,2,0,0,차대사람 - 횡단중,안전운전불이행,건조,맑음,단일로 - 기타,이륜,남,81세,상해없음,보행자,여,83세,중상
2022022800100140,2022년 2월 28일 11시,월요일,부산광역시 북구 금곡동,경상사고,0,0,1,0,차대차 - 측면충돌,안전운전불이행,건조,맑음,교차로 - 교차로안,승합,남,61세,상해없음,승용,남,50세,경상
2022022800100141,2022년 2월 28일 11시,월요일,부산광역시 기장군 일광읍,경상사고,0,0,1,0,차대사람 - 기타,안전운전불이행,건조,맑음,미분류 - 미분류,이륜,남,41세,상해없음,보행자,남,28세,경상
2022022800100176,2022년 2월 28일 12시,월요일,부산광역시 수영구 남천동,경상사고,0,0,1,0,차대사람 - 기타,안전운전불이행,건조,맑음,교차로 - 교차로부근,승용,여,55세,상해없음,보행자,남,79세,경상
2022022800100177,2022년 2월 28일 12시,월요일,부산광역시 부산진구 개금동,경상사고,0,0,1,0,차대차 - 추돌,안전운전불이행,건조,맑음,단일로 - 기타,승용,남,41세,상해없음,승용,남,37세,경상