사고번호,사고일시,요일,시군구,사고내용,사망자수,중상자수,경상자수,부상신고자수,사고유형,법규위반,노면상태,기상상태,도로형태,가해운전자 차종,가해운전자 성별,가해운전자 연령,가해운전자 상해정도,피해운전자 차종,피해운전자 성별,피해운전자 연령,피해운전자 상해정도
2022030400100469,2022년 3월 4일 23시,금요일,부산광역시 해운대구 우동,경상사고,0,0,2,0,차대차 - 기타,교차로운행방법위반,건조,맑음,교차로 - 교차로안,승용,남,44세,상해없음,이륜,남,16세,경상
2022030400100470,2022년 3월 4일 23시,금요일,부산광역시 부산진구 개금동,중상사고,0,1,0,0,차대사람 - 기타,안전운전불이행,건조,맑음,단일로 - 기타,승용,남,31세,상해없음,보행자,남,42세,중상
2022030400100471,2022년 3월 4일 23시,금요일,부산광역시 부산진구 가야동,경상사고,0,0,1,0,차대차 - 추돌,안전운전불이행,건조,맑음,단일로 - 기타,승용,남,20세,상해없음,승용,남,70세,경상
2022030400100472,2022년 3월 4일 23시,금요일,부산광역시 사상구 괘법동,중상사고,0,1,0,0,차대사람 - 기타,안전운전불이행,건조,맑음,단일로 - 기타,원동기,남,16세,상해없음,보행자,여,49세,중상
2022030500100019,2022년 3월 5일 02시,토요일,부산광역시 부산진구 개금동,경상사고,0,0,1,0,차대차 - 측면충돌,신호위반,건조,맑음,교차로 - 교차로안,승용,남,66세,상해없음,승용,남,27세,경상
2022030500100031,2022년 3월 5일 06시,토요일,부산광역시 동래구 온천동,중상사고,0,1,0,0,차대사람 - 기타,안전운전불이행,건조,맑음,교차로 - 교차로안,승용,남,57세,상해없음,보행자,남,79세,중상
2022030500100032,2022년 3월 5일 06시,토요일,부산광역시 사하구 하단동,중상사고,0,1,0,0,차대사람 - 횡단중,안전운전불이행,건조,맑음,단일로 - 지하차도(도로)내,승용,남,46세,상해없음,보행자,남,86세,중상
2022030500100042,2022년 3월 5일 07시,토요일,부산광역시 강서구 신호동,경상사고,0,0,1,0,차대차 - 추돌,안전거리미확보,건조,맑음,교차로 - 교차로부근,승용,남,39세,상해없음,승용,여,55세,경상
2022030500100053,2022년 3월 5일 08시,토요일,부산광역시 부산진구 양정동,중상사고,0,1,0,0,차대사람 - 기타,안전운전불이행,건조,맑음,교차로 - 교차로안,화물,남,62세,상해없음,보행자,여,60세,중상
2022030500100069,2022년 3월 5일 09시,토요일,부산광역시 부산진구 개금동,경상사고,0,0,1,0,차대사람 - 기타,안전운전불이행,건조,맑음,기타 - 기타,승용,남,65세,상해없음,보행자,여,80세,경상
2022030500100070,2022년 3월 5일 09시,토요일,부산광역시 사상구 주례동,중상사고,0,1,0,0,차대차 - 추돌,안전거리미확보,건조,맑음,단일로 - 지하차도(도로)내,화물,남,55세,상해없음,이륜,남,23세,중상
2022030500100089,2022년 3월 5일 10시,토요일,부산광역시 사하구 장림동,경상사고,0,0,1,0,차대차 - 기타,안전운전불이행,건조,맑음,교차로 - 교차로안,승용,남,72세,상해없음,이륜,남,42세,경상
2022030500100118,2022년 3월 5일 11시,토요일,부산광역시 남구 문현동,경상사고,0,0,2,0,차대차 - 측면충돌,안전운전불이행,건조,맑음,단일로 - 기타,승용,남,61세,경상,건설기계,남,49세,경상
2022030500100119,2022년 3월 5일 11시,토요일,부산광역시 동래구 안락동,경상사고,0,0,1,0,차대차 - 기타,교차로운행방법위반,건조,맑음,교차로 - 교차로부근,승용,여,42세,상해없음,승용,여,52세,경상
2022030500100120,2022년 3월 5일 11시,토요일,부산광역시 사하구 신평동,경상사고,0,0,1,0,차대사람 - 기타,기타,건조,맑음,단일로 - 기타,승용,남,25세,상해없음,보행자,남,65세,경상
2022030500100121,2022년 3월 5일 11시,토요일,부산광역시 사하구 장림동,중상사고,0,1,0,0,차대사람 - 기타,안전운전불이행,건조,맑음,단일로 - 기타,승용,여,36세,상해없음,보행자,여,65세,중상
2022030500100160,2022년 3월 5일 12시,토요일,부산광역시 남구 대연동,경상사고,0,0,1,0,차대차 - 추돌,안전운전불이행,건조,맑음,단일로 - 기타,원동기,남,16세,경상,승합,남,50세,상해없음
2022030500100192,2022년 3월 5일 13시,토요일,부산광역시 사하구 하단동,경상사고,0,0,1,0,차대차 - 추돌,안전운전불이행,건조,맑음,단일로 - 기타,승용,남,63세,상해없음,승용,남,55세,경상
2022030500100231,2022년 3월 5일 14시,토요일,부산광역시 부산진구 양정동,경상사고,0,0,1,0,차대차 - 추돌,안전운전불이행,건조,맑음,교차로 - 교차로안,승용,여,65세,기타불명,승용,남,42세,경상
2022030500100232,2022년 3월 5일 14시,토요일,부산광역시 강서구 명지동,사망사고,1,0,2,0,차대차 - 기타,신호위반,건조,맑음,교차로 - 교차로안,이륜,남,45세,사망,승용,남,27세,경상
2022030500100233,2022년 3월 5일 14시,토요일,부산광역시 기장군 장안읍,중상사고,0,1,0,0,차대차 - 추돌,기타,건조,맑음,교차로 - 교차로부근,승용,남,34세,상해없음,이륜,남,31세,중상
2022030500100283,2022년 3월 5일 16시,토요일,부산광역시 남구 대연동,중상사고,0,1,1,0,차대차 - 측면충돌,안전운전불이행,건조,맑음,단일로 - 기타,승용,남,57세,상해없음,이륜,남,54세,중상
2022030500100315,2022년 3월 5일 17시,토요일,부산광역시 동래구 온천동,경상사고,0,0,1,0,차대차 - 기타,신호위반,건조,맑음,교차로 - 교차로안,승용,남,78세,상해없음,승용,남,64세,경상
2022030500100316,2022년 3월 5일 17시,토요일,부산광역시 기장군 일광읍,중상사고,0,1,3,0,차대차 - 추돌,안전운전불이행,건조,맑음,단일로 - 기타,승용,남,25세,상해없음,승용,여,39세,경상
2022030500100369,2022년 3월 5일 19시,토요일,부산광역시 남구 용호동,중상사고,0,1,0,0,차대차 - 측면충돌,신호위반,건조,맑음,단일로 - 기타,이륜,남,38세,중상,승용,남,55세,상해없음
2022030500100396,2022년 3월 5일 20시,토요일,부산광역시 부산진구 범천동,경상사고,0,0,1,0,차대차 - 정면충돌,신호위반,건조,맑음,교차로 - 교차로안,승용,여,37세,상해없음,승용,남,62세,경상
2022030500100442,2022년 3월 5일 23시,토요일,부산광역시 서구 충무동1가,중상사고,0,1,0,0,차대차 - 기타,안전운전불이행,건조,맑음,교차로 - 교차로횡단보도내,승용,여,46세,상해없음,자전거,남,70세,중상
2022030500100443,2022년 3월 5일 23시,토요일,부산광역시 영도구 대교동1가,경상사고,0,0,2,0,차대차 - 추돌,안전거리미확보,건조,맑음,단일로 - 교량,승용,남,55세,기타불명,승용,남,70세,경상
2022030500100444,2022년 3월 5일 23시,토요일,부산광역시 부산진구 전포동,경상사고,0,0,1,0,차대차 - 추돌,안전운전불이행,건조,맑음,단일로 - 터널,승용,여,25세,상해없음,이륜,남,53세,경상
2022030500100445,2022년 3월 5일 23시,토요일,부산광역시 부산진구 범천동,경상사고,0,0,1,0,차대차 - 기타,안전거리미확보,건조,맑음,단일로 - 기타,승용,남,34세,상해없음,승용,남,73세,상해없음
2022030500100446,2022년 3월 5일 23시,토요일,부산광역시 부산진구 전포동,부상신고사고,0,0,0,1,차대차 - 기타,안전거리미확보,건조,맑음,교차로 - 교차로부근,기타불명,기타불명,미분류,기타불명,이륜,남,31세,부상신고
2022030600100001,2022년 3월 6일 00시,일요일,부산광역시 수영구 민락동,경상사고,0,0,1,0,차대사람 - 차도통행중,안전운전불이행,건조,맑음,단일로 - 기타,승용,남,73세,상해없음,보행자,남,22세,경상
2022030600100029,2022년 3월 6일 05시,일요일,부산광역시 부산진구 양정동,중상사고,0,1,0,0,차대사람 - 횡단중,안전운전불이행,건조,맑음,단일로 - 기타,승용,남,67세,상해없음,보행자,여,53세,중상
2022030600100032,2022년 3월 6일 06시,일요일,부산광역시 동래구 온천동,경상사고,0,0,1,0,차대사람 - 기타,안전운전불이행,건조,맑음,단일로 - 기타,승합,남,64세,상해없음,보행자,남,53세,경상
2022030600100088,2022년 3월 6일 12시,일요일,부산광역시 해운대구 우동,경상사고,0,0,1,0,차대차 - 측면충돌,신호위반,건조,맑음,단일로 - 터널,승용,남,60세,상해없음,승용,여,31세,경상
2022030600100089,2022년 3월 6일 12시,일요일,부산광역시 부산진구 범천동,경상사고,0,0,1,0,차대차 - 기타,안전운전불이행,건조,맑음,기타 - 기타,승용,여,50세,상해없음,승용,남,37세,경상
2022030600100090,2022년 3월 6일 12시,일요일,부산광역시 사하구 하단동,경상사고,0,0,1,0,차대차 - 기타,안전거리미확보,건조,맑음,단일로 - 지하차도(도로)내,이륜,남,42세,경상,승합,남,19세,상해없음
2022030600100106,2022년 3월 6일 13시,일요일,부산광역시 영도구 신선동2가,경상사고,0,0,1,0,차대차 - 후진중충돌,안전운전불이행,건조,맑음,단일로 - 기타,승용,남,63세,상해없음,승용,남,34세,경상
2022030600100107,2022년 3월 6일 13시,일요일,부산광역시 사상구 주례동,경상사고,0,0,1,0,차대차 - 측면충돌,안전운전불이행,건조,맑음,교차로 - 교차로부근,승용,남,40세,상해없음,이륜,남,17세,경상
2022030600100132,2022년 3월 6일 14시,일요일,부산광역시 남구 대연동,경상사고,0,0,2,0,차대차 - 추돌,기타,건조,맑음,교차로 - 교차로안,승용,남,66세,상해없음,승용,남,42세,경상
2022030600100133,2022년 3월 6일 14시,일요일,부산광역시 부산진구 부암동,경상사고,0,0,3,0,차대차 - 기타,안전운전불이행,건조,맑음,교차로 - 교차로안,승용,남,25세,상해없음,승용,남,29세,경상
2022030600100157,2022년 3월 6일 15시,일요일,부산광역시 동래구 명륜동,중상사고,0,1,0,0,차대사람 - 횡단중,안전운전불이행,건조,맑음,교차로 - 교차로부근,이륜,남,26세,상해없음,보행자,남,15세,중상
2022030600100227,2022년 3월 6일 17시,일요일,부산광역시 남구 대연동,경상사고,0,0,1,0,차대사람 - 기타,안전운전불이행,건조,맑음,단일로 - 기타,승용,남,27세,상해없음,보행자,여,31세,경상
2022030600100228,2022년 3월 6일 17시,일요일,부산광역시 사하구 감천동,경상사고,0,0,1,0,차대차 - 측면충돌,안전운전불이행,건조,맑음,교차로 - 교차로안,승용,남,48세,상해없음,이륜,남,53세,경상
2022030600100250,2022년 3월 6일 18시,일요일,부산광역시 서구 토성동1가,중상사고,0,1,0,0,차대사람 - 횡단중,안전운전불이행,건조,맑음,교차로 - 교차로부근,승용,여,43세,상해없음,보행자,남,60세,중상
2022030600100268,2022년 3월 6일 19시,일요일,부산광역시 동구 초량동,경상사고,0,0,1,0,차대사람 - 길가장자리구역통행중,안전운전불이행,건조,맑음,단일로 - 기타,승용,남,36세,상해없음,보행자,남,31세,경상
2022030600100326,2022년 3월 6일 23시,일요일,부산광역시 수영구 광안동,경상사고,0,0,1,0,차대차 - 기타,교차로운행방법위반,건조,맑음,교차로 - 교차로안,승용,여,30세,상해없음,이륜,남,47세,경상
2022030700100016,2022년 3월 7일 05시,월요일,부산광역시 기장군 기장읍,경상사고,0,0,1,0,차대차 - 측면충돌,안전운전불이행,건조,맑음,교차로 - 교차로안,승용,남,35세,상해없음,자전거,여,76세,경상
2022030700100032,2022년 3월 7일 07시,월요일,부산광역시 금정구 구서동,중상사고,0,1,0,0,차대차 - 추돌,안전거리미확보,건조,맑음,교차로 - 교차로부근,승용,남,63세,상해없음,승용,여,37세,중상
2022030700100033,2022년 3월 7일 07시,월요일,부산광역시 사하구 구평동,경상사고,0,0,1,0,차대차 - 기타,안전거리미확보,건조,맑음,단일로 - 지하차도(도로)내,화물,남,56세,상해없음,승용,남,61세,경상
2022030700100052,2022년 3월 7일 08시,월요일,부산광역시 북구 만덕동,경상사고,0,0,2,0,차대차 - 기타,안전거리미확보,건조,맑음,교차로 - 교차로안,승용,여,61세,경상,승용,여,30세,경상
2022030700100053,2022년 3월 7일 08시,월요일,부산광역시 북구 덕천동,경상사고,0,0,1,0,차대차 - 기타,안전거리미확보,건조,맑음,단일로 - 기타,승용,여,58세,상해없음,승합,남,55세,경상
2022030700100054,2022년 3월 7일 08시,월요일,부산광역시 영도구 청학동,경상사고,0,0,1,0,차대사람 - 기타,안전운전불이행,건조,맑음,단일로 - 기타,승용,여,58세,상해없음,보행자,남,29세,경상
2022030700100055,2022년 3월 7일 08시,월요일,부산광역시 사상구 주례동,경상사고,0,0,1,0,차대차 - 측면충돌,안전거리미확보,건조,맑음,교차로 - 교차로부근,승용,여,38세,상해없음,승용,남,27세,경상
2022030700100056,2022년 3월 7일 08시,월요일,부산광역시 사상구 학장동,경상사고,0,0,1,0,차대차 - 측면충돌,안전거리미확보,건조,맑음,단일로 - 기타,승용,여,48세,상해없음,승용,남,31세,경상
2022030700100098,2022년 3월 7일 09시,월요일,부산광역시 동구 초량동,경상사고,0,0,1,0,차대차 - 측면충돌,교차로운행방법위반,건조,맑음,교차로 - 교차로부근,특수,남,51세,상해없음,특수,남,34세,경상
2022030700100099,2022년 3월 7일 09시,월요일,부산광역시 남구 대연동,경상사고,0,0,1,0,차대사람 - 횡단중,보행자보호의무위반,건조,맑음,교차로 - 교차로횡단보도내,승용,여,44세,상해없음,보행자,남,30세,경상
2022030700100100,2022년 3월 7일 09시,월요일,부산광역시 동래구 수안동,경상사고,0,0,1,0,차대차 - 추돌,안전운전불이행,건조,맑음,단일로 - 기타,승용,남,69세,기타불명,승용,남,52세,경상
2022030700100101,2022년 3월 7일 09시,월요일,부산광역시 사상구 감전동,경상사고,0,0,1,0,차대차 - 추돌,안전운전불이행,건조,맑음,단일로 - 기타,화물,남,65세,상해없음,화물,남,57세,경상
2022030700100205,2022년 3월 7일 13시,월요일,부산광역시 부산진구 당감동,경상사고,0,0,1,0,차대차 - 기타,안전운전불이행,건조,맑음,단일로 - 기타,승용,남,61세,상해없음,승용,남,66세,경상
2022030700100221,2022년 3월 7일 14시,월요일,부산광역시 동래구 온천동,경상사고,0,0,1,0,차대차 - 추돌,안전운전불이행,건조,맑음,단일로 - 기타,승용,남,47세,상해없음,승용,여,38세,경상
2022030700100222,2022년 3월 7일 14시,월요일,부산광역시 사상구 주례동,경상사고,0,0,1,0,차대차 - 측면충돌,차로위반,건조,맑음,단일로 - 기타,승용,남,69세,상해없음,승용,남,48세,경상
2022030700100239,2022년 3월 7일 15시,월요일,부산광역시 부산진구 부전동,경상사고,0,0,1,0,차대사람 - 횡단중,신호위반,건조,맑음,단일로 - 기타,승용,남,58세,상해없음,보행자,남,60세,경상
2022030700100240,2022년 3월 7일 15시,월요일,부산광역시 연제구 연산동,중상사고,0,1,0,0,차대사람 - 기타,교차로운행방법위반,건조,맑음,교차로 - 교차로부근,화물,남,28세,상해없음,보행자,여,64세,중상
2022030700100241,2022년 3월 7일 15시,월요일,부산광역시 연제구 연산동,중상사고,0,1,0,0,차대사람 - 기타,보행자보호의무위반,건조,맑음,교차로 - 교차로횡단보도내,승용,남,50세,상해없음,보행자,여,63세,중상
2022030700100242,2022년 3월 7일 15시,월요일,부산광역시 연제구 연산동,경상사고,0,0,1,0,차대사람 - 기타,기타,건조,맑음,단일로 - 기타,승용,여,45세,상해없음,보행자,남,50세,경상
2022030700100264,2022년 3월 7일 16시,월요일,부산광역시 남구 감만동,경상사고,0,0,1,0,차대차 - 기타,교차로운행방법위반,건조,맑음,교차로 - 교차로안,특수,남,62세,상해없음,승용,남,64세,경상
2022030700100265,2022년 3월 7일 16시,월요일,부산광역시 부산진구 가야동,경상사고,0,0,1,0,차대사람 - 기타,중앙선침범,건조,기타,단일로 - 기타,개인형이동수단(PM),남,21세,상해없음,보행자,여,43세,경상
2022030700100345,2022년 3월 7일 19시,월요일,부산광역시 부산진구 전포동,중상사고,0,1,0,0,차대사람 - 횡단중,보행자보호의무위반,건조,맑음,교차로 - 교차로횡단보도내,승용,남,62세,상해없음,보행자,남,65세,중상
2022030700100346,2022년 3월 7일 19시,월요일,부산광역시 연제구 연산동,경상사고,0,0,1,0,차대차 - 기타,안전운전불이행,건조,맑음,교차로 - 교차로부근,승용,남,72세,상해없음,자전거,남,28세,경상
2022030700100347,2022년 3월 7일 19시,월요일,부산광역시 강서구 명지동,경상사고,0,0,2,0,차대차 - 추돌,안전운전불이행,건조,맑음,단일로 - 기타,승용,남,39세,상해없음,승용,남,73세,경상
2022030700100371,2022년 3월 7일 20시,월요일,부산광역시 연제구 연산동,중상사고,0,1,0,0,차대차 - 기타,차로위반,건조,맑음,교차로 - 교차로안,승용,남,47세,상해없음,이륜,남,49세,중상
2022030700100397,2022년 3월 7일 22시,월요일,부산광역시 남구 대연동,중상사고,0,1,0,0,차대사람 - 기타,안전운전불이행,건조,맑음,단일로 - 기타,승용,남,68세,상해없음,보행자,남,32세,중상
2022030700100418,2022년 3월 7일 23시,월요일,부산광역시 연제구 연산동,중상사고,0,1,2,0,차대차 - 정면충돌,안전운전불이행,건조,맑음,교차로 - 교차로안,승용,남,65세,기타불명,승용,남,59세,경상
2022030800100001,2022년 3월 8일 00시,화요일,부산광역시 부산진구 양정동,경상사고,0,0,1,0,차대차 - 추돌,안전거리미확보,건조,맑음,단일로 - 기타,승용,남,72세,상해없음,승용,남,29세,경상
2022030800100044,2022년 3월 8일 08시,화요일,부산광역시 사상구 덕포동,경상사고,0,0,1,0,차대차 - 측면충돌,안전운전불이행,건조,맑음,교차로 - 교차로안,원동기,남,75세,경상,승합,여,50세,상해없음
2022030800100045,2022년 3월 8일 08시,화요일,부산광역시 사상구 감전동,경상사고,0,0,1,0,차대차 - 측면충돌,안전거리미확보,건조,맑음,교차로 - 교차로부근,화물,남,61세,상해없음,승용,여,56세,경상
2022030800100078,2022년 3월 8일 09시,화요일,부산광역시 서구 토성동5가,중상사고,0,1,0,0,차대차 - 측면충돌,안전운전불이행,건조,맑음,교차로 - 교차로부근,승용,남,63세,상해없음,승합,남,36세,중상
2022030800100079,2022년 3월 8일 09시,화요일,부산광역시 동래구 사직동,경상사고,0,0,1,0,차대차 - 추돌,안전운전불이행,건조,맑음,단일로 - 기타,승용,여,56세,경상,승합,남,40세,상해없음
2022030800100080,2022년 3월 8일 09시,화요일,부산광역시 사하구 구평동,중상사고,0,1,0,0,차대차 - 정면충돌,안전운전불이행,건조,맑음,교차로 - 교차로안,화물,남,75세,상해없음,이륜,남,40세,중상
2022030800100103,2022년 3월 8일 10시,화요일,부산광역시 동래구 온천동,경상사고,0,0,1,0,차대차 - 추돌,신호위반,건조,맑음,교차로 - 교차로안,승용,남,51세,상해없음,승용,남,79세,경상
2022030800100136,2022년 3월 8일 11시,화요일,부산광역시 부산진구 당감동,중상사고,0,1,0,0,차대차 - 측면충돌,안전운전불이행,건조,맑음,교차로 - 교차로안,승용,여,46세,상해없음,이륜,남,40세,중상
2022030800100137,2022년 3월 8일 11시,화요일,부산광역시 강서구 명지동,경상사고,0,0,4,1,차대차 - 측면충돌,신호위반,건조,맑음,교차로 - 교차로부근,이륜,남,42세,부상신고,승용,여,35세,경상
2022030800100159,2022년 3월 8일 12시,화요일,부산광역시 동래구 사직동,경상사고,0,0,1,0,차대차 - 기타,교차로운행방법위반,건조,맑음,교차로 - 교차로안,승용,여,55세,상해없음,승용,여,34세,경상
2022030800100160,2022년 3월 8일 12시,화요일,부산광역시 영도구 동삼동,경상사고,0,0,1,0,차대차 - 추돌,안전운전불이행,건조,맑음,단일로 - 지하차도(도로)내,이륜,남,32세,상해없음,이륜,남,67세,경상
2022030800100181,2022년 3월 8일 13시,화요일,부산광역시 남구 대연동,부상신고사고,0,0,0,1,차대차 - 측면충돌,기타,건조,맑음,단일로 - 기타,승용,남,68세,상해없음,이륜,남,52세,부상신고
2022030800100182,2022년 3월 8일 13시,화요일,부산광역시 동래구 안락동,경상사고,0,0,1,0,차대사람 - 횡단중,안전운전불이행,건조,맑음,교차로 - 교차로안,승용,남,50세,상해없음,보행자,여,36세,경상
2022030800100183,2022년 3월 8일 13시,화요일,부산광역시 해운대구 송정동,중상사고,0,1,0,0,차대차 - 기타,신호위반,건조,맑음,교차로 - 교차로안,이륜,남,48세,상해없음,이륜,남,69세,중상
2022030800100184,2022년 3월 8일 13시,화요일,부산광역시 연제구 연산동,경상사고,0,0,1,0,차대차 - 측면충돌,안전운전불이행,건조,맑음,교차로 - 교차로부근,승용,남,26세,상해없음,승용,남,35세,경상
2022030800100211,2022년 3월 8일 14시,화요일,부산광역시 연제구 연산동,경상사고,0,0,1,0,차대사람 - 길가장자리구역통행중,안전운전불이행,건조,맑음,단일로 - 기타,자전거,여,53세,상해없음,보행자,여,63세,경상
2022030800100238,2022년 3월 8일 15시,화요일,부산광역시 남구 대연동,중상사고,0,1,0,0,차대사람 - 차도통행중,안전운전불이행,건조,맑음,교차로 - 교차로안,승용,여,31세,상해없음,보행자,여,22세,중상
2022030800100239,2022년 3월 8일 15시,화요일,부산광역시 수영구 남천동,중상사고,0,1,0,0,차대차 - 측면충돌,안전운전불이행,건조,맑음,단일로 - 기타,이륜,남,28세,상해없음,이륜,남,26세,중상
2022030800100240,2022년 3월 8일 15시,화요일,부산광역시 영도구 영선동3가,중상사고,0,1,0,0,차대차 - 측면충돌,안전운전불이행,건조,맑음,교차로 - 교차로안,화물,남,31세,상해없음,자전거,여,53세,중상
2022030800100241,2022년 3월 8일 15시,화요일,부산광역시 연제구 거제동,경상사고,0,0,2,0,차대차 - 측면충돌,안전거리미확보,건조,맑음,단일로 - 기타,승용,남,65세,경상,승용,여,31세,경상
2022030800100268,2022년 3월 8일 16시,화요일,부산광역시 서구 부민동2가,중상사고,0,1,1,0,차대차 - 측면충돌,안전운전불이행,건조,맑음,주차장 - 주차장,승용,남,21세,경상,승용,남,74세,상해없음
2022030800100269,2022년 3월 8일 16시,화요일,부산광역시 부산진구 부전동,경상사고,0,0,1,0,차대차 - 측면충돌,신호위반,건조,맑음,교차로 - 교차로안,승용,여,31세,상해없음,승용,남,67세,경상
2022030800100270,2022년 3월 8일 16시,화요일,부산광역시 사하구 하단동,중상사고,0,1,0,0,차대차 - 정면충돌,안전운전불이행,건조,맑음,교차로 - 교차로안,승용,남,49세,상해없음,이륜,남,68세,중상
2022030800100309,2022년 3월 8일 17시,화요일,부산광역시 금정구 노포동,경상사고,0,0,1,0,차대차 - 측면충돌,신호위반,건조,맑음,기타 - 기타,승용,남,50세,상해없음,승용,남,58세,경상
2022030800100310,2022년 3월 8일 17시,화요일,부산광역시 금정구 구서동,경상사고,0,0,1,0,차대차 - 측면충돌,기타,건조,맑음,교차로 - 교차로안,승용,여,66세,상해없음,승용,여,38세,경상
2022030800100342,2022년 3월 8일 18시,화요일,부산광역시 해운대구 우동,중상사고,0,1,1,0,차대차 - 추돌,안전운전불이행,건조,맑음,단일로 - 터널,화물,남,56세,상해없음,승용,여,51세,중상
2022030800100376,2022년 3월 8일 19시,화요일,부산광역시 금정구 서동,경상사고,0,0,1,0,차대사람 - 횡단중,안전운전불이행,건조,맑음,교차로 - 교차로안,승용,여,58세,상해없음,보행자,남,85세,경상
2022030800100377,2022년 3월 8일 19시,화요일,부산광역시 수영구 수영동,경상사고,0,0,1,0,차대사람 - 차도통행중,안전운전불이행,건조,맑음,단일로 - 기타,승용,남,35세,상해없음,보행자,남,65세,경상
2022030800100413,2022년 3월 8일 20시,화요일,부산광역시 부산진구 개금동,중상사고,0,2,1,1,차대차 - 측면충돌,기타,건조,맑음,교차로 - 교차로안,승합,남,50세,중상,승용,여,57세,경상
2022030800100414,2022년 3월 8일 20시,화요일,부산광역시 연제구 연산동,경상사고,0,0,1,0,차대사람 - 차도통행중,안전운전불이행,건조,맑음,단일로 - 기타,승용,남,64세,상해없음,보행자,남,71세,경상
2022030800100431,2022년 3월 8일 21시,화요일,부산광역시 연제구 연산동,중상사고,0,1,0,0,차대사람 - 기타,안전운전불이행,건조,맑음,교차로 - 교차로안,승용,여,50세,상해없음,보행자,남,79세,중상
2022030800100470,2022년 3월 8일 23시,화요일,부산광역시 부산진구 부전동,경상사고,0,0,1,0,차대사람 - 기타,안전운전불이행,건조,맑음,기타 - 기타,승용,남,22세,상해없음,보행자,남,21세,경상
2022030800100471,2022년 3월 8일 23시,화요일,부산광역시 연제구 거제동,경상사고,0,0,2,0,차대차 - 기타,안전운전불이행,건조,맑음,교차로 - 교차로부근,승용,남,50세,상해없음,승용,남,57세,경상
2022030900100002,2022년 3월 9일 00시,수요일,부산광역시 중구 영주동,중상사고,0,1,0,0,차대사람 - 횡단중,안전운전불이행,건조,맑음,교차로 - 교차로부근,승용,남,22세,상해없음,보행자,남,28세,중상
2022030900100003,2022년 3월 9일 00시,수요일,부산광역시 강서구 구랑동,경상사고,0,0,1,0,차대차 - 추돌,안전운전불이행,건조,맑음,교차로 - 교차로부근,승용,남,43세,상해없음,승용,남,29세,경상
2022030900100040,2022년 3월 9일 05시,수요일,부산광역시 사하구 하단동,중상사고,0,1,0,0,차대차 - 기타,기타,건조,흐림,교차로 - 교차로부근,승용,남,49세,상해없음,승용,남,75세,상해없음
2022030900100052,2022년 3월 9일 07시,수요일,부산광역시 기장군 일광읍,경상사고,0,0,1,0,차대차 - 측면충돌,신호위반,건조,맑음,교차로 - 교차로안,화물,남,48세,상해없음,승용,남,43세,경상
2022030900100061,2022년 3월 9일 08시,수요일,부산광역시 강서구 강동동,중상사고,0,1,2,0,차대차 - 기타,안전거리미확보,건조,맑음,단일로 - 기타,화물,남,69세,중상,승용,남,30세,경상
2022030900100165,2022년 3월 9일 13시,수요일,부산광역시 남구 문현동,중상사고,0,1,0,0,차대사람 - 횡단중,안전운전불이행,건조,맑음,교차로 - 교차로횡단보도내,승용,남,38세,상해없음,보행자,여,67세,중상
2022030900100200,2022년 3월 9일 14시,수요일,부산광역시 수영구 광안동,경상사고,0,0,1,0,차대차 - 추돌,안전운전불이행,건조,맑음,단일로 - 기타,승용,남,51세,상해없음,이륜,남,40세,경상
2022030900100201,2022년 3월 9일 14시,수요일,부산광역시 동래구 명장동,경상사고,0,0,1,0,차대차 - 기타,안전운전불이행,건조,맑음,교차로 - 교차로안,승용,여,38세,상해없음,이륜,남,28세,경상
2022030900100202,2022년 3월 9일 14시,수요일,부산광역시 해운대구 석대동,경상사고,0,0,1,0,차대차 - 기타,안전거리미확보,건조,맑음,교차로 - 교차로안,승용,여,50세,상해없음,화물,남,43세,경상
2022030900100203,2022년 3월 9일 14시,수요일,부산광역시 연제구 연산동,경상사고,0,0,1,0,차량단독 - 기타,안전운전불이행,건조,맑음,단일로 - 기타,승합,남,58세,상해없음,,,,
2022030900100278,2022년 3월 9일 17시,수요일,부산광역시 금정구 청룡동,경상사고,0,0,1,0,차대차 - 기타,차로위반,건조,맑음,교차로 - 교차로안,승용,여,44세,경상,승용,남,64세,상해없음
2022030900100301,2022년 3월 9일 18시,수요일,부산광역시 해운대구 재송동,경상사고,0,0,1,0,차대차 - 추돌,안전운전불이행,건조,맑음,단일로 - 기타,승용,여,67세,상해없음,승용,여,54세,경상
2022030900100302,2022년 3월 9일 18시,수요일,부산광역시 사하구 괴정동,부상신고사고,0,0,0,1,차대차 - 추돌,안전운전불이행,건조,맑음,교차로 - 교차로안,원동기,여,26세,부상신고,화물,남,48세,상해없음
2022030900100303,2022년 3월 9일 18시,수요일,부산광역시 기장군 기장읍,중상사고,0,1,0,0,차대사람 - 횡단중,안전운전불이행,건조,맑음,단일로 - 기타,이륜,남,51세,상해없음,보행자,여,78세,중상
2022030900100327,2022년 3월 9일 19시,수요일,부산광역시 부산진구 개금동,중상사고,0,1,0,0,차대사람 - 횡단중,보행자보호의무위반,건조,맑음,단일로 - 기타,승용,남,33세,상해없음,보행자,여,89세,중상
2022030900100373,2022년 3월 9일 21시,수요일,부산광역시 남구 대연동,경상사고,0,0,1,0,차대차 - 추돌,안전운전불이행,건조,흐림,단일로 - 고가도로위,승용,여,37세,상해없음,이륜,남,23세,경상
2022030900100390,2022년 3월 9일 22시,수요일,부산광역시 수영구 광안동,경상사고,0,0,1,0,차대차 - 추돌,안전운전불이행,건조,맑음,교차로 - 교차로안,승용,남,22세,상해없음,이륜,남,41세,경상