사고번호,사고일시,요일,시군구,사고내용,사망자수,중상자수,경상자수,부상신고자수,사고유형,법규위반,노면상태,기상상태,도로형태,가해운전자 차종,가해운전자 성별,가해운전자 연령,가해운전자 상해정도,피해운전자 차종,피해운전자 성별,피해운전자 연령,피해운전자 상해정도
2022032000100167,2022년 3월 20일 16시,일요일,부산광역시 금정구 장전동,중상사고,0,1,0,0,차대사람 - 횡단중,보행자보호의무위반,건조,맑음,교차로 - 교차로안,승용,남,32세,상해없음,보행자,여,87세,중상
2022032000100168,2022년 3월 20일 16시,일요일,부산광역시 사하구 당리동,경상사고,0,0,1,0,차대차 - 추돌,교차로운행방법위반,건조,맑음,교차로 - 교차로안,승용,남,71세,상해없음,원동기,남,57세,경상
2022032000100184,2022년 3월 20일 17시,일요일,부산광역시 남구 대연동,중상사고,0,1,0,0,차대사람 - 차도통행중,교차로운행방법위반,건조,맑음,교차로 - 교차로부근,승용,남,54세,상해없음,보행자,여,70세,중상
2022032000100185,2022년 3월 20일 17시,일요일,부산광역시 남구 문현동,경상사고,0,0,1,0,차대차 - 정면충돌,안전운전불이행,건조,맑음,단일로 - 기타,승용,남,60세,상해없음,승용,남,60세,경상
2022032000100209,2022년 3월 20일 18시,일요일,부산광역시 동구 범일동,경상사고,0,0,1,0,차대사람 - 보도통행중,안전운전불이행,건조,맑음,단일로 - 기타,승용,남,55세,상해없음,보행자,남,62세,경상
2022032000100210,2022년 3월 20일 18시,일요일,부산광역시 사하구 신평동,경상사고,0,0,1,0,차대차 - 측면충돌,신호위반,건조,맑음,교차로 - 교차로안,승용,남,42세,상해없음,승용,남,34세,경상
2022032000100211,2022년 3월 20일 18시,일요일,부산광역시 연제구 연산동,경상사고,0,0,1,0,차대차 - 추돌,직진우회전진행방해,건조,맑음,교차로 - 교차로안,승용,남,49세,상해없음,이륜,남,26세,경상
2022032000100245,2022년 3월 20일 20시,일요일,부산광역시 기장군 기장읍,경상사고,0,0,2,0,차대차 - 측면충돌,신호위반,건조,맑음,교차로 - 교차로부근,승용,남,59세,상해없음,승용,남,36세,경상
2022032000100269,2022년 3월 20일 21시,일요일,부산광역시 해운대구 재송동,경상사고,0,0,2,0,차대차 - 측면충돌,안전운전불이행,건조,맑음,단일로 - 기타,승용,남,29세,상해없음,승용,남,69세,상해없음
2022032000100270,2022년 3월 20일 21시,일요일,부산광역시 사상구 괘법동,중상사고,0,1,1,0,차대차 - 측면충돌,안전거리미확보,건조,맑음,교차로 - 교차로부근,이륜,남,29세,중상,이륜,남,23세,경상
2022032000100282,2022년 3월 20일 22시,일요일,부산광역시 중구 영주동,경상사고,0,0,1,1,차대차 - 측면충돌,교차로운행방법위반,건조,맑음,교차로 - 교차로안,승용,남,31세,부상신고,승용,남,42세,경상
2022032000100301,2022년 3월 20일 23시,일요일,부산광역시 중구 영주동,중상사고,0,1,1,0,차대차 - 정면충돌,안전운전불이행,건조,맑음,교차로 - 교차로안,승용,남,21세,경상,이륜,남,41세,중상
2022032100100001,2022년 3월 21일 00시,월요일,부산광역시 부산진구 부전동,경상사고,0,0,1,0,차대사람 - 횡단중,안전운전불이행,건조,맑음,기타 - 기타,승용,남,59세,상해없음,보행자,남,28세,경상
2022032100100016,2022년 3월 21일 03시,월요일,부산광역시 사하구 당리동,부상신고사고,0,0,0,1,차대차 - 기타,안전운전불이행,건조,맑음,단일로 - 기타,이륜,여,17세,부상신고,승용,남,39세,상해없음
2022032100100020,2022년 3월 21일 05시,월요일,부산광역시 부산진구 양정동,부상신고사고,0,0,0,2,차대차 - 추돌,안전운전불이행,건조,맑음,단일로 - 기타,승용,남,58세,부상신고,승용,남,66세,기타불명
2022032100100027,2022년 3월 21일 06시,월요일,부산광역시 수영구 남천동,경상사고,0,0,1,0,차대차 - 기타,안전거리미확보,건조,맑음,단일로 - 기타,화물,남,59세,상해없음,승용,남,50세,경상
2022032100100037,2022년 3월 21일 07시,월요일,부산광역시 강서구 송정동,중상사고,0,1,0,0,차대차 - 측면충돌,안전거리미확보,건조,맑음,단일로 - 지하차도(도로)내,승용,남,50세,상해없음,승용,남,45세,중상
2022032100100086,2022년 3월 21일 09시,월요일,부산광역시 사하구 감천동,경상사고,0,0,1,0,차대차 - 추돌,안전운전불이행,건조,맑음,단일로 - 기타,승용,남,27세,상해없음,화물,남,63세,경상
2022032100100108,2022년 3월 21일 10시,월요일,부산광역시 북구 구포동,중상사고,0,1,0,0,차대사람 - 기타,안전운전불이행,건조,맑음,기타 - 기타,화물,남,61세,상해없음,보행자,여,79세,중상
2022032100100109,2022년 3월 21일 10시,월요일,부산광역시 금정구 장전동,경상사고,0,0,1,0,차대차 - 측면충돌,안전운전불이행,건조,맑음,교차로 - 교차로안,이륜,남,51세,경상,승용,남,54세,상해없음
2022032100100138,2022년 3월 21일 11시,월요일,부산광역시 동구 범일동,경상사고,0,0,1,0,차대차 - 측면충돌,신호위반,건조,맑음,교차로 - 교차로안,승용,여,61세,상해없음,승용,여,52세,경상
2022032100100139,2022년 3월 21일 11시,월요일,부산광역시 수영구 광안동,중상사고,0,1,0,0,차대사람 - 횡단중,신호위반,건조,맑음,단일로 - 기타,자전거,남,50세,상해없음,보행자,여,58세,중상
2022032100100161,2022년 3월 21일 12시,월요일,부산광역시 북구 화명동,경상사고,0,0,1,0,차대차 - 기타,안전운전불이행,건조,맑음,단일로 - 기타,이륜,남,29세,경상,승용,남,68세,상해없음
2022032100100162,2022년 3월 21일 12시,월요일,부산광역시 강서구 대저2동,경상사고,0,0,1,0,차대사람 - 차도통행중,안전운전불이행,건조,맑음,단일로 - 기타,승용,남,65세,상해없음,보행자,여,18세,경상
2022032100100264,2022년 3월 21일 16시,월요일,부산광역시 금정구 장전동,중상사고,0,1,0,0,차대차 - 추돌,안전거리미확보,건조,맑음,교차로 - 교차로부근,승용,남,64세,상해없음,승용,남,41세,중상
2022032100100265,2022년 3월 21일 16시,월요일,부산광역시 연제구 연산동,경상사고,0,0,1,0,차대차 - 측면충돌,교차로운행방법위반,건조,맑음,교차로 - 교차로안,승용,남,47세,상해없음,이륜,남,48세,경상
2022032100100294,2022년 3월 21일 17시,월요일,부산광역시 동래구 온천동,경상사고,0,0,1,0,차대사람 - 기타,안전운전불이행,건조,맑음,교차로 - 교차로부근,승합,남,79세,상해없음,보행자,남,24세,경상
2022032100100324,2022년 3월 21일 18시,월요일,부산광역시 금정구 구서동,경상사고,0,0,1,0,차대차 - 측면충돌,교차로운행방법위반,건조,맑음,교차로 - 교차로안,승용,남,40세,상해없음,이륜,남,35세,경상
2022032100100325,2022년 3월 21일 18시,월요일,부산광역시 연제구 거제동,경상사고,0,0,1,0,차대차 - 기타,신호위반,건조,맑음,단일로 - 기타,승용,남,53세,상해없음,승용,남,61세,경상
2022032100100351,2022년 3월 21일 19시,월요일,부산광역시 동래구 명장동,중상사고,0,1,0,0,차대차 - 측면충돌,안전운전불이행,건조,맑음,교차로 - 교차로안,승용,여,24세,상해없음,승용,여,56세,중상
2022032100100352,2022년 3월 21일 19시,월요일,부산광역시 강서구 명지동,경상사고,0,0,1,0,차대차 - 측면충돌,신호위반,건조,맑음,교차로 - 교차로안,승용,남,34세,상해없음,승용,남,28세,경상
2022032100100390,2022년 3월 21일 21시,월요일,부산광역시 부산진구 부전동,경상사고,0,0,1,0,차대사람 - 기타,안전운전불이행,건조,맑음,단일로 - 기타,승용,남,18세,상해없음,보행자,남,74세,경상
2022032100100422,2022년 3월 21일 23시,월요일,부산광역시 사하구 당리동,중상사고,0,1,1,0,차대차 - 추돌,신호위반,젖음/습기,비,교차로 - 교차로안,승용,남,66세,상해없음,승용,남,30세,경상
2022032100100423,2022년 3월 21일 23시,월요일,부산광역시 사하구 다대동,중상사고,0,1,0,0,차대사람 - 기타,신호위반,젖음/습기,비,교차로 - 교차로횡단보도내,이륜,남,41세,상해없음,보행자,여,25세,중상
2022032200100001,2022년 3월 22일 00시,화요일,부산광역시 해운대구 우동,중상사고,0,1,0,0,차대차 - 기타,교차로운행방법위반,젖음/습기,비,교차로 - 교차로안,승용,남,60세,상해없음,이륜,남,47세,중상
2022032200100040,2022년 3월 22일 08시,화요일,부산광역시 남구 문현동,중상사고,0,1,0,0,차대차 - 정면충돌,안전운전불이행,건조,맑음,교차로 - 교차로부근,승용,남,40세,상해없음,승용,남,58세,중상
2022032200100057,2022년 3월 22일 09시,화요일,부산광역시 기장군 기장읍,경상사고,0,0,2,0,차대사람 - 기타,안전운전불이행,건조,맑음,단일로 - 기타,승용,여,65세,상해없음,보행자,남,66세,경상
2022032200100083,2022년 3월 22일 10시,화요일,부산광역시 해운대구 반여동,경상사고,0,0,1,0,차대차 - 추돌,안전운전불이행,건조,맑음,단일로 - 기타,화물,남,60세,상해없음,승용,여,38세,경상
2022032200100113,2022년 3월 22일 11시,화요일,부산광역시 북구 만덕동,중상사고,0,1,0,0,차대차 - 측면충돌,교차로운행방법위반,건조,맑음,교차로 - 교차로안,승용,남,66세,상해없음,원동기,남,27세,중상
2022032200100114,2022년 3월 22일 11시,화요일,부산광역시 영도구 봉래동1가,경상사고,0,0,1,0,차대차 - 정면충돌,교차로운행방법위반,건조,맑음,교차로 - 교차로안,건설기계,남,53세,상해없음,이륜,남,27세,경상
2022032200100115,2022년 3월 22일 11시,화요일,부산광역시 부산진구 부전동,경상사고,0,0,1,0,차량단독 - 전도전복 - 전도,안전운전불이행,건조,맑음,단일로 - 기타,이륜,남,64세,경상,,,,
2022032200100169,2022년 3월 22일 13시,화요일,부산광역시 연제구 연산동,중상사고,0,1,0,0,차대차 - 기타,안전운전불이행,건조,맑음,교차로 - 교차로안,승용,남,50세,상해없음,승용,여,46세,중상
2022032200100189,2022년 3월 22일 14시,화요일,부산광역시 부산진구 부전동,경상사고,0,0,1,1,차대차 - 추돌,안전운전불이행,건조,기타,교차로 - 교차로부근,승용,남,60세,상해없음,승용,여,66세,경상
2022032200100214,2022년 3월 22일 15시,화요일,부산광역시 서구 충무동3가,경상사고,0,0,1,0,차대차 - 측면충돌,신호위반,건조,맑음,교차로 - 교차로안,이륜,남,57세,상해없음,화물,남,68세,경상
2022032200100215,2022년 3월 22일 15시,화요일,부산광역시 기장군 기장읍,중상사고,0,1,0,0,차대사람 - 횡단중,보행자보호의무위반,건조,맑음,교차로 - 교차로부근,승용,여,43세,상해없음,보행자,남,56세,중상
2022032200100247,2022년 3월 22일 16시,화요일,부산광역시 동구 초량동,경상사고,0,0,1,0,차대차 - 기타,안전운전불이행,건조,맑음,교차로 - 교차로안,특수,남,30세,상해없음,개인형이동수단(PM),남,43세,경상
2022032200100286,2022년 3월 22일 17시,화요일,부산광역시 사하구 하단동,중상사고,0,1,0,0,차대차 - 기타,차로위반,건조,맑음,단일로 - 기타,승용,남,71세,상해없음,이륜,남,46세,중상
2022032200100287,2022년 3월 22일 17시,화요일,부산광역시 강서구 송정동,경상사고,0,0,1,0,차대차 - 측면충돌,교차로운행방법위반,건조,맑음,교차로 - 교차로안,승용,남,45세,상해없음,승용,남,36세,경상
2022032200100319,2022년 3월 22일 18시,화요일,부산광역시 부산진구 가야동,경상사고,0,0,1,0,차대차 - 정면충돌,신호위반,건조,맑음,교차로 - 교차로안,승용,여,63세,상해없음,이륜,남,17세,경상
2022032200100320,2022년 3월 22일 18시,화요일,부산광역시 금정구 장전동,경상사고,0,0,1,0,차대사람 - 차도통행중,안전운전불이행,건조,맑음,단일로 - 기타,승용,여,42세,상해없음,보행자,남,62세,경상
2022032200100321,2022년 3월 22일 18시,화요일,부산광역시 연제구 연산동,경상사고,0,0,2,0,차대차 - 기타,안전운전불이행,건조,맑음,교차로 - 교차로부근,이륜,남,28세,기타불명,승용,남,36세,경상
2022032200100353,2022년 3월 22일 19시,화요일,부산광역시 사하구 하단동,중상사고,0,1,0,0,차대차 - 기타,안전운전불이행,건조,맑음,교차로 - 교차로부근,승용,남,63세,상해없음,이륜,남,25세,중상
2022032200100378,2022년 3월 22일 20시,화요일,부산광역시 동구 좌천동,중상사고,0,1,0,0,차대사람 - 횡단중,안전운전불이행,건조,맑음,단일로 - 기타,승용,남,74세,상해없음,보행자,여,61세,중상
2022032200100404,2022년 3월 22일 21시,화요일,부산광역시 수영구 수영동,경상사고,0,0,1,0,차대사람 - 길가장자리구역통행중,안전운전불이행,건조,맑음,단일로 - 기타,승용,여,53세,상해없음,보행자,여,57세,경상
2022032200100428,2022년 3월 22일 22시,화요일,부산광역시 북구 덕천동,중상사고,0,1,0,0,차대사람 - 횡단중,신호위반,건조,맑음,교차로 - 교차로횡단보도내,이륜,남,49세,상해없음,보행자,여,26세,중상
2022032300100016,2022년 3월 23일 02시,수요일,부산광역시 금정구 부곡동,경상사고,0,0,1,0,차대차 - 추돌,안전운전불이행,건조,맑음,교차로 - 교차로부근,승용,남,25세,상해없음,승용,여,59세,경상
2022032300100045,2022년 3월 23일 07시,수요일,부산광역시 강서구 녹산동,부상신고사고,0,0,0,1,차대차 - 추돌,안전거리미확보,건조,맑음,단일로 - 기타,이륜,남,71세,상해없음,승용,남,58세,부상신고
2022032300100061,2022년 3월 23일 08시,수요일,부산광역시 서구 서대신동3가,경상사고,0,0,1,0,차대사람 - 횡단중,안전운전불이행,건조,맑음,단일로 - 기타,승용,남,58세,상해없음,보행자,여,10세,경상
2022032300100102,2022년 3월 23일 10시,수요일,부산광역시 해운대구 우동,중상사고,0,1,0,0,차대사람 - 횡단중,보행자보호의무위반,건조,맑음,교차로 - 교차로부근,화물,남,69세,상해없음,보행자,남,54세,중상
2022032300100129,2022년 3월 23일 11시,수요일,부산광역시 기장군 일광읍,중상사고,0,1,2,0,차대차 - 추돌,안전운전불이행,건조,맑음,교차로 - 교차로부근,건설기계,남,66세,상해없음,승용,남,46세,중상
2022032300100157,2022년 3월 23일 12시,수요일,부산광역시 북구 금곡동,경상사고,0,0,1,0,차대차 - 기타,차로위반,건조,맑음,단일로 - 기타,승용,남,62세,상해없음,승용,남,43세,경상
2022032300100177,2022년 3월 23일 13시,수요일,부산광역시 영도구 봉래동1가,중상사고,0,1,0,0,차대차 - 측면충돌,신호위반,건조,맑음,교차로 - 교차로안,이륜,남,56세,상해없음,이륜,남,49세,중상
2022032300100199,2022년 3월 23일 14시,수요일,부산광역시 동래구 온천동,경상사고,0,0,1,0,차대사람 - 기타,안전운전불이행,건조,맑음,단일로 - 기타,승용,여,46세,상해없음,보행자,남,81세,경상
2022032300100200,2022년 3월 23일 14시,수요일,부산광역시 금정구 남산동,경상사고,0,0,1,0,차량단독 - 기타,안전운전불이행,건조,맑음,단일로 - 지하차도(도로)내,승합,여,60세,상해없음,,,,
2022032300100224,2022년 3월 23일 15시,수요일,부산광역시 동구 수정동,경상사고,0,0,2,0,차대차 - 측면충돌,신호위반,건조,맑음,교차로 - 교차로안,승합,남,53세,상해없음,승용,남,61세,경상
2022032300100225,2022년 3월 23일 15시,수요일,부산광역시 남구 문현동,경상사고,0,0,4,0,차대차 - 정면충돌,교차로운행방법위반,건조,맑음,교차로 - 교차로안,승용,남,73세,기타불명,승용,여,37세,경상
2022032300100276,2022년 3월 23일 17시,수요일,부산광역시 남구 용호동,경상사고,0,0,1,0,차대사람 - 길가장자리구역통행중,안전운전불이행,건조,맑음,교차로 - 교차로부근,화물,남,46세,상해없음,보행자,여,69세,경상
2022032300100277,2022년 3월 23일 17시,수요일,부산광역시 연제구 거제동,경상사고,0,0,1,0,차대차 - 측면충돌,안전거리미확보,건조,맑음,단일로 - 기타,승용,여,52세,상해없음,승용,남,34세,경상
2022032300100278,2022년 3월 23일 17시,수요일,부산광역시 연제구 연산동,중상사고,0,1,0,0,차대차 - 측면충돌,신호위반,건조,맑음,교차로 - 교차로안,승용,남,77세,상해없음,이륜,남,36세,중상
2022032300100279,2022년 3월 23일 17시,수요일,부산광역시 기장군 정관읍,경상사고,0,0,1,0,차대차 - 기타,중앙선침범,건조,맑음,교차로 - 교차로부근,승용,남,71세,상해없음,이륜,남,40세,경상
2022032300100343,2022년 3월 23일 19시,수요일,부산광역시 중구 대청동3가,중상사고,0,1,0,0,차대차 - 측면충돌,신호위반,건조,맑음,단일로 - 기타,승용,남,68세,상해없음,이륜,여,26세,중상
2022032300100344,2022년 3월 23일 19시,수요일,부산광역시 동구 범일동,중상사고,0,1,0,0,차대사람 - 기타,안전운전불이행,건조,맑음,단일로 - 기타,승용,남,46세,상해없음,보행자,여,89세,중상
2022032300100345,2022년 3월 23일 19시,수요일,부산광역시 사하구 하단동,경상사고,0,0,1,0,차대차 - 측면충돌,안전운전불이행,건조,맑음,교차로 - 교차로안,승용,여,45세,상해없음,승용,남,52세,경상
2022032300100346,2022년 3월 23일 19시,수요일,부산광역시 강서구 대저1동,경상사고,0,0,2,0,차대차 - 추돌,안전운전불이행,건조,맑음,단일로 - 기타,화물,남,54세,상해없음,승용,남,25세,경상
2022032300100401,2022년 3월 23일 21시,수요일,부산광역시 부산진구 양정동,중상사고,0,1,2,0,차대차 - 측면충돌,신호위반,건조,맑음,교차로 - 교차로안,승합,남,44세,상해없음,이륜,남,22세,중상
2022032300100427,2022년 3월 23일 22시,수요일,부산광역시 서구 동대신동3가,중상사고,0,1,0,0,차대차 - 측면충돌,중앙선침범,건조,맑음,교차로 - 교차로안,승용,여,45세,상해없음,승합,남,42세,중상
2022032400100027,2022년 3월 24일 06시,목요일,부산광역시 서구 초장동,중상사고,0,1,0,0,차량단독 - 기타,기타,건조,맑음,단일로 - 지하차도(도로)내,승용,여,62세,중상,,,,
2022032400100028,2022년 3월 24일 06시,목요일,부산광역시 사상구 감전동,경상사고,0,0,2,0,차대차 - 측면충돌,안전거리미확보,건조,맑음,단일로 - 지하차도(도로)내,승용,남,55세,경상,승용,남,48세,경상
2022032400100036,2022년 3월 24일 07시,목요일,부산광역시 사하구 괴정동,경상사고,0,0,1,0,차대차 - 추돌,안전운전불이행,건조,맑음,단일로 - 기타,승용,남,44세,상해없음,승용,남,58세,경상
2022032400100048,2022년 3월 24일 08시,목요일,부산광역시 사상구 학장동,중상사고,0,1,0,0,차대사람 - 길가장자리구역통행중,안전운전불이행,건조,맑음,단일로 - 기타,자전거,남,16세,기타불명,보행자,여,52세,중상
2022032400100081,2022년 3월 24일 09시,목요일,부산광역시 사하구 신평동,중상사고,0,1,0,0,차대차 - 추돌,안전운전불이행,건조,맑음,단일로 - 기타,승용,남,61세,상해없음,승용,남,32세,중상
2022032400100082,2022년 3월 24일 09시,목요일,부산광역시 강서구 명지동,중상사고,0,1,0,0,차대차 - 후진중충돌,안전운전불이행,건조,맑음,단일로 - 기타,화물,남,54세,상해없음,승용,남,44세,중상
2022032400100101,2022년 3월 24일 10시,목요일,부산광역시 남구 문현동,경상사고,0,0,1,0,차대차 - 기타,안전운전불이행,건조,맑음,단일로 - 기타,건설기계,남,50세,상해없음,승용,남,30세,경상
2022032400100102,2022년 3월 24일 10시,목요일,부산광역시 사하구 괴정동,부상신고사고,0,0,0,1,차량단독 - 기타,안전운전불이행,건조,맑음,단일로 - 기타,승합,남,63세,상해없음,,,,
2022032400100103,2022년 3월 24일 10시,목요일,부산광역시 연제구 거제동,경상사고,0,0,1,0,차대차 - 측면충돌,안전운전불이행,건조,맑음,단일로 - 기타,승용,남,63세,상해없음,이륜,남,36세,경상
2022032400100130,2022년 3월 24일 11시,목요일,부산광역시 사상구 모라동,경상사고,0,0,1,1,차대차 - 추돌,안전운전불이행,건조,맑음,단일로 - 터널,승용,남,81세,상해없음,승용,남,78세,부상신고
2022032400100151,2022년 3월 24일 12시,목요일,부산광역시 남구 용호동,경상사고,0,0,1,0,차대사람 - 기타,안전운전불이행,건조,맑음,단일로 - 기타,승합,남,46세,상해없음,보행자,여,81세,경상
2022032400100152,2022년 3월 24일 12시,목요일,부산광역시 남구 문현동,중상사고,0,1,0,0,차대차 - 기타,신호위반,건조,맑음,교차로 - 교차로안,승용,남,71세,상해없음,이륜,남,75세,중상
2022032400100153,2022년 3월 24일 12시,목요일,부산광역시 해운대구 반여동,경상사고,0,0,2,0,차대차 - 정면충돌,중앙선침범,건조,맑음,단일로 - 기타,승용,여,37세,경상,승용,여,30세,경상
2022032400100154,2022년 3월 24일 12시,목요일,부산광역시 사하구 장림동,경상사고,0,0,1,0,차대차 - 추돌,안전운전불이행,건조,맑음,단일로 - 기타,이륜,남,29세,경상,승용,여,40세,기타불명
2022032400100155,2022년 3월 24일 12시,목요일,부산광역시 연제구 연산동,중상사고,0,2,0,0,차대차 - 추돌,기타,건조,맑음,교차로 - 교차로부근,승용,남,64세,상해없음,승용,여,35세,중상
2022032400100181,2022년 3월 24일 13시,목요일,부산광역시 연제구 거제동,경상사고,0,0,2,0,차대차 - 측면충돌,안전거리미확보,건조,맑음,단일로 - 기타,승용,여,64세,경상,승용,남,50세,경상
2022032400100182,2022년 3월 24일 13시,목요일,부산광역시 기장군 정관읍,중상사고,0,1,0,0,차대사람 - 횡단중,보행자보호의무위반,건조,맑음,교차로 - 교차로횡단보도내,승합,여,47세,상해없음,보행자,남,8세,중상
2022032400100205,2022년 3월 24일 14시,목요일,부산광역시 해운대구 우동,중상사고,0,1,0,0,차대차 - 추돌,안전운전불이행,건조,맑음,단일로 - 기타,승용,남,32세,상해없음,승용,여,42세,중상
2022032400100206,2022년 3월 24일 14시,목요일,부산광역시 사하구 신평동,경상사고,0,0,1,0,차대차 - 기타,차로위반,건조,맑음,교차로 - 교차로부근,승용,여,56세,기타불명,화물,남,47세,경상
2022032400100237,2022년 3월 24일 15시,목요일,부산광역시 남구 용당동,경상사고,0,0,1,0,차대사람 - 기타,안전운전불이행,건조,맑음,단일로 - 기타,승용,남,58세,상해없음,보행자,여,64세,경상
2022032400100238,2022년 3월 24일 15시,목요일,부산광역시 영도구 동삼동,중상사고,0,1,0,0,차대사람 - 횡단중,보행자보호의무위반,건조,맑음,기타 - 기타,승용,여,38세,기타불명,보행자,여,59세,중상
2022032400100239,2022년 3월 24일 15시,목요일,부산광역시 해운대구 중동,중상사고,0,1,0,0,차대차 - 기타,교차로운행방법위반,건조,맑음,단일로 - 기타,원동기,남,56세,상해없음,자전거,남,47세,중상
2022032400100240,2022년 3월 24일 15시,목요일,부산광역시 강서구 명지동,경상사고,0,0,2,0,차대차 - 추돌,안전운전불이행,건조,맑음,단일로 - 기타,승용,여,66세,상해없음,승용,남,32세,경상
2022032400100265,2022년 3월 24일 16시,목요일,부산광역시 동구 범일동,경상사고,0,0,1,0,차대사람 - 기타,안전운전불이행,건조,맑음,단일로 - 기타,승용,남,34세,상해없음,보행자,여,70세,경상
2022032400100266,2022년 3월 24일 16시,목요일,부산광역시 동래구 온천동,중상사고,0,1,0,0,차대차 - 측면충돌,차로위반,건조,맑음,단일로 - 기타,승용,남,30세,상해없음,원동기,남,29세,중상
2022032400100302,2022년 3월 24일 17시,목요일,부산광역시 서구 암남동,중상사고,0,2,0,0,차대차 - 측면충돌,중앙선침범,건조,맑음,기타 - 기타,승용,여,55세,상해없음,승용,남,38세,중상
2022032400100341,2022년 3월 24일 18시,목요일,부산광역시 남구 대연동,경상사고,0,0,1,0,차대차 - 추돌,안전운전불이행,건조,맑음,교차로 - 교차로안,승합,남,37세,상해없음,이륜,남,51세,경상
2022032400100342,2022년 3월 24일 18시,목요일,부산광역시 강서구 명지동,경상사고,0,0,1,0,차대사람 - 기타,신호위반,건조,맑음,교차로 - 교차로부근,자전거,남,11세,상해없음,보행자,여,29세,경상
2022032400100372,2022년 3월 24일 19시,목요일,부산광역시 남구 대연동,중상사고,0,1,0,0,차대차 - 측면충돌,안전운전불이행,건조,맑음,교차로 - 교차로안,승용,남,56세,상해없음,이륜,남,23세,중상
2022032400100373,2022년 3월 24일 19시,목요일,부산광역시 수영구 광안동,중상사고,0,1,0,0,차대차 - 기타,안전운전불이행,건조,맑음,교차로 - 교차로안,이륜,남,22세,상해없음,이륜,남,23세,중상
2022032400100374,2022년 3월 24일 19시,목요일,부산광역시 금정구 부곡동,경상사고,0,0,1,0,차대차 - 기타,안전운전불이행,건조,맑음,기타 - 기타,자전거,기타불명,미분류,기타불명,자전거,남,14세,경상
2022032400100411,2022년 3월 24일 20시,목요일,부산광역시 남구 용호동,경상사고,0,0,1,0,차대차 - 기타,신호위반,건조,맑음,교차로 - 교차로안,승합,남,60세,상해없음,이륜,남,17세,경상
2022032400100412,2022년 3월 24일 20시,목요일,부산광역시 기장군 일광읍,경상사고,0,0,5,0,차대차 - 기타,직진우회전진행방해,건조,맑음,교차로 - 교차로안,승용,여,20세,경상,승용,남,63세,경상
2022032500100003,2022년 3월 25일 00시,금요일,부산광역시 부산진구 연지동,경상사고,0,0,1,0,차대차 - 기타,안전운전불이행,건조,기타,단일로 - 기타,화물,남,37세,상해없음,자전거,남,61세,경상
2022032500100004,2022년 3월 25일 00시,금요일,부산광역시 사하구 구평동,경상사고,0,0,1,0,차대차 - 기타,중앙선침범,건조,맑음,단일로 - 기타,기타불명,기타불명,미분류,기타불명,승용,남,32세,경상
2022032500100037,2022년 3월 25일 07시,금요일,부산광역시 금정구 회동동,중상사고,0,1,2,0,차대차 - 추돌,직진우회전진행방해,건조,맑음,교차로 - 교차로안,건설기계,남,69세,경상,화물,남,40세,경상
2022032500100038,2022년 3월 25일 07시,금요일,부산광역시 사상구 괘법동,중상사고,0,1,0,0,차대차 - 추돌,안전거리미확보,건조,맑음,단일로 - 지하차도(도로)내,승용,남,68세,기타불명,승합,남,47세,상해없음
2022032500100057,2022년 3월 25일 08시,금요일,부산광역시 남구 대연동,경상사고,0,0,1,0,차대차 - 측면충돌,안전운전불이행,건조,맑음,교차로 - 교차로안,승용,여,38세,기타불명,승용,남,46세,경상
2022032500100058,2022년 3월 25일 08시,금요일,부산광역시 사하구 장림동,중상사고,0,1,0,0,차대차 - 추돌,안전운전불이행,건조,맑음,단일로 - 기타,승용,남,44세,기타불명,승용,여,34세,상해없음
2022032500100091,2022년 3월 25일 09시,금요일,부산광역시 동래구 명장동,경상사고,0,0,1,0,차대차 - 기타,안전운전불이행,건조,맑음,단일로 - 기타,승합,남,74세,상해없음,승용,남,35세,경상
2022032500100092,2022년 3월 25일 09시,금요일,부산광역시 연제구 거제동,경상사고,0,0,1,0,차대차 - 측면충돌,교차로운행방법위반,건조,맑음,교차로 - 교차로안,승용,남,70세,상해없음,원동기,남,75세,경상
2022032500100113,2022년 3월 25일 10시,금요일,부산광역시 부산진구 전포동,경상사고,0,0,1,0,차대사람 - 횡단중,안전운전불이행,건조,맑음,단일로 - 기타,화물,남,54세,상해없음,보행자,여,77세,경상
2022032500100190,2022년 3월 25일 13시,금요일,부산광역시 서구 서대신동3가,중상사고,0,1,0,0,차대사람 - 횡단중,보행자보호의무위반,건조,맑음,단일로 - 지하차도(도로)내,이륜,남,32세,상해없음,보행자,여,63세,중상
2022032500100191,2022년 3월 25일 13시,금요일,부산광역시 동래구 사직동,경상사고,0,0,1,0,차대사람 - 차도통행중,안전운전불이행,건조,맑음,단일로 - 기타,승용,남,60세,상해없음,보행자,남,60세,경상
2022032500100193,2022년 3월 25일 13시,금요일,부산광역시 기장군 기장읍,경상사고,0,0,3,0,차대차 - 기타,안전운전불이행,건조,맑음,단일로 - 기타,승용,여,30세,상해없음,승용,여,24세,경상
2022032500100218,2022년 3월 25일 14시,금요일,부산광역시 북구 화명동,경상사고,0,0,1,0,차량단독 - 기타,기타,건조,맑음,단일로 - 지하차도(도로)내,승합,남,69세,상해없음,,,,
2022032500100219,2022년 3월 25일 14시,금요일,부산광역시 연제구 거제동,경상사고,0,0,1,0,차대차 - 추돌,교차로운행방법위반,건조,맑음,단일로 - 기타,승용,남,47세,상해없음,이륜,여,47세,경상
2022032500100249,2022년 3월 25일 15시,금요일,부산광역시 서구 서대신동3가,경상사고,0,0,1,0,차대사람 - 횡단중,신호위반,건조,맑음,교차로 - 교차로안,승용,남,85세,상해없음,보행자,여,73세,경상