사고번호,사고일시,요일,시군구,사고내용,사망자수,중상자수,경상자수,부상신고자수,사고유형,법규위반,노면상태,기상상태,도로형태,가해운전자 차종,가해운전자 성별,가해운전자 연령,가해운전자 상해정도,피해운전자 차종,피해운전자 성별,피해운전자 연령,피해운전자 상해정도
2022040300100127,2022년 4월 3일 13시,일요일,부산광역시 강서구 대저2동,경상사고,0,0,1,0,차대차 - 기타,안전운전불이행,건조,맑음,단일로 - 기타,승용,여,41세,상해없음,자전거,남,29세,경상
2022040300100160,2022년 4월 3일 14시,일요일,부산광역시 해운대구 우동,중상사고,0,1,0,0,차대차 - 측면충돌,신호위반,건조,맑음,교차로 - 교차로안,자전거,남,38세,중상,승용,남,66세,상해없음
2022040300100161,2022년 4월 3일 14시,일요일,부산광역시 부산진구 전포동,경상사고,0,0,2,0,차대사람 - 횡단중,보행자보호의무위반,건조,맑음,교차로 - 교차로안,이륜,남,26세,상해없음,보행자,여,24세,경상
2022040300100162,2022년 4월 3일 14시,일요일,부산광역시 사상구 괘법동,중상사고,0,2,0,0,차대사람 - 보도통행중,보행자보호의무위반,건조,맑음,교차로 - 교차로부근,승용,남,28세,상해없음,보행자,여,47세,중상
2022040300100240,2022년 4월 3일 16시,일요일,부산광역시 동래구 안락동,부상신고사고,0,0,0,2,차대차 - 측면충돌,안전거리미확보,건조,맑음,교차로 - 교차로안,승용,남,56세,상해없음,승합,남,44세,부상신고
2022040300100302,2022년 4월 3일 18시,일요일,부산광역시 수영구 수영동,경상사고,0,0,2,0,차대차 - 추돌,안전운전불이행,건조,맑음,단일로 - 기타,승용,남,27세,상해없음,승용,남,29세,경상
2022040300100333,2022년 4월 3일 19시,일요일,부산광역시 부산진구 부전동,경상사고,0,0,1,1,차대차 - 추돌,안전운전불이행,건조,기타,단일로 - 기타,이륜,남,57세,부상신고,이륜,남,26세,경상
2022040300100334,2022년 4월 3일 19시,일요일,부산광역시 부산진구 개금동,중상사고,0,1,0,0,차대차 - 기타,안전거리미확보,건조,맑음,단일로 - 기타,승용,남,45세,상해없음,이륜,남,44세,중상
2022040300100335,2022년 4월 3일 19시,일요일,부산광역시 금정구 부곡동,중상사고,0,1,0,0,차대차 - 측면충돌,기타,건조,맑음,교차로 - 교차로부근,승용,남,24세,상해없음,원동기,남,24세,중상
2022040300100357,2022년 4월 3일 20시,일요일,부산광역시 수영구 민락동,중상사고,0,1,1,0,차대차 - 추돌,안전운전불이행,건조,맑음,단일로 - 기타,원동기,남,43세,중상,승용,남,41세,경상
2022040300100397,2022년 4월 3일 22시,일요일,부산광역시 해운대구 우동,경상사고,0,0,1,0,차대차 - 기타,신호위반,건조,흐림,교차로 - 교차로안,승용,남,23세,상해없음,이륜,남,38세,경상
2022040300100398,2022년 4월 3일 22시,일요일,부산광역시 부산진구 부전동,부상신고사고,0,0,0,1,차대사람 - 기타,안전운전불이행,건조,기타,교차로 - 교차로부근,승용,남,21세,상해없음,보행자,남,23세,부상신고
2022040300100399,2022년 4월 3일 22시,일요일,부산광역시 금정구 서동,중상사고,0,1,0,0,차대사람 - 횡단중,안전운전불이행,건조,맑음,단일로 - 기타,승용,남,72세,상해없음,보행자,남,64세,중상
2022040300100418,2022년 4월 3일 23시,일요일,부산광역시 부산진구 부전동,경상사고,0,0,1,0,차대차 - 기타,안전운전불이행,건조,맑음,단일로 - 기타,승용,남,31세,경상,화물,남,59세,상해없음
2022040400100003,2022년 4월 4일 00시,월요일,부산광역시 부산진구 가야동,중상사고,0,2,0,0,차대차 - 측면충돌,안전운전불이행,건조,맑음,단일로 - 기타,이륜,남,18세,중상,승용,남,67세,상해없음
2022040400100004,2022년 4월 4일 00시,월요일,부산광역시 금정구 부곡동,경상사고,0,0,4,0,차대차 - 측면충돌,안전운전불이행,건조,맑음,교차로 - 교차로부근,승용,남,51세,상해없음,승용,여,65세,경상
2022040400100017,2022년 4월 4일 02시,월요일,부산광역시 부산진구 부전동,경상사고,0,0,1,0,차대차 - 추돌,안전운전불이행,건조,맑음,단일로 - 기타,이륜,남,18세,경상,승용,남,67세,상해없음
2022040400100037,2022년 4월 4일 06시,월요일,부산광역시 부산진구 부전동,중상사고,0,1,1,0,차대차 - 측면충돌,신호위반,건조,맑음,교차로 - 교차로안,승용,남,71세,경상,이륜,남,33세,중상
2022040400100057,2022년 4월 4일 07시,월요일,부산광역시 사하구 장림동,경상사고,0,0,1,0,차대차 - 기타,안전운전불이행,건조,맑음,교차로 - 교차로안,승용,여,51세,상해없음,승용,남,62세,경상
2022040400100082,2022년 4월 4일 08시,월요일,부산광역시 수영구 광안동,경상사고,0,0,1,0,차대사람 - 기타,안전운전불이행,건조,맑음,기타 - 기타,승용,여,41세,상해없음,보행자,여,24세,경상
2022040400100083,2022년 4월 4일 08시,월요일,부산광역시 남구 대연동,경상사고,0,0,1,0,차대차 - 추돌,안전운전불이행,건조,맑음,교차로 - 교차로안,승용,남,40세,경상,화물,남,50세,상해없음
2022040400100084,2022년 4월 4일 08시,월요일,부산광역시 해운대구 반여동,중상사고,0,1,0,0,차대차 - 기타,교차로운행방법위반,건조,맑음,교차로 - 교차로안,원동기,남,64세,중상,승용,남,40세,상해없음
2022040400100126,2022년 4월 4일 09시,월요일,부산광역시 기장군 정관읍,경상사고,0,0,2,0,차대차 - 기타,교차로운행방법위반,건조,맑음,교차로 - 교차로부근,승용,여,69세,상해없음,승용,남,31세,경상
2022040400100159,2022년 4월 4일 10시,월요일,부산광역시 수영구 망미동,중상사고,0,1,0,0,차대사람 - 횡단중,신호위반,건조,맑음,단일로 - 기타,원동기,남,20세,상해없음,보행자,남,78세,중상
2022040400100160,2022년 4월 4일 10시,월요일,부산광역시 사상구 모라동,중상사고,0,1,1,0,차대차 - 기타,안전운전불이행,건조,맑음,단일로 - 교량,화물,남,40세,기타불명,화물,남,27세,경상
2022040400100161,2022년 4월 4일 10시,월요일,부산광역시 사상구 주례동,중상사고,0,1,0,0,차대차 - 기타,안전거리미확보,건조,맑음,단일로 - 기타,화물,남,69세,기타불명,이륜,남,64세,중상
2022040400100162,2022년 4월 4일 10시,월요일,부산광역시 사상구 주례동,경상사고,0,0,1,0,차대사람 - 기타,안전운전불이행,건조,맑음,교차로 - 교차로부근,화물,남,74세,상해없음,보행자,남,39세,경상
2022040400100186,2022년 4월 4일 11시,월요일,부산광역시 수영구 망미동,중상사고,0,1,0,0,차대사람 - 횡단중,보행자보호의무위반,건조,맑음,교차로 - 교차로부근,승용,남,67세,상해없음,보행자,남,22세,중상
2022040400100220,2022년 4월 4일 12시,월요일,부산광역시 금정구 부곡동,중상사고,0,1,0,0,차대사람 - 기타,보행자보호의무위반,건조,맑음,교차로 - 교차로안,승용,여,47세,상해없음,보행자,여,70세,중상
2022040400100246,2022년 4월 4일 13시,월요일,부산광역시 중구 중앙동4가,중상사고,0,1,0,0,차대차 - 기타,안전운전불이행,건조,맑음,교차로 - 교차로안,승용,남,64세,상해없음,이륜,남,67세,중상
2022040400100265,2022년 4월 4일 14시,월요일,부산광역시 서구 암남동,중상사고,0,1,1,0,차대차 - 측면충돌,안전운전불이행,건조,맑음,단일로 - 기타,화물,남,37세,상해없음,승용,여,46세,중상
2022040400100266,2022년 4월 4일 14시,월요일,부산광역시 수영구 남천동,경상사고,0,0,1,0,차대사람 - 길가장자리구역통행중,안전운전불이행,건조,맑음,단일로 - 기타,화물,남,43세,상해없음,보행자,여,33세,경상
2022040400100267,2022년 4월 4일 14시,월요일,부산광역시 남구 감만동,경상사고,0,0,1,0,차대차 - 측면충돌,안전운전불이행,건조,맑음,단일로 - 기타,특수,남,67세,상해없음,승용,남,49세,경상
2022040400100295,2022년 4월 4일 15시,월요일,부산광역시 동구 초량동,중상사고,0,1,0,0,차량단독 - 기타,안전운전불이행,건조,맑음,단일로 - 기타,승합,남,46세,상해없음,,,,
2022040400100336,2022년 4월 4일 16시,월요일,부산광역시 동래구 온천동,경상사고,0,0,2,0,차대차 - 측면충돌,신호위반,건조,맑음,교차로 - 교차로안,화물,남,49세,상해없음,승용,여,32세,경상
2022040400100406,2022년 4월 4일 18시,월요일,부산광역시 금정구 남산동,중상사고,0,1,0,0,차대사람 - 횡단중,보행자보호의무위반,건조,맑음,교차로 - 교차로횡단보도내,승용,여,51세,상해없음,보행자,여,81세,중상
2022040400100448,2022년 4월 4일 19시,월요일,부산광역시 북구 구포동,경상사고,0,0,2,0,차대차 - 추돌,안전운전불이행,건조,맑음,교차로 - 교차로부근,원동기,남,17세,상해없음,승용,여,37세,경상
2022040400100449,2022년 4월 4일 19시,월요일,부산광역시 영도구 봉래동3가,경상사고,0,0,1,0,차대사람 - 차도통행중,안전운전불이행,건조,맑음,교차로 - 교차로안,승용,남,31세,상해없음,보행자,남,60세,경상
2022040400100450,2022년 4월 4일 19시,월요일,부산광역시 해운대구 재송동,경상사고,0,0,1,0,차량단독 - 기타,안전운전불이행,건조,맑음,교차로 - 교차로부근,승합,남,52세,기타불명,,,,
2022040400100451,2022년 4월 4일 19시,월요일,부산광역시 사하구 하단동,경상사고,0,0,1,1,차대차 - 측면충돌,중앙선침범,건조,맑음,단일로 - 기타,이륜,남,35세,부상신고,이륜,남,37세,경상
2022040400100477,2022년 4월 4일 20시,월요일,부산광역시 부산진구 당감동,중상사고,0,1,0,0,차대사람 - 차도통행중,안전운전불이행,건조,맑음,단일로 - 기타,승용,여,42세,상해없음,보행자,여,60세,중상
2022040400100512,2022년 4월 4일 22시,월요일,부산광역시 금정구 서동,경상사고,0,0,1,0,차대사람 - 횡단중,보행자보호의무위반,건조,맑음,단일로 - 기타,승용,남,34세,상해없음,보행자,남,75세,경상
2022040400100529,2022년 4월 4일 23시,월요일,부산광역시 동래구 낙민동,중상사고,0,1,0,0,차대차 - 측면충돌,차로위반,건조,맑음,단일로 - 기타,승용,남,43세,상해없음,이륜,남,28세,중상
2022040500100002,2022년 4월 5일 00시,화요일,부산광역시 수영구 광안동,경상사고,0,0,1,0,차대사람 - 기타,안전운전불이행,건조,맑음,단일로 - 기타,승용,남,30세,상해없음,보행자,여,50세,경상
2022040500100003,2022년 4월 5일 00시,화요일,부산광역시 남구 문현동,경상사고,0,0,1,0,차대사람 - 기타,안전운전불이행,건조,맑음,단일로 - 기타,건설기계,남,64세,상해없음,보행자,남,38세,경상
2022040500100004,2022년 4월 5일 00시,화요일,부산광역시 부산진구 양정동,중상사고,0,1,0,0,차대차 - 추돌,안전운전불이행,건조,맑음,교차로 - 교차로부근,승용,남,31세,상해없음,이륜,남,48세,중상
2022040500100036,2022년 4월 5일 06시,화요일,부산광역시 동구 초량동,부상신고사고,0,0,0,1,차대차 - 추돌,안전운전불이행,건조,맑음,단일로 - 기타,승용,남,54세,상해없음,승용,남,74세,부상신고
2022040500100037,2022년 4월 5일 06시,화요일,부산광역시 강서구 범방동,중상사고,0,1,2,1,차대차 - 추돌,안전운전불이행,건조,맑음,단일로 - 기타,화물,남,66세,중상,화물,남,40세,경상
2022040500100048,2022년 4월 5일 07시,화요일,부산광역시 사하구 하단동,경상사고,0,0,1,0,차대차 - 측면충돌,안전운전불이행,건조,맑음,단일로 - 기타,화물,남,56세,상해없음,승용,남,27세,경상
2022040500100074,2022년 4월 5일 08시,화요일,부산광역시 금정구 부곡동,부상신고사고,0,0,0,1,차대사람 - 기타,안전운전불이행,건조,맑음,기타 - 기타,기타불명,기타불명,미분류,기타불명,보행자,여,15세,부상신고
2022040500100114,2022년 4월 5일 09시,화요일,부산광역시 금정구 선동,경상사고,0,0,1,0,차대차 - 기타,신호위반,건조,맑음,교차로 - 교차로안,승용,남,62세,상해없음,승용,남,27세,경상
2022040500100115,2022년 4월 5일 09시,화요일,부산광역시 강서구 송정동,중상사고,0,1,0,0,차대차 - 기타,신호위반,건조,맑음,교차로 - 교차로안,특수,남,66세,상해없음,승용,남,48세,중상
2022040500100140,2022년 4월 5일 10시,화요일,부산광역시 해운대구 송정동,경상사고,0,0,1,0,차대차 - 측면충돌,교차로운행방법위반,건조,맑음,교차로 - 교차로안,승용,여,59세,상해없음,승용,여,28세,경상
2022040500100141,2022년 4월 5일 10시,화요일,부산광역시 부산진구 개금동,경상사고,0,0,1,0,차대사람 - 길가장자리구역통행중,안전운전불이행,건조,맑음,단일로 - 기타,승용,남,71세,상해없음,보행자,여,37세,경상
2022040500100142,2022년 4월 5일 10시,화요일,부산광역시 사하구 하단동,중상사고,0,1,2,0,차대차 - 측면충돌,교차로운행방법위반,건조,맑음,교차로 - 교차로안,승용,남,61세,중상,화물,남,62세,경상
2022040500100171,2022년 4월 5일 11시,화요일,부산광역시 부산진구 부암동,경상사고,0,0,1,0,차대차 - 측면충돌,교차로운행방법위반,건조,맑음,교차로 - 교차로안,승용,여,34세,상해없음,이륜,남,18세,경상
2022040500100208,2022년 4월 5일 12시,화요일,부산광역시 서구 서대신동2가,경상사고,0,0,1,0,차대사람 - 보도통행중,안전운전불이행,건조,맑음,기타 - 기타,화물,남,68세,상해없음,보행자,여,68세,경상
2022040500100209,2022년 4월 5일 12시,화요일,부산광역시 해운대구 중동,경상사고,0,0,6,0,차대차 - 측면충돌,안전운전불이행,건조,맑음,교차로 - 교차로부근,승용,여,38세,경상,승용,여,35세,경상
2022040500100210,2022년 4월 5일 12시,화요일,부산광역시 수영구 망미동,경상사고,0,0,4,0,차대차 - 측면충돌,중앙선침범,건조,맑음,단일로 - 기타,승용,여,75세,상해없음,이륜,남,46세,경상
2022040500100211,2022년 4월 5일 12시,화요일,부산광역시 기장군 기장읍,경상사고,0,0,1,0,차대차 - 기타,교차로운행방법위반,건조,맑음,교차로 - 교차로안,승용,남,70세,상해없음,승용,여,39세,경상
2022040500100241,2022년 4월 5일 13시,화요일,부산광역시 서구 서대신동2가,경상사고,0,0,1,1,차대차 - 추돌,안전거리미확보,건조,맑음,교차로 - 교차로부근,승용,여,54세,부상신고,승용,여,43세,경상
2022040500100242,2022년 4월 5일 13시,화요일,부산광역시 영도구 동삼동,중상사고,0,2,0,0,차대차 - 측면충돌,불법유턴,건조,맑음,단일로 - 지하차도(도로)내,건설기계,남,50세,상해없음,이륜,남,67세,중상
2022040500100309,2022년 4월 5일 15시,화요일,부산광역시 중구 중앙동2가,경상사고,0,0,1,0,차대사람 - 기타,안전운전불이행,건조,맑음,단일로 - 기타,승용,남,67세,상해없음,보행자,남,22세,경상
2022040500100368,2022년 4월 5일 17시,화요일,부산광역시 남구 대연동,경상사고,0,0,1,0,차대차 - 측면충돌,안전운전불이행,건조,맑음,단일로 - 기타,승용,남,55세,상해없음,승용,남,57세,경상
2022040500100403,2022년 4월 5일 18시,화요일,부산광역시 강서구 명지동,중상사고,0,1,0,0,차대차 - 측면충돌,안전운전불이행,건조,맑음,교차로 - 교차로부근,승용,여,50세,상해없음,자전거,남,54세,중상
2022040500100443,2022년 4월 5일 19시,화요일,부산광역시 부산진구 개금동,경상사고,0,0,1,0,차대차 - 측면충돌,신호위반,건조,맑음,기타 - 기타,승용,남,29세,상해없음,이륜,남,21세,경상
2022040500100444,2022년 4월 5일 19시,화요일,부산광역시 사상구 주례동,경상사고,0,0,1,0,차대차 - 기타,안전운전불이행,건조,맑음,교차로 - 교차로안,화물,남,28세,상해없음,이륜,남,22세,경상
2022040500100499,2022년 4월 5일 21시,화요일,부산광역시 연제구 연산동,부상신고사고,0,0,0,1,차대차 - 추돌,안전운전불이행,건조,맑음,단일로 - 기타,원동기,여,24세,부상신고,승용,남,57세,상해없음
2022040500100523,2022년 4월 5일 22시,화요일,부산광역시 기장군 기장읍,중상사고,0,1,0,0,차대차 - 기타,교차로운행방법위반,건조,맑음,교차로 - 교차로안,승용,남,59세,상해없음,개인형이동수단(PM),여,24세,중상
2022040500100548,2022년 4월 5일 23시,화요일,부산광역시 중구 남포동5가,중상사고,0,1,0,0,차대사람 - 횡단중,기타,건조,맑음,단일로 - 기타,특수,남,30세,상해없음,보행자,여,42세,중상
2022040500100549,2022년 4월 5일 23시,화요일,부산광역시 북구 만덕동,경상사고,0,0,1,0,차량단독 - 기타,안전운전불이행,건조,맑음,교차로 - 교차로부근,이륜,남,67세,경상,,,,
2022040500100550,2022년 4월 5일 23시,화요일,부산광역시 동래구 온천동,중상사고,0,1,0,0,차량단독 - 공작물충돌,안전운전불이행,건조,맑음,단일로 - 지하차도(도로)내,이륜,남,61세,중상,,,,
2022040600100002,2022년 4월 6일 00시,수요일,부산광역시 부산진구 초읍동,경상사고,0,0,1,0,차대차 - 추돌,안전거리미확보,건조,맑음,단일로 - 기타,승용,여,45세,상해없음,승용,남,47세,경상
2022040600100016,2022년 4월 6일 01시,수요일,부산광역시 동래구 사직동,중상사고,0,1,0,0,차대차 - 기타,안전운전불이행,건조,맑음,단일로 - 기타,화물,남,49세,상해없음,자전거,여,21세,중상
2022040600100039,2022년 4월 6일 06시,수요일,부산광역시 부산진구 범천동,중상사고,0,1,0,2,차대차 - 측면충돌,안전거리미확보,건조,맑음,단일로 - 기타,승용,남,66세,상해없음,이륜,남,18세,부상신고
2022040600100051,2022년 4월 6일 07시,수요일,부산광역시 남구 용호동,사망사고,1,0,2,0,차대차 - 기타,중앙선침범,건조,맑음,단일로 - 교량,승용,남,34세,사망,건설기계,남,33세,경상
2022040600100070,2022년 4월 6일 08시,수요일,부산광역시 연제구 거제동,경상사고,0,0,1,0,차대차 - 측면충돌,안전운전불이행,건조,맑음,단일로 - 기타,승용,남,35세,상해없음,승용,여,28세,경상
2022040600100103,2022년 4월 6일 09시,수요일,부산광역시 수영구 광안동,중상사고,0,1,1,0,차대차 - 측면충돌,기타,건조,맑음,교차로 - 교차로안,원동기,남,44세,중상,승용,여,41세,경상
2022040600100104,2022년 4월 6일 09시,수요일,부산광역시 부산진구 연지동,중상사고,0,1,0,0,차대사람 - 횡단중,신호위반,건조,맑음,단일로 - 기타,승용,여,40세,상해없음,보행자,여,76세,중상
2022040600100105,2022년 4월 6일 09시,수요일,부산광역시 사하구 하단동,경상사고,0,0,2,0,차대차 - 추돌,안전거리미확보,건조,맑음,단일로 - 기타,건설기계,남,65세,경상,화물,남,35세,경상
2022040600100125,2022년 4월 6일 10시,수요일,부산광역시 강서구 식만동,경상사고,0,0,2,0,차대차 - 정면충돌,안전운전불이행,건조,맑음,단일로 - 기타,화물,남,64세,상해없음,승용,남,66세,경상
2022040600100127,2022년 4월 6일 10시,수요일,부산광역시 기장군 철마면,경상사고,0,0,1,0,차대사람 - 기타,안전운전불이행,건조,맑음,단일로 - 기타,승용,여,63세,상해없음,보행자,여,93세,경상
2022040600100152,2022년 4월 6일 11시,수요일,부산광역시 북구 금곡동,중상사고,0,1,0,0,차대사람 - 횡단중,보행자보호의무위반,건조,맑음,교차로 - 교차로횡단보도내,승용,남,27세,상해없음,보행자,여,57세,중상
2022040600100183,2022년 4월 6일 12시,수요일,부산광역시 부산진구 개금동,경상사고,0,0,1,2,차대차 - 추돌,안전운전불이행,건조,맑음,단일로 - 기타,이륜,남,21세,경상,승용,여,51세,부상신고
2022040600100184,2022년 4월 6일 12시,수요일,부산광역시 부산진구 범천동,경상사고,0,0,2,0,차대사람 - 기타,안전운전불이행,건조,맑음,단일로 - 기타,승용,여,49세,상해없음,보행자,여,43세,경상
2022040600100210,2022년 4월 6일 13시,수요일,부산광역시 서구 동대신동3가,경상사고,0,0,2,0,차대차 - 측면충돌,차로위반,건조,맑음,단일로 - 기타,화물,남,47세,상해없음,화물,남,25세,경상
2022040600100235,2022년 4월 6일 14시,수요일,부산광역시 부산진구 가야동,중상사고,0,1,0,0,차대차 - 기타,안전운전불이행,건조,맑음,단일로 - 기타,이륜,남,29세,기타불명,이륜,남,26세,중상
2022040600100236,2022년 4월 6일 14시,수요일,부산광역시 연제구 연산동,경상사고,0,0,1,0,차대차 - 측면충돌,신호위반,건조,맑음,교차로 - 교차로부근,승용,남,30세,기타불명,승용,남,60세,기타불명
2022040600100258,2022년 4월 6일 15시,수요일,부산광역시 해운대구 재송동,경상사고,0,0,1,0,차대차 - 측면충돌,안전운전불이행,건조,맑음,단일로 - 기타,승용,여,64세,상해없음,승용,남,47세,경상
2022040600100259,2022년 4월 6일 15시,수요일,부산광역시 부산진구 연지동,중상사고,0,1,0,0,차대사람 - 횡단중,안전운전불이행,건조,맑음,교차로 - 교차로안,승용,여,53세,상해없음,보행자,여,89세,중상
2022040600100260,2022년 4월 6일 15시,수요일,부산광역시 기장군 장안읍,경상사고,0,0,2,0,차대차 - 기타,안전운전불이행,건조,맑음,교차로 - 교차로안,승용,여,62세,상해없음,승합,남,44세,경상
2022040600100297,2022년 4월 6일 16시,수요일,부산광역시 수영구 민락동,경상사고,0,0,1,0,차대차 - 측면충돌,교차로운행방법위반,건조,맑음,교차로 - 교차로안,승용,여,61세,상해없음,자전거,남,65세,경상
2022040600100332,2022년 4월 6일 17시,수요일,부산광역시 동래구 명장동,경상사고,0,0,3,0,차대차 - 측면충돌,교차로운행방법위반,건조,맑음,교차로 - 교차로부근,승용,남,61세,상해없음,승용,여,39세,경상
2022040600100333,2022년 4월 6일 17시,수요일,부산광역시 금정구 청룡동,경상사고,0,0,1,0,차대차 - 측면충돌,신호위반,건조,맑음,교차로 - 교차로안,승용,남,22세,상해없음,승용,여,38세,경상
2022040600100334,2022년 4월 6일 17시,수요일,부산광역시 사하구 하단동,경상사고,0,0,1,0,차대사람 - 기타,보행자보호의무위반,건조,맑음,교차로 - 교차로부근,승용,여,25세,상해없음,보행자,여,24세,경상
2022040600100335,2022년 4월 6일 17시,수요일,부산광역시 강서구 신호동,경상사고,0,0,1,0,차대차 - 기타,안전운전불이행,건조,맑음,교차로 - 교차로부근,승용,여,41세,상해없음,자전거,남,40세,경상
2022040600100336,2022년 4월 6일 17시,수요일,부산광역시 사상구 덕포동,중상사고,0,1,0,0,차대사람 - 횡단중,안전운전불이행,건조,맑음,단일로 - 기타,승용,여,53세,상해없음,보행자,여,6세,중상
2022040600100337,2022년 4월 6일 17시,수요일,부산광역시 기장군 장안읍,경상사고,0,0,2,0,차대차 - 측면충돌,차로위반,건조,맑음,단일로 - 기타,승용,여,37세,경상,화물,남,45세,경상
2022040600100386,2022년 4월 6일 18시,수요일,부산광역시 강서구 명지동,경상사고,0,0,1,0,차대차 - 정면충돌,신호위반,건조,맑음,교차로 - 교차로안,화물,남,64세,상해없음,승용,남,27세,경상
2022040600100387,2022년 4월 6일 18시,수요일,부산광역시 사상구 주례동,중상사고,0,1,0,0,차대사람 - 길가장자리구역통행중,안전운전불이행,건조,맑음,교차로 - 교차로부근,승용,여,43세,상해없음,보행자,여,60세,중상
2022040600100464,2022년 4월 6일 20시,수요일,부산광역시 남구 용호동,중상사고,0,1,0,1,차대사람 - 횡단중,안전운전불이행,건조,맑음,교차로 - 교차로횡단보도내,이륜,남,43세,부상신고,보행자,남,61세,중상
2022040600100465,2022년 4월 6일 20시,수요일,부산광역시 동래구 온천동,경상사고,0,0,1,0,차대차 - 측면충돌,안전운전불이행,건조,맑음,교차로 - 교차로안,승용,남,42세,상해없음,이륜,남,36세,경상
2022040600100496,2022년 4월 6일 21시,수요일,부산광역시 사하구 장림동,중상사고,0,1,2,0,차대차 - 기타,안전거리미확보,건조,맑음,교차로 - 교차로부근,화물,남,58세,기타불명,승용,남,43세,중상
2022040600100513,2022년 4월 6일 22시,수요일,부산광역시 동래구 안락동,경상사고,0,0,1,0,차대차 - 추돌,안전운전불이행,건조,맑음,단일로 - 기타,승용,남,40세,상해없음,승용,남,24세,경상
2022040600100514,2022년 4월 6일 22시,수요일,부산광역시 금정구 구서동,부상신고사고,0,0,0,1,차대차 - 측면충돌,안전운전불이행,건조,맑음,기타 - 기타,승용,여,52세,상해없음,개인형이동수단(PM),남,24세,부상신고
2022040600100529,2022년 4월 6일 23시,수요일,부산광역시 부산진구 부전동,경상사고,0,0,1,0,차대사람 - 차도통행중,안전운전불이행,건조,맑음,단일로 - 기타,승용,남,72세,상해없음,보행자,남,22세,경상
2022040700100006,2022년 4월 7일 00시,목요일,부산광역시 영도구 동삼동,경상사고,0,0,1,0,차량단독 - 기타,안전운전불이행,건조,맑음,교차로 - 교차로안,원동기,남,18세,경상,,,,
2022040700100007,2022년 4월 7일 00시,목요일,부산광역시 부산진구 범천동,경상사고,0,0,1,0,차대차 - 기타,안전운전불이행,건조,맑음,교차로 - 교차로안,승용,남,27세,상해없음,승용,남,43세,경상
2022040700100008,2022년 4월 7일 00시,목요일,부산광역시 사하구 괴정동,경상사고,0,0,1,0,차대차 - 추돌,안전운전불이행,건조,맑음,단일로 - 기타,승용,남,35세,상해없음,승용,여,54세,경상
2022040700100009,2022년 4월 7일 00시,목요일,부산광역시 금정구 노포동,중상사고,0,1,0,0,차대차 - 측면충돌,안전운전불이행,건조,맑음,단일로 - 기타,화물,남,63세,상해없음,화물,남,54세,중상
2022040700100022,2022년 4월 7일 01시,목요일,부산광역시 부산진구 당감동,중상사고,0,1,0,0,차량단독 - 기타,안전운전불이행,건조,맑음,기타 - 기타,이륜,남,43세,중상,,,,
2022040700100076,2022년 4월 7일 08시,목요일,부산광역시 부산진구 부암동,중상사고,0,1,1,0,차대차 - 정면충돌,교차로운행방법위반,건조,맑음,교차로 - 교차로안,승용,여,36세,경상,승용,여,41세,중상
2022040700100077,2022년 4월 7일 08시,목요일,부산광역시 사하구 괴정동,경상사고,0,0,1,0,차대차 - 기타,안전운전불이행,건조,맑음,교차로 - 교차로안,승용,여,48세,상해없음,승용,여,43세,경상
2022040700100136,2022년 4월 7일 10시,목요일,부산광역시 사하구 하단동,중상사고,0,1,0,0,차대사람 - 길가장자리구역통행중,안전운전불이행,건조,맑음,단일로 - 기타,승용,여,75세,상해없음,보행자,여,59세,중상
2022040700100159,2022년 4월 7일 11시,목요일,부산광역시 서구 아미동1가,경상사고,0,0,1,0,차대차 - 측면충돌,안전운전불이행,건조,맑음,교차로 - 교차로부근,승용,여,48세,상해없음,승용,여,69세,경상
2022040700100160,2022년 4월 7일 11시,목요일,부산광역시 연제구 연산동,경상사고,0,0,1,0,차대사람 - 기타,안전운전불이행,건조,맑음,교차로 - 교차로부근,화물,여,54세,상해없음,보행자,남,62세,경상
2022040700100190,2022년 4월 7일 12시,목요일,부산광역시 금정구 장전동,경상사고,0,0,1,0,차대차 - 측면충돌,안전거리미확보,건조,맑음,단일로 - 기타,승용,여,22세,상해없음,화물,남,40세,경상
2022040700100191,2022년 4월 7일 12시,목요일,부산광역시 연제구 연산동,중상사고,0,1,0,0,차대사람 - 횡단중,신호위반,건조,맑음,교차로 - 교차로횡단보도내,승용,여,23세,상해없음,보행자,여,85세,중상
2022040700100192,2022년 4월 7일 12시,목요일,부산광역시 연제구 거제동,경상사고,0,0,1,0,차대차 - 측면충돌,안전운전불이행,건조,맑음,단일로 - 기타,승용,남,56세,기타불명,승용,여,35세,경상
2022040700100228,2022년 4월 7일 13시,목요일,부산광역시 사상구 감전동,중상사고,0,1,0,0,차대사람 - 기타,안전운전불이행,건조,맑음,기타 - 기타,승용,남,69세,상해없음,보행자,남,57세,중상
2022040700100254,2022년 4월 7일 14시,목요일,부산광역시 사상구 엄궁동,경상사고,0,0,1,0,차대사람 - 기타,안전운전불이행,건조,맑음,단일로 - 기타,승용,남,68세,상해없음,보행자,남,12세,경상
2022040700100274,2022년 4월 7일 15시,목요일,부산광역시 사하구 다대동,경상사고,0,0,1,0,차대차 - 측면충돌,안전거리미확보,건조,맑음,단일로 - 기타,승용,여,37세,상해없음,승용,여,32세,경상
2022040700100407,2022년 4월 7일 18시,목요일,부산광역시 중구 남포동6가,사망사고,1,0,0,0,차대차 - 측면충돌,신호위반,건조,맑음,교차로 - 교차로안,승합,남,47세,상해없음,이륜,남,58세,사망
2022040700100408,2022년 4월 7일 18시,목요일,부산광역시 해운대구 재송동,경상사고,0,0,1,0,차대사람 - 기타,안전운전불이행,건조,맑음,단일로 - 기타,이륜,남,30세,상해없음,보행자,여,8세,경상