사고번호,사고일시,요일,시군구,사고내용,사망자수,중상자수,경상자수,부상신고자수,사고유형,법규위반,노면상태,기상상태,도로형태,가해운전자 차종,가해운전자 성별,가해운전자 연령,가해운전자 상해정도,피해운전자 차종,피해운전자 성별,피해운전자 연령,피해운전자 상해정도
2022040700100409,2022년 4월 7일 18시,목요일,부산광역시 해운대구 송정동,경상사고,0,0,3,0,차대차 - 측면충돌,안전운전불이행,건조,맑음,단일로 - 기타,승용,남,40세,상해없음,승용,남,30세,경상
2022040700100410,2022년 4월 7일 18시,목요일,부산광역시 부산진구 개금동,경상사고,0,0,1,0,차대차 - 추돌,안전운전불이행,건조,맑음,단일로 - 기타,승합,여,19세,상해없음,승용,남,64세,경상
2022040700100451,2022년 4월 7일 19시,목요일,부산광역시 영도구 동삼동,경상사고,0,0,1,0,차대차 - 측면충돌,교차로운행방법위반,건조,맑음,교차로 - 교차로부근,승용,남,60세,상해없음,이륜,남,18세,경상
2022040700100453,2022년 4월 7일 19시,목요일,부산광역시 부산진구 양정동,중상사고,0,1,0,0,차대사람 - 기타,안전운전불이행,건조,맑음,단일로 - 기타,승용,남,56세,상해없음,보행자,여,71세,중상
2022040700100454,2022년 4월 7일 19시,목요일,부산광역시 금정구 구서동,경상사고,0,0,1,0,차대사람 - 횡단중,보행자보호의무위반,건조,맑음,교차로 - 교차로횡단보도내,화물,남,69세,상해없음,보행자,여,63세,경상
2022040700100455,2022년 4월 7일 19시,목요일,부산광역시 연제구 거제동,중상사고,0,1,0,0,차대사람 - 기타,안전운전불이행,건조,맑음,단일로 - 기타,화물,남,72세,상해없음,보행자,남,60세,중상
2022040700100491,2022년 4월 7일 20시,목요일,부산광역시 연제구 거제동,경상사고,0,0,4,0,차대차 - 기타,안전운전불이행,건조,맑음,교차로 - 교차로부근,이륜,남,47세,상해없음,승용,남,67세,경상
2022040700100542,2022년 4월 7일 22시,목요일,부산광역시 사하구 신평동,경상사고,0,0,1,0,차대차 - 추돌,안전거리미확보,건조,맑음,교차로 - 교차로부근,승용,남,38세,상해없음,화물,남,48세,경상
2022040700100543,2022년 4월 7일 22시,목요일,부산광역시 수영구 망미동,중상사고,0,1,0,0,차대차 - 기타,안전운전불이행,건조,맑음,단일로 - 기타,화물,남,61세,상해없음,이륜,남,29세,중상
2022040700100565,2022년 4월 7일 23시,목요일,부산광역시 중구 부평동2가,경상사고,0,0,1,0,차량단독 - 기타,안전운전불이행,건조,맑음,교차로 - 교차로부근,승합,남,45세,상해없음,,,,
2022040700100566,2022년 4월 7일 23시,목요일,부산광역시 남구 문현동,경상사고,0,0,1,0,차대차 - 측면충돌,안전운전불이행,건조,맑음,단일로 - 기타,승용,남,64세,상해없음,이륜,남,23세,경상
2022040700100567,2022년 4월 7일 23시,목요일,부산광역시 기장군 정관읍,경상사고,0,0,1,0,차대차 - 기타,안전운전불이행,건조,맑음,교차로 - 교차로안,승용,남,43세,상해없음,이륜,남,28세,경상
2022040800100007,2022년 4월 8일 00시,금요일,부산광역시 사하구 하단동,중상사고,0,1,0,0,차대사람 - 횡단중,신호위반,건조,맑음,단일로 - 기타,승합,남,52세,상해없음,보행자,남,46세,중상
2022040800100008,2022년 4월 8일 00시,금요일,부산광역시 사상구 엄궁동,경상사고,0,0,1,1,차대차 - 추돌,안전운전불이행,건조,맑음,단일로 - 기타,승용,남,54세,부상신고,화물,남,52세,경상
2022040800100026,2022년 4월 8일 03시,금요일,부산광역시 연제구 연산동,경상사고,0,0,2,0,차대차 - 추돌,안전거리미확보,건조,맑음,단일로 - 기타,승용,남,48세,상해없음,승용,남,57세,경상
2022040800100042,2022년 4월 8일 06시,금요일,부산광역시 해운대구 반송동,중상사고,0,1,0,1,차대차 - 추돌,신호위반,건조,맑음,교차로 - 교차로안,승용,남,70세,상해없음,승용,남,44세,중상
2022040800100082,2022년 4월 8일 08시,금요일,부산광역시 남구 대연동,경상사고,0,0,1,0,차대사람 - 횡단중,보행자보호의무위반,건조,맑음,단일로 - 기타,승용,남,80세,상해없음,보행자,여,13세,경상
2022040800100083,2022년 4월 8일 08시,금요일,부산광역시 남구 대연동,경상사고,0,0,1,0,차대차 - 기타,안전운전불이행,건조,맑음,단일로 - 기타,승용,남,70세,상해없음,승용,여,47세,상해없음
2022040800100084,2022년 4월 8일 08시,금요일,부산광역시 사하구 다대동,중상사고,0,1,0,0,차대사람 - 횡단중,신호위반,건조,맑음,교차로 - 교차로횡단보도내,승용,여,50세,상해없음,보행자,여,9세,중상
2022040800100085,2022년 4월 8일 08시,금요일,부산광역시 강서구 강동동,경상사고,0,0,1,0,차대차 - 측면충돌,안전운전불이행,건조,맑음,단일로 - 기타,이륜,남,26세,경상,승용,여,39세,상해없음
2022040800100128,2022년 4월 8일 09시,금요일,부산광역시 중구 대청동4가,부상신고사고,0,0,0,1,차대차 - 기타,안전운전불이행,건조,맑음,교차로 - 교차로부근,이륜,남,65세,부상신고,화물,남,74세,상해없음
2022040800100129,2022년 4월 8일 09시,금요일,부산광역시 부산진구 가야동,경상사고,0,0,4,0,차대차 - 추돌,안전운전불이행,건조,맑음,단일로 - 기타,승용,남,30세,상해없음,화물,남,39세,경상
2022040800100130,2022년 4월 8일 09시,금요일,부산광역시 사하구 구평동,경상사고,0,0,2,0,차대차 - 측면충돌,안전운전불이행,건조,맑음,단일로 - 기타,승용,남,72세,상해없음,승용,남,55세,경상
2022040800100161,2022년 4월 8일 10시,금요일,부산광역시 금정구 장전동,경상사고,0,0,1,0,차대사람 - 보도통행중,보행자보호의무위반,건조,맑음,단일로 - 기타,승용,여,47세,상해없음,보행자,남,47세,경상
2022040800100185,2022년 4월 8일 11시,금요일,부산광역시 중구 남포동6가,경상사고,0,0,1,0,차대차 - 측면충돌,차로위반,건조,맑음,교차로 - 교차로부근,승용,여,26세,상해없음,이륜,여,28세,경상
2022040800100186,2022년 4월 8일 11시,금요일,부산광역시 서구 동대신동2가,경상사고,0,0,1,0,차대차 - 기타,기타,건조,맑음,단일로 - 고가도로위,화물,남,62세,상해없음,이륜,남,30세,경상
2022040800100187,2022년 4월 8일 11시,금요일,부산광역시 북구 구포동,경상사고,0,0,1,0,차대사람 - 횡단중,안전운전불이행,건조,맑음,단일로 - 지하차도(도로)내,이륜,남,26세,상해없음,보행자,여,81세,경상
2022040800100217,2022년 4월 8일 12시,금요일,부산광역시 동구 범일동,중상사고,0,1,0,0,차대차 - 측면충돌,교차로운행방법위반,건조,맑음,교차로 - 교차로안,승용,남,48세,상해없음,이륜,여,37세,중상
2022040800100219,2022년 4월 8일 12시,금요일,부산광역시 영도구 남항동1가,중상사고,0,1,0,0,차대사람 - 기타,안전운전불이행,건조,맑음,단일로 - 기타,승용,남,63세,상해없음,보행자,여,68세,중상
2022040800100220,2022년 4월 8일 12시,금요일,부산광역시 금정구 노포동,중상사고,0,1,1,0,차대사람 - 기타,안전운전불이행,건조,맑음,단일로 - 기타,승용,남,47세,경상,보행자,여,50세,중상
2022040800100277,2022년 4월 8일 14시,금요일,부산광역시 기장군 기장읍,경상사고,0,0,2,0,차대차 - 기타,안전운전불이행,건조,맑음,교차로 - 교차로부근,승용,남,25세,상해없음,승용,남,37세,경상
2022040800100317,2022년 4월 8일 15시,금요일,부산광역시 수영구 남천동,경상사고,0,0,1,0,차대차 - 측면충돌,안전운전불이행,건조,맑음,단일로 - 기타,승용,남,67세,상해없음,승용,여,70세,경상
2022040800100318,2022년 4월 8일 15시,금요일,부산광역시 수영구 광안동,경상사고,0,0,1,0,차대차 - 추돌,안전운전불이행,건조,맑음,단일로 - 기타,승용,여,63세,상해없음,이륜,남,19세,경상
2022040800100319,2022년 4월 8일 15시,금요일,부산광역시 동래구 칠산동,경상사고,0,0,1,0,차대사람 - 기타,안전운전불이행,건조,맑음,단일로 - 기타,승용,여,47세,상해없음,보행자,남,60세,경상
2022040800100320,2022년 4월 8일 15시,금요일,부산광역시 금정구 부곡동,경상사고,0,0,1,0,차대사람 - 횡단중,안전운전불이행,건조,맑음,단일로 - 기타,이륜,남,19세,상해없음,보행자,여,83세,경상
2022040800100321,2022년 4월 8일 15시,금요일,부산광역시 강서구 명지동,중상사고,0,1,0,0,차대사람 - 횡단중,신호위반,건조,맑음,단일로 - 기타,승합,남,70세,상해없음,보행자,남,7세,중상
2022040800100322,2022년 4월 8일 15시,금요일,부산광역시 사상구 모라동,경상사고,0,0,2,0,차대차 - 추돌,안전운전불이행,건조,맑음,단일로 - 고가도로위,화물,남,62세,상해없음,특수,남,36세,경상
2022040800100372,2022년 4월 8일 16시,금요일,부산광역시 중구 대창동2가,경상사고,0,0,1,0,차대차 - 측면충돌,안전운전불이행,건조,맑음,교차로 - 교차로부근,승용,남,18세,상해없음,승용,남,36세,경상
2022040800100416,2022년 4월 8일 17시,금요일,부산광역시 강서구 명지동,중상사고,0,1,5,0,차대차 - 추돌,안전운전불이행,건조,맑음,단일로 - 기타,승용,남,36세,상해없음,승용,남,74세,경상
2022040800100472,2022년 4월 8일 18시,금요일,부산광역시 북구 만덕동,중상사고,0,1,0,0,차대사람 - 횡단중,신호위반,건조,맑음,단일로 - 기타,이륜,남,24세,상해없음,보행자,여,48세,중상
2022040800100473,2022년 4월 8일 18시,금요일,부산광역시 동래구 수안동,경상사고,0,0,1,0,차대사람 - 기타,보행자보호의무위반,건조,맑음,기타 - 기타,승용,여,60세,상해없음,보행자,남,28세,경상
2022040800100474,2022년 4월 8일 18시,금요일,부산광역시 부산진구 부암동,경상사고,0,0,1,1,차대차 - 기타,안전운전불이행,건조,맑음,단일로 - 기타,원동기,남,49세,부상신고,승용,여,59세,경상
2022040800100475,2022년 4월 8일 18시,금요일,부산광역시 사상구 모라동,경상사고,0,0,1,0,차대사람 - 기타,안전운전불이행,건조,맑음,단일로 - 기타,화물,남,59세,상해없음,보행자,남,10세,경상
2022040800100526,2022년 4월 8일 19시,금요일,부산광역시 남구 대연동,경상사고,0,0,2,0,차대차 - 기타,안전운전불이행,건조,맑음,교차로 - 교차로안,승용,남,35세,경상,승용,남,52세,경상
2022040800100527,2022년 4월 8일 19시,금요일,부산광역시 해운대구 우동,경상사고,0,0,1,0,차대차 - 측면충돌,교차로운행방법위반,건조,맑음,교차로 - 교차로안,승용,남,19세,상해없음,이륜,남,21세,경상
2022040800100528,2022년 4월 8일 19시,금요일,부산광역시 사하구 괴정동,경상사고,0,0,1,0,차대사람 - 횡단중,안전운전불이행,건조,맑음,교차로 - 교차로안,승합,남,51세,상해없음,보행자,남,64세,경상
2022040800100529,2022년 4월 8일 19시,금요일,부산광역시 연제구 연산동,중상사고,0,1,0,0,차대사람 - 횡단중,신호위반,건조,맑음,단일로 - 기타,이륜,남,41세,상해없음,보행자,여,68세,중상
2022040800100530,2022년 4월 8일 19시,금요일,부산광역시 강서구 대저1동,중상사고,0,1,0,0,차대사람 - 횡단중,안전운전불이행,건조,맑음,교차로 - 교차로안,화물,남,46세,상해없음,보행자,남,79세,중상
2022040800100531,2022년 4월 8일 19시,금요일,부산광역시 강서구 명지동,중상사고,0,1,0,0,차대사람 - 기타,안전운전불이행,건조,맑음,단일로 - 기타,승용,남,58세,상해없음,보행자,여,42세,중상
2022040800100532,2022년 4월 8일 19시,금요일,부산광역시 기장군 정관읍,경상사고,0,0,2,0,차대차 - 기타,안전운전불이행,건조,맑음,단일로 - 기타,이륜,남,22세,기타불명,승용,남,39세,경상
2022040800100533,2022년 4월 8일 19시,금요일,부산광역시 강서구 대저1동,경상사고,0,0,2,0,차대차 - 추돌,안전거리미확보,건조,맑음,단일로 - 기타,화물,남,60세,상해없음,승용,여,33세,경상
2022040800100586,2022년 4월 8일 20시,금요일,부산광역시 남구 용호동,중상사고,0,1,0,0,차대차 - 측면충돌,안전운전불이행,건조,맑음,단일로 - 기타,승용,남,24세,상해없음,이륜,남,35세,중상
2022040900100004,2022년 4월 9일 00시,토요일,부산광역시 해운대구 재송동,경상사고,0,0,1,0,차대차 - 측면충돌,안전운전불이행,건조,맑음,단일로 - 지하차도(도로)내,승용,남,30세,상해없음,승용,남,57세,경상
2022040900100051,2022년 4월 9일 04시,토요일,부산광역시 기장군 일광읍,경상사고,0,0,1,0,차대차 - 측면충돌,신호위반,건조,맑음,교차로 - 교차로안,승용,여,45세,상해없음,승용,남,69세,경상
2022040900100063,2022년 4월 9일 06시,토요일,부산광역시 금정구 청룡동,중상사고,0,1,0,0,차량단독 - 공작물충돌,안전운전불이행,건조,맑음,단일로 - 기타,화물,남,56세,중상,,,,
2022040900100071,2022년 4월 9일 07시,토요일,부산광역시 금정구 장전동,경상사고,0,0,2,0,차대차 - 추돌,안전거리미확보,건조,맑음,단일로 - 기타,승용,남,29세,상해없음,승용,여,50세,경상
2022040900100072,2022년 4월 9일 07시,토요일,부산광역시 기장군 기장읍,경상사고,0,0,1,0,차대차 - 추돌,안전거리미확보,건조,맑음,교차로 - 교차로부근,승용,남,72세,상해없음,승용,남,58세,경상
2022040900100084,2022년 4월 9일 08시,토요일,부산광역시 부산진구 당감동,경상사고,0,0,2,0,차대차 - 추돌,안전거리미확보,건조,맑음,단일로 - 기타,승용,여,34세,상해없음,승용,남,34세,경상
2022040900100125,2022년 4월 9일 10시,토요일,부산광역시 수영구 민락동,경상사고,0,0,2,0,차대차 - 측면충돌,기타,건조,맑음,교차로 - 교차로안,승용,여,55세,경상,승용,남,29세,경상
2022040900100156,2022년 4월 9일 11시,토요일,부산광역시 남구 대연동,부상신고사고,0,0,0,1,차대차 - 측면충돌,안전운전불이행,건조,맑음,교차로 - 교차로부근,화물,남,51세,기타불명,승용,여,72세,부상신고
2022040900100157,2022년 4월 9일 11시,토요일,부산광역시 남구 대연동,경상사고,0,0,1,0,차대사람 - 기타,안전운전불이행,건조,맑음,단일로 - 기타,승합,남,53세,상해없음,보행자,여,65세,경상
2022040900100189,2022년 4월 9일 12시,토요일,부산광역시 북구 금곡동,경상사고,0,0,2,0,차대차 - 기타,안전운전불이행,건조,맑음,단일로 - 기타,승용,남,69세,상해없음,승용,남,37세,경상
2022040900100190,2022년 4월 9일 12시,토요일,부산광역시 동래구 명장동,경상사고,0,0,3,0,차대차 - 기타,직진우회전진행방해,건조,맑음,교차로 - 교차로안,원동기,남,24세,상해없음,승용,여,30세,경상
2022040900100192,2022년 4월 9일 12시,토요일,부산광역시 부산진구 개금동,경상사고,0,0,1,0,차대차 - 기타,신호위반,건조,맑음,단일로 - 기타,승용,남,56세,상해없음,이륜,남,37세,경상
2022040900100193,2022년 4월 9일 12시,토요일,부산광역시 수영구 수영동,중상사고,0,1,2,0,차대차 - 기타,교차로운행방법위반,건조,맑음,교차로 - 교차로부근,승용,여,25세,상해없음,승용,남,67세,경상
2022040900100231,2022년 4월 9일 13시,토요일,부산광역시 남구 문현동,중상사고,0,1,0,0,차대차 - 측면충돌,안전운전불이행,건조,맑음,교차로 - 교차로안,승용,남,53세,상해없음,승용,남,54세,중상
2022040900100232,2022년 4월 9일 13시,토요일,부산광역시 부산진구 부전동,경상사고,0,0,1,0,차대차 - 측면충돌,신호위반,건조,맑음,교차로 - 교차로안,승용,여,31세,상해없음,이륜,남,37세,경상
2022040900100233,2022년 4월 9일 13시,토요일,부산광역시 금정구 부곡동,경상사고,0,0,1,0,차대차 - 정면충돌,안전운전불이행,건조,맑음,교차로 - 교차로부근,승용,남,52세,상해없음,승합,남,37세,경상
2022040900100234,2022년 4월 9일 13시,토요일,부산광역시 금정구 구서동,부상신고사고,0,0,0,1,차대차 - 기타,안전운전불이행,건조,맑음,교차로 - 교차로안,승용,남,55세,상해없음,승용,여,32세,부상신고
2022040900100288,2022년 4월 9일 14시,토요일,부산광역시 중구 중앙동4가,경상사고,0,0,1,0,차대차 - 추돌,안전운전불이행,건조,맑음,교차로 - 교차로부근,승용,남,32세,상해없음,이륜,남,37세,경상
2022040900100289,2022년 4월 9일 14시,토요일,부산광역시 동래구 명륜동,경상사고,0,0,1,0,차대차 - 측면충돌,안전운전불이행,건조,맑음,교차로 - 교차로안,이륜,남,15세,경상,승용,남,71세,상해없음
2022040900100290,2022년 4월 9일 14시,토요일,부산광역시 영도구 동삼동,경상사고,0,0,2,0,차대차 - 추돌,기타,건조,맑음,교차로 - 교차로안,승용,남,41세,상해없음,승용,남,33세,경상
2022040900100291,2022년 4월 9일 14시,토요일,부산광역시 해운대구 우동,경상사고,0,0,1,0,차대차 - 측면충돌,교차로운행방법위반,건조,맑음,교차로 - 교차로안,승용,남,49세,상해없음,승용,남,25세,경상
2022040900100338,2022년 4월 9일 15시,토요일,부산광역시 북구 덕천동,경상사고,0,0,1,0,차대사람 - 기타,안전운전불이행,건조,맑음,교차로 - 교차로안,승용,남,33세,상해없음,보행자,남,11세,경상
2022040900100339,2022년 4월 9일 15시,토요일,부산광역시 사하구 구평동,경상사고,0,0,2,0,차대차 - 추돌,안전운전불이행,건조,맑음,교차로 - 교차로안,화물,남,61세,상해없음,승용,남,45세,경상
2022040900100376,2022년 4월 9일 16시,토요일,부산광역시 동래구 온천동,경상사고,0,0,1,0,차대차 - 추돌,안전거리미확보,건조,맑음,교차로 - 교차로부근,승용,남,25세,상해없음,승용,여,49세,경상
2022040900100378,2022년 4월 9일 16시,토요일,부산광역시 금정구 부곡동,중상사고,0,1,0,0,차대차 - 기타,안전운전불이행,건조,맑음,기타 - 기타,원동기,남,19세,상해없음,자전거,남,17세,중상
2022040900100379,2022년 4월 9일 16시,토요일,부산광역시 사하구 괴정동,중상사고,0,2,2,0,차대차 - 측면충돌,신호위반,건조,맑음,단일로 - 기타,승용,여,40세,경상,이륜,남,16세,중상
2022040900100380,2022년 4월 9일 16시,토요일,부산광역시 기장군 철마면,경상사고,0,0,2,0,차대차 - 측면충돌,안전운전불이행,건조,맑음,단일로 - 기타,이륜,남,47세,상해없음,승용,여,62세,경상
2022040900100417,2022년 4월 9일 17시,토요일,부산광역시 서구 서대신동3가,경상사고,0,0,2,0,차대차 - 측면충돌,교차로운행방법위반,건조,맑음,교차로 - 교차로안,승용,남,62세,상해없음,승용,남,69세,상해없음
2022040900100418,2022년 4월 9일 17시,토요일,부산광역시 서구 남부민동,경상사고,0,0,2,0,차대차 - 측면충돌,안전거리미확보,건조,맑음,단일로 - 기타,승용,남,67세,기타불명,승용,남,44세,경상
2022040900100419,2022년 4월 9일 17시,토요일,부산광역시 수영구 광안동,경상사고,0,0,1,0,차대차 - 추돌,안전거리미확보,건조,맑음,단일로 - 기타,승용,남,64세,상해없음,자전거,남,23세,경상
2022040900100420,2022년 4월 9일 17시,토요일,부산광역시 사상구 주례동,경상사고,0,0,1,0,차대차 - 추돌,안전운전불이행,건조,맑음,기타 - 기타,원동기,남,17세,상해없음,원동기,남,17세,경상
2022040900100421,2022년 4월 9일 17시,토요일,부산광역시 기장군 장안읍,경상사고,0,0,2,1,차대차 - 기타,안전거리미확보,건조,맑음,단일로 - 기타,승용,남,33세,상해없음,승용,여,56세,경상
2022040900100459,2022년 4월 9일 18시,토요일,부산광역시 해운대구 재송동,경상사고,0,0,2,0,차대차 - 추돌,안전거리미확보,건조,맑음,교차로 - 교차로부근,승용,남,41세,상해없음,승용,여,48세,경상
2022040900100460,2022년 4월 9일 18시,토요일,부산광역시 기장군 장안읍,경상사고,0,0,1,0,차대사람 - 기타,안전운전불이행,건조,맑음,단일로 - 기타,승용,여,53세,상해없음,보행자,남,58세,경상
2022040900100493,2022년 4월 9일 19시,토요일,부산광역시 해운대구 우동,경상사고,0,0,2,0,차대차 - 기타,안전운전불이행,건조,맑음,교차로 - 교차로부근,이륜,남,25세,상해없음,승용,남,30세,경상
2022040900100494,2022년 4월 9일 19시,토요일,부산광역시 부산진구 당감동,경상사고,0,0,2,0,차대차 - 기타,안전거리미확보,건조,맑음,기타 - 기타,승용,남,66세,상해없음,이륜,남,26세,상해없음
2022040900100496,2022년 4월 9일 19시,토요일,부산광역시 사하구 괴정동,경상사고,0,0,1,0,차대사람 - 보도통행중,기타,건조,맑음,단일로 - 기타,승용,남,29세,상해없음,보행자,여,30세,경상
2022040900100525,2022년 4월 9일 20시,토요일,부산광역시 연제구 거제동,경상사고,0,0,2,0,차대차 - 기타,차로위반,건조,맑음,교차로 - 교차로부근,승용,여,23세,상해없음,승용,남,31세,경상
2022040900100557,2022년 4월 9일 21시,토요일,부산광역시 동래구 명륜동,경상사고,0,0,1,0,차대사람 - 기타,안전운전불이행,건조,맑음,단일로 - 기타,승용,여,21세,상해없음,보행자,남,68세,경상
2022040900100558,2022년 4월 9일 21시,토요일,부산광역시 부산진구 전포동,중상사고,0,2,2,0,차대차 - 추돌,안전운전불이행,건조,맑음,교차로 - 교차로부근,승용,남,45세,상해없음,화물,남,39세,경상
2022040900100559,2022년 4월 9일 21시,토요일,부산광역시 금정구 구서동,경상사고,0,0,1,0,차대차 - 기타,안전거리미확보,건조,맑음,단일로 - 기타,이륜,남,20세,상해없음,승용,여,29세,경상
2022040900100560,2022년 4월 9일 21시,토요일,부산광역시 사하구 하단동,경상사고,0,0,1,0,차대사람 - 기타,안전운전불이행,건조,맑음,단일로 - 기타,승용,남,24세,상해없음,보행자,남,52세,경상
2022040900100577,2022년 4월 9일 22시,토요일,부산광역시 동구 범일동,경상사고,0,0,1,0,차대차 - 측면충돌,교차로운행방법위반,건조,맑음,교차로 - 교차로부근,승용,남,73세,상해없음,자전거,남,13세,경상
2022040900100602,2022년 4월 9일 23시,토요일,부산광역시 부산진구 전포동,경상사고,0,0,2,0,차대차 - 기타,교차로운행방법위반,건조,맑음,교차로 - 교차로안,승용,남,65세,상해없음,승용,남,64세,상해없음
2022041000100005,2022년 4월 10일 00시,일요일,부산광역시 중구 남포동5가,중상사고,0,1,0,0,차대사람 - 기타,안전운전불이행,건조,맑음,단일로 - 기타,승용,여,55세,상해없음,보행자,남,58세,중상
2022041000100024,2022년 4월 10일 01시,일요일,부산광역시 동래구 온천동,경상사고,0,0,1,0,차대차 - 측면충돌,안전운전불이행,건조,맑음,단일로 - 기타,이륜,남,22세,기타불명,승용,남,43세,경상
2022041000100025,2022년 4월 10일 01시,일요일,부산광역시 부산진구 부전동,경상사고,0,0,2,0,차대차 - 기타,신호위반,건조,맑음,교차로 - 교차로안,이륜,남,19세,상해없음,개인형이동수단(PM),남,23세,경상
2022041000100032,2022년 4월 10일 02시,일요일,부산광역시 사하구 장림동,중상사고,0,1,0,0,차량단독 - 기타,안전거리미확보,건조,맑음,교차로 - 교차로부근,승용,남,66세,상해없음,,,,
2022041000100038,2022년 4월 10일 03시,일요일,부산광역시 사하구 하단동,중상사고,0,1,1,0,차대차 - 측면충돌,직진우회전진행방해,건조,맑음,교차로 - 교차로안,승용,남,68세,경상,승용,남,66세,중상
2022041000100045,2022년 4월 10일 06시,일요일,부산광역시 금정구 회동동,사망사고,1,0,0,0,차대차 - 기타,안전운전불이행,건조,맑음,교차로 - 교차로부근,자전거,남,64세,사망,승용,남,29세,상해없음
2022041000100072,2022년 4월 10일 09시,일요일,부산광역시 부산진구 부전동,경상사고,0,0,2,0,차대사람 - 기타,안전운전불이행,건조,맑음,기타 - 기타,승용,여,42세,경상,보행자,남,47세,경상
2022041000100091,2022년 4월 10일 10시,일요일,부산광역시 영도구 동삼동,경상사고,0,0,1,0,차대차 - 후진중충돌,안전운전불이행,건조,맑음,기타 - 기타,승용,남,21세,상해없음,이륜,남,59세,경상
2022041000100092,2022년 4월 10일 10시,일요일,부산광역시 사하구 장림동,경상사고,0,0,1,0,차대차 - 추돌,안전거리미확보,건조,맑음,단일로 - 기타,승합,남,68세,상해없음,승용,여,54세,상해없음
2022041000100110,2022년 4월 10일 11시,일요일,부산광역시 동래구 온천동,중상사고,0,2,0,0,차대차 - 기타,교차로운행방법위반,건조,맑음,교차로 - 교차로안,승용,여,61세,상해없음,승용,남,52세,중상
2022041000100132,2022년 4월 10일 12시,일요일,부산광역시 서구 동대신동3가,부상신고사고,0,0,0,1,차대차 - 기타,신호위반,건조,맑음,교차로 - 교차로부근,이륜,남,30세,부상신고,화물,남,57세,상해없음
2022041000100133,2022년 4월 10일 12시,일요일,부산광역시 부산진구 전포동,경상사고,0,0,2,0,차대차 - 측면충돌,안전거리미확보,건조,맑음,교차로 - 교차로부근,승용,남,65세,경상,승용,여,44세,경상
2022041000100134,2022년 4월 10일 12시,일요일,부산광역시 금정구 남산동,중상사고,0,4,2,1,차대차 - 측면충돌,안전운전불이행,건조,맑음,교차로 - 교차로안,승용,남,17세,상해없음,승용,남,56세,중상
2022041000100135,2022년 4월 10일 12시,일요일,부산광역시 연제구 연산동,경상사고,0,0,7,0,차대차 - 기타,신호위반,건조,맑음,교차로 - 교차로안,승용,남,63세,상해없음,승용,남,43세,경상
2022041000100163,2022년 4월 10일 13시,일요일,부산광역시 해운대구 우동,경상사고,0,0,2,0,차대차 - 추돌,안전운전불이행,건조,맑음,교차로 - 교차로부근,승용,여,64세,상해없음,승용,남,26세,경상
2022041000100164,2022년 4월 10일 13시,일요일,부산광역시 해운대구 반여동,부상신고사고,0,0,0,1,차대차 - 기타,직진우회전진행방해,건조,맑음,교차로 - 교차로안,승용,남,36세,상해없음,승용,여,31세,부상신고
2022041000100165,2022년 4월 10일 13시,일요일,부산광역시 사하구 하단동,중상사고,0,2,1,0,차대차 - 기타,안전운전불이행,건조,맑음,교차로 - 교차로안,승용,남,47세,상해없음,승용,남,45세,중상
2022041000100166,2022년 4월 10일 13시,일요일,부산광역시 연제구 연산동,중상사고,0,2,6,0,차대차 - 기타,신호위반,건조,맑음,교차로 - 교차로안,승용,남,21세,경상,승용,여,61세,중상
2022041000100167,2022년 4월 10일 13시,일요일,부산광역시 기장군 기장읍,경상사고,0,0,1,0,차대사람 - 길가장자리구역통행중,안전운전불이행,건조,맑음,단일로 - 기타,화물,남,56세,상해없음,보행자,남,36세,경상
2022041000100168,2022년 4월 10일 13시,일요일,부산광역시 금정구 노포동,경상사고,0,0,1,0,차대차 - 추돌,안전운전불이행,건조,맑음,단일로 - 기타,화물,남,54세,상해없음,승용,남,23세,경상
2022041000100202,2022년 4월 10일 14시,일요일,부산광역시 해운대구 좌동,경상사고,0,0,1,0,차대차 - 기타,안전운전불이행,건조,맑음,교차로 - 교차로안,승용,남,52세,상해없음,이륜,남,30세,경상
2022041000100236,2022년 4월 10일 15시,일요일,부산광역시 중구 부평동1가,경상사고,0,0,1,0,차대사람 - 차도통행중,안전운전불이행,건조,맑음,단일로 - 기타,승용,남,76세,상해없음,보행자,남,50세,경상
2022041000100307,2022년 4월 10일 17시,일요일,부산광역시 서구 동대신동3가,중상사고,0,1,0,0,차대차 - 기타,안전운전불이행,건조,맑음,단일로 - 기타,이륜,남,53세,상해없음,특수,남,60세,상해없음
2022041000100308,2022년 4월 10일 17시,일요일,부산광역시 동래구 낙민동,중상사고,0,1,1,0,차대차 - 기타,안전운전불이행,건조,맑음,기타 - 기타,자전거,남,13세,경상,자전거,남,38세,중상
2022041000100309,2022년 4월 10일 17시,일요일,부산광역시 부산진구 전포동,경상사고,0,0,1,0,차대사람 - 기타,안전운전불이행,건조,맑음,기타 - 기타,승용,여,25세,상해없음,보행자,여,24세,경상
2022041000100360,2022년 4월 10일 19시,일요일,부산광역시 금정구 부곡동,경상사고,0,0,1,0,차대차 - 기타,안전운전불이행,건조,맑음,기타 - 기타,승합,남,67세,상해없음,승용,남,30세,경상
2022041000100387,2022년 4월 10일 20시,일요일,부산광역시 강서구 대저1동,경상사고,0,0,2,0,차대차 - 추돌,안전운전불이행,건조,맑음,교차로 - 교차로부근,승용,남,53세,상해없음,승용,남,68세,경상
2022041000100404,2022년 4월 10일 21시,일요일,부산광역시 남구 대연동,경상사고,0,0,1,0,차대차 - 정면충돌,기타,건조,맑음,교차로 - 교차로부근,화물,남,63세,상해없음,자전거,남,41세,경상
2022041000100405,2022년 4월 10일 21시,일요일,부산광역시 영도구 동삼동,경상사고,0,0,1,0,차대사람 - 기타,안전운전불이행,건조,맑음,단일로 - 기타,승용,남,23세,상해없음,보행자,남,68세,경상