사고번호,사고일시,요일,시군구,사고내용,사망자수,중상자수,경상자수,부상신고자수,사고유형,법규위반,노면상태,기상상태,도로형태,가해운전자 차종,가해운전자 성별,가해운전자 연령,가해운전자 상해정도,피해운전자 차종,피해운전자 성별,피해운전자 연령,피해운전자 상해정도
2022041800100347,2022년 4월 18일 16시,월요일,부산광역시 북구 덕천동,중상사고,0,1,0,0,차대사람 - 횡단중,보행자보호의무위반,건조,맑음,교차로 - 교차로횡단보도내,건설기계,남,62세,상해없음,보행자,남,9세,중상
2022041800100348,2022년 4월 18일 16시,월요일,부산광역시 동래구 온천동,경상사고,0,0,1,0,차대차 - 추돌,안전운전불이행,건조,맑음,단일로 - 기타,승용,여,48세,상해없음,승용,남,36세,경상
2022041800100349,2022년 4월 18일 16시,월요일,부산광역시 부산진구 전포동,부상신고사고,0,0,0,1,차대사람 - 보도통행중,기타,건조,맑음,단일로 - 기타,이륜,남,68세,상해없음,보행자,여,26세,부상신고
2022041800100350,2022년 4월 18일 16시,월요일,부산광역시 부산진구 초읍동,경상사고,0,0,1,0,차대차 - 기타,안전운전불이행,건조,맑음,기타 - 기타,승용,남,32세,상해없음,승합,남,42세,상해없음
2022041800100351,2022년 4월 18일 16시,월요일,부산광역시 강서구 대저1동,경상사고,0,0,1,0,차량단독 - 공작물충돌,안전운전불이행,건조,맑음,단일로 - 기타,승용,남,66세,경상,,,,
2022041800100391,2022년 4월 18일 17시,월요일,부산광역시 영도구 영선동3가,중상사고,0,1,0,0,차대사람 - 기타,안전운전불이행,건조,맑음,단일로 - 기타,승용,남,65세,상해없음,보행자,여,72세,중상
2022041800100392,2022년 4월 18일 17시,월요일,부산광역시 해운대구 송정동,경상사고,0,0,1,0,차대사람 - 기타,안전운전불이행,건조,맑음,단일로 - 기타,승합,남,55세,상해없음,보행자,여,25세,경상
2022041800100393,2022년 4월 18일 17시,월요일,부산광역시 금정구 부곡동,경상사고,0,0,1,0,차대차 - 측면충돌,안전운전불이행,건조,맑음,단일로 - 기타,이륜,남,54세,경상,승합,남,60세,상해없음
2022041800100394,2022년 4월 18일 17시,월요일,부산광역시 사하구 다대동,경상사고,0,0,1,0,차대차 - 측면충돌,신호위반,건조,맑음,교차로 - 교차로안,기타불명,기타불명,미분류,기타불명,승용,여,52세,경상
2022041800100395,2022년 4월 18일 17시,월요일,부산광역시 강서구 녹산동,경상사고,0,0,2,0,차대차 - 추돌,안전운전불이행,건조,맑음,단일로 - 기타,승용,남,29세,경상,승합,남,64세,경상
2022041800100428,2022년 4월 18일 18시,월요일,부산광역시 강서구 화전동,경상사고,0,0,3,0,차대차 - 측면충돌,신호위반,건조,맑음,교차로 - 교차로안,승용,남,63세,상해없음,승용,여,19세,경상
2022041800100514,2022년 4월 18일 21시,월요일,부산광역시 동구 초량동,경상사고,0,0,3,0,차대차 - 기타,안전운전불이행,건조,맑음,단일로 - 기타,승용,남,51세,상해없음,승용,남,61세,경상
2022041800100515,2022년 4월 18일 21시,월요일,부산광역시 동래구 명륜동,경상사고,0,0,1,0,차대사람 - 차도통행중,안전운전불이행,건조,맑음,단일로 - 기타,승용,여,40세,상해없음,보행자,남,23세,경상
2022041800100516,2022년 4월 18일 21시,월요일,부산광역시 금정구 부곡동,경상사고,0,0,2,0,차대차 - 추돌,안전거리미확보,건조,맑음,단일로 - 기타,승용,남,58세,상해없음,승용,남,51세,경상
2022041800100537,2022년 4월 18일 22시,월요일,부산광역시 동구 초량동,경상사고,0,0,2,0,차대차 - 기타,안전운전불이행,건조,맑음,단일로 - 기타,승용,남,33세,상해없음,승용,남,50세,상해없음
2022041800100538,2022년 4월 18일 22시,월요일,부산광역시 부산진구 부전동,경상사고,0,0,3,0,차대차 - 추돌,안전운전불이행,건조,맑음,단일로 - 기타,승용,남,33세,상해없음,승용,남,59세,경상
2022041800100554,2022년 4월 18일 23시,월요일,부산광역시 남구 감만동,경상사고,0,0,3,0,차대차 - 측면충돌,신호위반,건조,맑음,교차로 - 교차로안,승용,남,27세,상해없음,승용,남,62세,경상
2022041800100555,2022년 4월 18일 23시,월요일,부산광역시 연제구 연산동,중상사고,0,1,0,0,차대사람 - 횡단중,안전운전불이행,건조,맑음,교차로 - 교차로횡단보도내,승용,남,69세,상해없음,보행자,남,61세,중상
2022041800100556,2022년 4월 18일 23시,월요일,부산광역시 연제구 연산동,중상사고,0,1,0,0,차대차 - 추돌,안전운전불이행,건조,맑음,교차로 - 교차로안,승용,남,58세,상해없음,승용,남,68세,중상
2022041900100004,2022년 4월 19일 00시,화요일,부산광역시 사상구 감전동,중상사고,0,3,3,0,차대차 - 추돌,안전운전불이행,건조,맑음,교차로 - 교차로부근,화물,남,38세,기타불명,화물,남,41세,중상
2022041900100030,2022년 4월 19일 03시,화요일,부산광역시 사하구 괴정동,부상신고사고,0,0,0,1,차량단독 - 공작물충돌,안전운전불이행,건조,맑음,단일로 - 기타,이륜,남,23세,부상신고,,,,
2022041900100039,2022년 4월 19일 05시,화요일,부산광역시 사하구 괴정동,중상사고,0,1,0,0,차대차 - 후진중충돌,안전운전불이행,건조,맑음,단일로 - 기타,승합,남,60세,상해없음,이륜,남,45세,중상
2022041900100051,2022년 4월 19일 06시,화요일,부산광역시 동래구 온천동,경상사고,0,0,1,0,차대차 - 측면충돌,차로위반,건조,맑음,교차로 - 교차로안,화물,남,76세,상해없음,승용,여,31세,경상
2022041900100052,2022년 4월 19일 06시,화요일,부산광역시 영도구 남항동2가,중상사고,0,1,0,0,차대사람 - 횡단중,안전운전불이행,건조,맑음,교차로 - 교차로횡단보도내,승용,남,42세,상해없음,보행자,여,75세,중상
2022041900100091,2022년 4월 19일 08시,화요일,부산광역시 사하구 당리동,경상사고,0,0,1,0,차대차 - 추돌,안전거리미확보,건조,맑음,단일로 - 기타,승용,여,50세,상해없음,화물,남,41세,경상
2022041900100141,2022년 4월 19일 09시,화요일,부산광역시 북구 덕천동,경상사고,0,0,1,0,차대사람 - 횡단중,보행자보호의무위반,건조,맑음,교차로 - 교차로횡단보도내,승용,남,38세,상해없음,보행자,남,43세,경상
2022041900100142,2022년 4월 19일 09시,화요일,부산광역시 사상구 괘법동,경상사고,0,0,1,0,차대차 - 측면충돌,안전거리미확보,건조,맑음,교차로 - 교차로부근,승용,남,54세,상해없음,승용,남,30세,경상
2022041900100177,2022년 4월 19일 10시,화요일,부산광역시 동래구 안락동,경상사고,0,0,2,0,차대차 - 추돌,안전운전불이행,건조,맑음,단일로 - 기타,화물,남,53세,상해없음,승용,남,72세,경상
2022041900100178,2022년 4월 19일 10시,화요일,부산광역시 부산진구 부전동,부상신고사고,0,0,0,1,차대차 - 측면충돌,불법유턴,건조,맑음,단일로 - 기타,자전거,남,77세,부상신고,승용,남,33세,상해없음
2022041900100179,2022년 4월 19일 10시,화요일,부산광역시 사상구 엄궁동,부상신고사고,0,0,0,2,차대차 - 측면충돌,차로위반,건조,맑음,단일로 - 기타,승용,남,27세,상해없음,승용,남,50세,부상신고
2022041900100213,2022년 4월 19일 11시,화요일,부산광역시 남구 문현동,경상사고,0,0,1,0,차대차 - 측면충돌,안전운전불이행,건조,맑음,교차로 - 교차로부근,승용,여,79세,상해없음,승용,남,59세,경상
2022041900100214,2022년 4월 19일 11시,화요일,부산광역시 동래구 안락동,경상사고,0,0,1,0,차대차 - 기타,신호위반,건조,맑음,교차로 - 교차로안,이륜,남,45세,기타불명,승합,남,47세,상해없음
2022041900100215,2022년 4월 19일 11시,화요일,부산광역시 사하구 장림동,경상사고,0,0,2,0,차대차 - 기타,안전운전불이행,건조,맑음,단일로 - 지하차도(도로)내,승용,남,65세,기타불명,화물,남,57세,경상
2022041900100245,2022년 4월 19일 12시,화요일,부산광역시 동구 초량동,경상사고,0,0,1,0,차대차 - 측면충돌,안전거리미확보,건조,맑음,교차로 - 교차로부근,승용,남,63세,상해없음,건설기계,남,64세,경상
2022041900100246,2022년 4월 19일 12시,화요일,부산광역시 북구 덕천동,경상사고,0,0,1,0,차대차 - 기타,중앙선침범,건조,맑음,교차로 - 교차로부근,승용,남,46세,상해없음,승용,여,49세,경상
2022041900100247,2022년 4월 19일 12시,화요일,부산광역시 동래구 안락동,경상사고,0,0,1,0,차대차 - 측면충돌,안전운전불이행,건조,맑음,단일로 - 기타,승용,여,64세,상해없음,승합,남,73세,경상
2022041900100248,2022년 4월 19일 12시,화요일,부산광역시 수영구 망미동,경상사고,0,0,1,0,차대차 - 추돌,안전운전불이행,건조,맑음,교차로 - 교차로안,승용,여,45세,상해없음,이륜,남,63세,경상
2022041900100285,2022년 4월 19일 13시,화요일,부산광역시 부산진구 초읍동,중상사고,0,2,0,0,차량단독 - 도로외이탈 - 추락,안전운전불이행,건조,맑음,기타 - 기타,승용,여,56세,상해없음,,,,
2022041900100286,2022년 4월 19일 13시,화요일,부산광역시 부산진구 초읍동,경상사고,0,0,2,0,차대차 - 측면충돌,교차로운행방법위반,건조,맑음,교차로 - 교차로안,승용,여,56세,상해없음,승용,남,44세,경상
2022041900100323,2022년 4월 19일 14시,화요일,부산광역시 동래구 명륜동,경상사고,0,0,1,0,차대차 - 후진중충돌,불법유턴,건조,맑음,단일로 - 기타,화물,남,56세,상해없음,원동기,남,41세,경상
2022041900100356,2022년 4월 19일 15시,화요일,부산광역시 금정구 구서동,중상사고,0,1,0,0,차대사람 - 횡단중,안전운전불이행,건조,맑음,교차로 - 교차로안,승용,여,57세,상해없음,보행자,여,61세,중상
2022041900100390,2022년 4월 19일 16시,화요일,부산광역시 남구 대연동,경상사고,0,0,1,0,차대차 - 기타,안전운전불이행,건조,맑음,교차로 - 교차로안,이륜,남,42세,경상,승용,남,45세,상해없음
2022041900100391,2022년 4월 19일 16시,화요일,부산광역시 해운대구 재송동,경상사고,0,0,1,0,차대사람 - 횡단중,보행자보호의무위반,건조,맑음,단일로 - 기타,승용,여,56세,상해없음,보행자,남,12세,경상
2022041900100392,2022년 4월 19일 16시,화요일,부산광역시 기장군 정관읍,경상사고,0,0,1,0,차대차 - 기타,기타,건조,맑음,단일로 - 기타,승용,남,28세,상해없음,화물,남,47세,경상
2022041900100433,2022년 4월 19일 17시,화요일,부산광역시 동구 범일동,중상사고,0,1,0,0,차대사람 - 횡단중,안전운전불이행,건조,맑음,단일로 - 기타,승용,여,39세,상해없음,보행자,여,83세,중상
2022041900100434,2022년 4월 19일 17시,화요일,부산광역시 금정구 오륜동,중상사고,0,1,0,0,차대사람 - 기타,안전운전불이행,건조,맑음,교차로 - 교차로횡단보도내,승용,여,28세,상해없음,보행자,여,22세,중상
2022041900100435,2022년 4월 19일 17시,화요일,부산광역시 금정구 노포동,경상사고,0,0,1,0,차대차 - 측면충돌,차로위반,건조,맑음,단일로 - 기타,승합,남,71세,상해없음,승용,여,50세,경상
2022041900100480,2022년 4월 19일 18시,화요일,부산광역시 동구 초량동,경상사고,0,0,1,0,차대차 - 측면충돌,교차로운행방법위반,건조,맑음,교차로 - 교차로안,승용,여,49세,상해없음,승용,남,74세,기타불명
2022041900100481,2022년 4월 19일 18시,화요일,부산광역시 부산진구 전포동,경상사고,0,0,1,0,차대차 - 측면충돌,안전운전불이행,건조,맑음,단일로 - 기타,승용,남,35세,상해없음,승용,여,48세,경상
2022041900100482,2022년 4월 19일 18시,화요일,부산광역시 금정구 회동동,사망사고,1,0,0,0,차대사람 - 기타,안전운전불이행,건조,맑음,단일로 - 기타,승용,남,32세,상해없음,보행자,남,82세,사망
2022041900100483,2022년 4월 19일 18시,화요일,부산광역시 사상구 괘법동,경상사고,0,0,1,0,차대차 - 측면충돌,안전운전불이행,건조,맑음,단일로 - 기타,승합,남,66세,상해없음,화물,남,59세,경상
2022041900100530,2022년 4월 19일 19시,화요일,부산광역시 연제구 연산동,경상사고,0,0,1,0,차대사람 - 기타,보행자보호의무위반,건조,맑음,교차로 - 교차로횡단보도내,이륜,남,27세,상해없음,보행자,여,8세,경상
2022041900100567,2022년 4월 19일 20시,화요일,부산광역시 부산진구 전포동,경상사고,0,0,1,0,차대사람 - 횡단중,보행자보호의무위반,건조,맑음,교차로 - 교차로안,승용,여,55세,상해없음,보행자,여,59세,경상
2022041900100568,2022년 4월 19일 20시,화요일,부산광역시 금정구 남산동,경상사고,0,0,1,0,차대사람 - 기타,안전운전불이행,건조,맑음,기타 - 기타,승용,남,57세,상해없음,보행자,여,16세,경상
2022041900100569,2022년 4월 19일 20시,화요일,부산광역시 강서구 식만동,중상사고,0,1,0,0,차대차 - 측면충돌,안전운전불이행,건조,맑음,단일로 - 기타,화물,남,55세,상해없음,승용,남,50세,중상
2022041900100594,2022년 4월 19일 21시,화요일,부산광역시 부산진구 개금동,중상사고,0,2,2,0,차대차 - 기타,안전운전불이행,건조,맑음,기타 - 기타,승용,남,35세,상해없음,승용,남,45세,상해없음
2022041900100627,2022년 4월 19일 23시,화요일,부산광역시 연제구 연산동,중상사고,0,1,0,0,차량단독 - 공작물충돌,안전운전불이행,건조,맑음,단일로 - 기타,이륜,남,19세,중상,,,,
2022042000100003,2022년 4월 20일 00시,수요일,부산광역시 해운대구 중동,중상사고,0,1,1,0,차량단독 - 기타,안전운전불이행,건조,맑음,단일로 - 기타,원동기,남,20세,중상,,,,
2022042000100004,2022년 4월 20일 00시,수요일,부산광역시 부산진구 양정동,경상사고,0,0,1,0,차대차 - 추돌,안전운전불이행,건조,맑음,교차로 - 교차로부근,이륜,남,30세,상해없음,승용,남,67세,경상
2022042000100026,2022년 4월 20일 03시,수요일,부산광역시 연제구 거제동,경상사고,0,0,1,0,차량단독 - 기타,안전운전불이행,건조,맑음,단일로 - 기타,이륜,남,19세,경상,,,,
2022042000100027,2022년 4월 20일 03시,수요일,부산광역시 사상구 괘법동,경상사고,0,0,1,0,차량단독 - 공작물충돌,안전운전불이행,건조,맑음,단일로 - 기타,이륜,남,19세,경상,,,,
2022042000100044,2022년 4월 20일 06시,수요일,부산광역시 서구 암남동,경상사고,0,0,1,0,차대차 - 측면충돌,안전거리미확보,건조,맑음,단일로 - 기타,승용,남,53세,상해없음,승용,남,26세,경상
2022042000100045,2022년 4월 20일 06시,수요일,부산광역시 해운대구 재송동,경상사고,0,0,1,0,차대차 - 측면충돌,안전운전불이행,건조,맑음,단일로 - 기타,승용,여,47세,상해없음,승용,여,42세,경상
2022042000100093,2022년 4월 20일 08시,수요일,부산광역시 서구 암남동,경상사고,0,0,2,0,차대차 - 기타,안전거리미확보,건조,맑음,단일로 - 기타,승합,남,60세,상해없음,승용,남,56세,경상
2022042000100094,2022년 4월 20일 08시,수요일,부산광역시 동래구 온천동,경상사고,0,0,1,0,차대차 - 측면충돌,안전운전불이행,건조,맑음,단일로 - 기타,건설기계,남,69세,상해없음,승용,여,45세,경상
2022042000100096,2022년 4월 20일 08시,수요일,부산광역시 금정구 두구동,경상사고,0,0,1,0,차대차 - 측면충돌,안전운전불이행,건조,맑음,기타 - 기타,화물,남,56세,상해없음,승용,여,38세,경상
2022042000100097,2022년 4월 20일 08시,수요일,부산광역시 사하구 구평동,중상사고,0,1,0,0,차대사람 - 기타,안전운전불이행,건조,맑음,단일로 - 기타,화물,남,68세,상해없음,보행자,남,53세,중상
2022042000100145,2022년 4월 20일 09시,수요일,부산광역시 부산진구 양정동,경상사고,0,0,1,0,차대차 - 측면충돌,안전거리미확보,건조,맑음,단일로 - 기타,승용,여,49세,기타불명,승용,여,60세,경상
2022042000100146,2022년 4월 20일 09시,수요일,부산광역시 부산진구 양정동,경상사고,0,0,1,0,차대사람 - 기타,안전운전불이행,건조,맑음,주차장 - 주차장,화물,남,31세,상해없음,보행자,여,28세,경상
2022042000100188,2022년 4월 20일 10시,수요일,부산광역시 남구 용호동,중상사고,0,1,0,0,차대사람 - 횡단중,신호위반,건조,맑음,기타 - 기타,승용,남,61세,상해없음,보행자,여,59세,중상
2022042000100189,2022년 4월 20일 10시,수요일,부산광역시 사하구 구평동,경상사고,0,0,1,0,차대차 - 측면충돌,안전운전불이행,건조,맑음,단일로 - 지하차도(도로)내,승용,여,47세,기타불명,승용,여,33세,경상
2022042000100190,2022년 4월 20일 10시,수요일,부산광역시 강서구 미음동,경상사고,0,0,1,0,차대차 - 기타,신호위반,건조,맑음,교차로 - 교차로안,화물,남,33세,상해없음,승용,남,39세,경상
2022042000100191,2022년 4월 20일 10시,수요일,부산광역시 금정구 선동,경상사고,0,0,1,0,차대차 - 측면충돌,안전거리미확보,건조,맑음,단일로 - 기타,화물,남,40세,상해없음,화물,남,45세,경상
2022042000100217,2022년 4월 20일 11시,수요일,부산광역시 수영구 남천동,경상사고,0,0,1,0,차대사람 - 기타,기타,건조,맑음,단일로 - 기타,화물,남,65세,상해없음,보행자,여,25세,경상
2022042000100218,2022년 4월 20일 11시,수요일,부산광역시 북구 만덕동,중상사고,0,1,1,0,차대사람 - 기타,안전운전불이행,건조,맑음,교차로 - 교차로안,화물,남,22세,상해없음,보행자,여,75세,중상
2022042000100219,2022년 4월 20일 11시,수요일,부산광역시 영도구 동삼동,경상사고,0,0,1,0,차대차 - 추돌,안전거리미확보,건조,맑음,단일로 - 기타,이륜,남,55세,상해없음,승용,여,50세,경상
2022042000100220,2022년 4월 20일 11시,수요일,부산광역시 사하구 괴정동,중상사고,0,1,0,0,차대차 - 측면충돌,신호위반,건조,맑음,교차로 - 교차로안,이륜,남,62세,상해없음,이륜,남,47세,중상
2022042000100247,2022년 4월 20일 12시,수요일,부산광역시 동구 수정동,중상사고,0,1,0,0,차대사람 - 횡단중,보행자보호의무위반,건조,맑음,교차로 - 교차로안,승용,남,80세,상해없음,보행자,여,82세,중상
2022042000100248,2022년 4월 20일 12시,수요일,부산광역시 동래구 온천동,중상사고,0,1,0,0,차대사람 - 기타,안전운전불이행,건조,맑음,교차로 - 교차로안,승용,여,22세,상해없음,보행자,여,49세,중상
2022042000100249,2022년 4월 20일 12시,수요일,부산광역시 해운대구 중동,경상사고,0,0,1,0,차대차 - 정면충돌,신호위반,건조,맑음,교차로 - 교차로부근,승용,여,55세,상해없음,승용,남,45세,경상
2022042000100250,2022년 4월 20일 12시,수요일,부산광역시 연제구 연산동,중상사고,0,1,0,0,차대차 - 기타,신호위반,건조,맑음,교차로 - 교차로횡단보도내,원동기,남,21세,상해없음,이륜,남,19세,상해없음
2022042000100251,2022년 4월 20일 12시,수요일,부산광역시 수영구 망미동,경상사고,0,0,2,0,차대차 - 추돌,안전운전불이행,건조,맑음,단일로 - 기타,승용,남,30세,상해없음,승용,남,46세,경상
2022042000100282,2022년 4월 20일 13시,수요일,부산광역시 사하구 괴정동,중상사고,0,1,0,0,차대사람 - 횡단중,보행자보호의무위반,건조,맑음,단일로 - 기타,승용,남,65세,상해없음,보행자,여,63세,중상
2022042000100314,2022년 4월 20일 14시,수요일,부산광역시 수영구 광안동,경상사고,0,0,1,0,차대차 - 추돌,안전운전불이행,건조,맑음,단일로 - 기타,승용,남,24세,상해없음,화물,남,38세,경상
2022042000100395,2022년 4월 20일 16시,수요일,부산광역시 남구 문현동,경상사고,0,0,1,0,차대사람 - 길가장자리구역통행중,안전운전불이행,건조,맑음,교차로 - 교차로부근,승용,여,27세,상해없음,보행자,여,15세,경상
2022042000100396,2022년 4월 20일 16시,수요일,부산광역시 연제구 연산동,경상사고,0,0,2,0,차대차 - 추돌,안전운전불이행,건조,맑음,교차로 - 교차로부근,승용,여,57세,상해없음,이륜,남,40세,경상
2022042000100451,2022년 4월 20일 18시,수요일,부산광역시 부산진구 부전동,중상사고,0,1,0,0,차대차 - 기타,신호위반,건조,맑음,교차로 - 교차로안,승용,남,29세,상해없음,이륜,남,35세,중상
2022042000100508,2022년 4월 20일 19시,수요일,부산광역시 사상구 덕포동,중상사고,0,1,0,0,차대사람 - 보도통행중,신호위반,건조,맑음,단일로 - 기타,승용,남,44세,기타불명,보행자,여,55세,중상
2022042000100540,2022년 4월 20일 20시,수요일,부산광역시 남구 대연동,경상사고,0,0,1,0,차대사람 - 횡단중,신호위반,건조,맑음,단일로 - 기타,이륜,남,63세,상해없음,보행자,남,26세,경상
2022042000100541,2022년 4월 20일 20시,수요일,부산광역시 해운대구 재송동,중상사고,0,1,0,0,차대차 - 기타,신호위반,건조,맑음,교차로 - 교차로안,승용,남,31세,상해없음,이륜,남,32세,중상
2022042000100542,2022년 4월 20일 20시,수요일,부산광역시 부산진구 전포동,중상사고,0,1,0,0,차대차 - 기타,안전거리미확보,건조,맑음,교차로 - 교차로안,화물,남,49세,상해없음,승용,여,52세,중상
2022042000100589,2022년 4월 20일 22시,수요일,부산광역시 동구 범일동,중상사고,0,1,0,0,차대사람 - 기타,안전운전불이행,건조,맑음,단일로 - 기타,승용,여,53세,상해없음,보행자,남,50세,중상
2022042100100006,2022년 4월 21일 00시,목요일,부산광역시 부산진구 부전동,경상사고,0,0,3,1,차대차 - 추돌,안전운전불이행,건조,맑음,단일로 - 기타,승용,남,50세,상해없음,승용,남,66세,부상신고
2022042100100039,2022년 4월 21일 06시,목요일,부산광역시 사하구 신평동,경상사고,0,0,1,0,차대차 - 추돌,안전운전불이행,건조,맑음,교차로 - 교차로부근,승용,남,43세,상해없음,승용,남,44세,경상
2022042100100051,2022년 4월 21일 07시,목요일,부산광역시 강서구 화전동,중상사고,0,1,2,0,차대차 - 측면충돌,신호위반,건조,맑음,교차로 - 교차로안,승용,남,21세,중상,승용,남,45세,경상
2022042100100071,2022년 4월 21일 08시,목요일,부산광역시 남구 용호동,중상사고,0,1,0,0,차대사람 - 기타,안전운전불이행,건조,맑음,교차로 - 교차로안,승합,남,61세,상해없음,보행자,여,13세,중상
2022042100100072,2022년 4월 21일 08시,목요일,부산광역시 부산진구 가야동,경상사고,0,0,1,0,차대사람 - 횡단중,보행자보호의무위반,건조,맑음,단일로 - 기타,화물,남,43세,상해없음,보행자,여,66세,경상
2022042100100115,2022년 4월 21일 09시,목요일,부산광역시 동구 좌천동,경상사고,0,0,1,0,차대차 - 기타,차로위반,건조,맑음,단일로 - 고가도로위,특수,남,46세,상해없음,승용,여,37세,경상
2022042100100116,2022년 4월 21일 09시,목요일,부산광역시 수영구 광안동,경상사고,0,0,1,0,차대사람 - 기타,안전운전불이행,건조,맑음,단일로 - 기타,승합,여,53세,상해없음,보행자,남,48세,경상
2022042100100117,2022년 4월 21일 09시,목요일,부산광역시 부산진구 양정동,경상사고,0,0,1,0,차대차 - 측면충돌,중앙선침범,건조,맑음,기타 - 기타,승용,남,47세,상해없음,이륜,남,48세,경상
2022042100100118,2022년 4월 21일 09시,목요일,부산광역시 사상구 감전동,중상사고,0,1,0,0,차대사람 - 기타,안전운전불이행,건조,맑음,단일로 - 기타,승용,남,67세,상해없음,보행자,여,30세,중상
2022042100100144,2022년 4월 21일 10시,목요일,부산광역시 남구 대연동,중상사고,0,1,0,0,차대차 - 추돌,안전거리미확보,건조,맑음,단일로 - 기타,승용,여,30세,상해없음,이륜,남,48세,중상
2022042100100145,2022년 4월 21일 10시,목요일,부산광역시 해운대구 반여동,중상사고,0,1,0,0,차대사람 - 기타,안전운전불이행,건조,맑음,단일로 - 기타,승용,남,72세,상해없음,보행자,여,39세,중상
2022042100100171,2022년 4월 21일 11시,목요일,부산광역시 수영구 민락동,경상사고,0,0,1,0,차대차 - 기타,교차로운행방법위반,건조,맑음,교차로 - 교차로안,승용,여,56세,상해없음,이륜,남,52세,경상
2022042100100173,2022년 4월 21일 11시,목요일,부산광역시 해운대구 우동,중상사고,0,3,0,0,차대차 - 추돌,기타,건조,맑음,단일로 - 기타,승용,남,67세,중상,특수,남,67세,상해없음
2022042100100174,2022년 4월 21일 11시,목요일,부산광역시 부산진구 전포동,경상사고,0,0,1,0,차대사람 - 차도통행중,안전운전불이행,건조,맑음,단일로 - 기타,이륜,여,24세,상해없음,보행자,남,66세,경상
2022042100100176,2022년 4월 21일 11시,목요일,부산광역시 사하구 신평동,경상사고,0,0,1,0,차대사람 - 기타,안전운전불이행,건조,맑음,교차로 - 교차로안,승용,남,64세,상해없음,보행자,남,89세,경상
2022042100100204,2022년 4월 21일 12시,목요일,부산광역시 북구 구포동,경상사고,0,0,1,0,차대사람 - 차도통행중,안전운전불이행,건조,맑음,교차로 - 교차로안,승용,남,68세,상해없음,보행자,남,48세,경상
2022042100100205,2022년 4월 21일 12시,목요일,부산광역시 부산진구 범천동,경상사고,0,0,1,0,차대사람 - 기타,안전운전불이행,젖음/습기,비,단일로 - 기타,화물,남,65세,상해없음,보행자,남,31세,경상
2022042100100252,2022년 4월 21일 14시,목요일,부산광역시 사상구 주례동,경상사고,0,0,1,0,차대차 - 측면충돌,안전거리미확보,젖음/습기,비,단일로 - 기타,승용,여,39세,상해없음,화물,남,27세,경상
2022042100100280,2022년 4월 21일 15시,목요일,부산광역시 수영구 광안동,경상사고,0,0,1,0,차대차 - 측면충돌,안전거리미확보,젖음/습기,비,교차로 - 교차로부근,승합,남,52세,상해없음,이륜,남,35세,경상
2022042100100281,2022년 4월 21일 15시,목요일,부산광역시 부산진구 부전동,경상사고,0,0,1,0,차대사람 - 길가장자리구역통행중,안전운전불이행,젖음/습기,비,단일로 - 기타,승용,남,69세,상해없음,보행자,남,34세,경상
2022042100100320,2022년 4월 21일 16시,목요일,부산광역시 동구 초량동,중상사고,0,1,3,0,차대차 - 측면충돌,신호위반,건조,맑음,교차로 - 교차로안,승용,남,47세,경상,승용,남,34세,경상
2022042100100357,2022년 4월 21일 17시,목요일,부산광역시 금정구 서동,경상사고,0,0,1,0,차대차 - 기타,직진우회전진행방해,건조,맑음,교차로 - 교차로안,승용,남,64세,상해없음,원동기,남,35세,경상
2022042100100358,2022년 4월 21일 17시,목요일,부산광역시 사하구 당리동,경상사고,0,0,1,0,차대차 - 기타,기타,젖음/습기,비,단일로 - 기타,승용,남,74세,상해없음,승용,여,39세,경상
2022042100100397,2022년 4월 21일 18시,목요일,부산광역시 동래구 사직동,경상사고,0,0,1,0,차대사람 - 횡단중,안전운전불이행,건조,맑음,단일로 - 기타,승용,남,35세,상해없음,보행자,여,9세,경상
2022042100100398,2022년 4월 21일 18시,목요일,부산광역시 동래구 사직동,경상사고,0,0,1,0,차대차 - 기타,안전운전불이행,젖음/습기,비,교차로 - 교차로안,승용,남,50세,상해없음,이륜,남,52세,경상
2022042100100399,2022년 4월 21일 18시,목요일,부산광역시 사하구 당리동,경상사고,0,0,1,0,차대차 - 기타,안전운전불이행,건조,맑음,단일로 - 지하차도(도로)내,화물,남,48세,상해없음,승용,남,42세,경상
2022042100100400,2022년 4월 21일 18시,목요일,부산광역시 사하구 신평동,경상사고,0,0,1,0,차대차 - 추돌,안전운전불이행,건조,맑음,교차로 - 교차로부근,승용,남,74세,상해없음,승용,여,30세,경상
2022042100100439,2022년 4월 21일 19시,목요일,부산광역시 동구 좌천동,경상사고,0,0,1,0,차대차 - 측면충돌,안전운전불이행,건조,맑음,교차로 - 교차로부근,승용,여,38세,상해없음,건설기계,남,32세,경상
2022042100100440,2022년 4월 21일 19시,목요일,부산광역시 영도구 동삼동,경상사고,0,0,3,0,차대차 - 측면충돌,교차로운행방법위반,건조,맑음,교차로 - 교차로안,이륜,남,56세,상해없음,승용,남,48세,경상
2022042100100463,2022년 4월 21일 20시,목요일,부산광역시 연제구 연산동,경상사고,0,0,1,0,차대차 - 측면충돌,안전운전불이행,기타,흐림,교차로 - 교차로안,승용,남,75세,상해없음,이륜,남,53세,경상
2022042100100500,2022년 4월 21일 21시,목요일,부산광역시 수영구 수영동,경상사고,0,0,2,0,차대차 - 측면충돌,안전운전불이행,건조,맑음,교차로 - 교차로부근,승용,여,40세,경상,승용,남,61세,상해없음
2022042100100501,2022년 4월 21일 21시,목요일,부산광역시 강서구 대저1동,사망사고,1,0,0,0,차대사람 - 차도통행중,안전운전불이행,건조,맑음,단일로 - 기타,화물,남,76세,상해없음,보행자,남,64세,사망