사고번호,사고일시,요일,시군구,사고내용,사망자수,중상자수,경상자수,부상신고자수,사고유형,법규위반,노면상태,기상상태,도로형태,가해운전자 차종,가해운전자 성별,가해운전자 연령,가해운전자 상해정도,피해운전자 차종,피해운전자 성별,피해운전자 연령,피해운전자 상해정도
2022050400100003,2022년 5월 4일 00시,수요일,부산광역시 중구 중앙동6가,경상사고,0,0,5,0,차대차 - 측면충돌,신호위반,건조,맑음,교차로 - 교차로부근,승용,남,67세,상해없음,승용,남,66세,경상
2022050400100037,2022년 5월 4일 03시,수요일,부산광역시 사하구 괴정동,부상신고사고,0,0,0,1,차량단독 - 전도전복 - 전도,안전거리미확보,건조,맑음,단일로 - 터널,이륜,남,21세,부상신고,,,,
2022050400100043,2022년 5월 4일 04시,수요일,부산광역시 부산진구 범전동,경상사고,0,0,2,0,차대차 - 정면충돌,안전운전불이행,건조,맑음,단일로 - 기타,이륜,남,38세,경상,승용,남,65세,경상
2022050400100049,2022년 5월 4일 05시,수요일,부산광역시 서구 남부민동,경상사고,0,0,1,0,차대사람 - 기타,안전운전불이행,건조,맑음,단일로 - 기타,승용,남,59세,기타불명,보행자,남,45세,경상
2022050400100050,2022년 5월 4일 05시,수요일,부산광역시 사하구 괴정동,경상사고,0,0,1,0,차대차 - 기타,기타,건조,맑음,단일로 - 지하차도(도로)내,승용,남,67세,기타불명,승용,남,62세,상해없음
2022050400100057,2022년 5월 4일 06시,수요일,부산광역시 사하구 하단동,중상사고,0,1,0,0,차대차 - 기타,신호위반,건조,맑음,교차로 - 교차로안,화물,남,65세,기타불명,승용,남,63세,중상
2022050400100072,2022년 5월 4일 07시,수요일,부산광역시 중구 중앙동4가,경상사고,0,0,2,0,차대차 - 측면충돌,안전거리미확보,건조,맑음,교차로 - 교차로부근,승용,남,42세,상해없음,승용,남,52세,경상
2022050400100073,2022년 5월 4일 07시,수요일,부산광역시 연제구 연산동,경상사고,0,0,2,0,차대차 - 측면충돌,안전거리미확보,건조,맑음,단일로 - 기타,승용,남,27세,상해없음,승용,남,63세,경상
2022050400100105,2022년 5월 4일 08시,수요일,부산광역시 해운대구 우동,중상사고,0,1,1,0,차대차 - 정면충돌,안전운전불이행,건조,맑음,단일로 - 기타,승용,남,67세,상해없음,승용,남,31세,중상
2022050400100106,2022년 5월 4일 08시,수요일,부산광역시 강서구 신호동,경상사고,0,0,1,0,차대사람 - 횡단중,안전운전불이행,건조,맑음,교차로 - 교차로안,승용,여,32세,상해없음,보행자,여,9세,경상
2022050400100167,2022년 5월 4일 09시,수요일,부산광역시 영도구 청학동,경상사고,0,0,1,0,차대차 - 측면충돌,교차로운행방법위반,건조,맑음,교차로 - 교차로안,승합,남,44세,상해없음,화물,남,37세,경상
2022050400100169,2022년 5월 4일 09시,수요일,부산광역시 사상구 주례동,경상사고,0,0,1,0,차대차 - 추돌,불법유턴,건조,맑음,단일로 - 지하차도(도로)내,승용,남,32세,상해없음,이륜,남,22세,경상
2022050400100210,2022년 5월 4일 10시,수요일,부산광역시 동구 범일동,중상사고,0,2,1,0,차대사람 - 차도통행중,안전운전불이행,건조,맑음,단일로 - 기타,승합,남,43세,상해없음,보행자,기타불명,미분류,기타불명
2022050400100211,2022년 5월 4일 10시,수요일,부산광역시 남구 문현동,경상사고,0,0,2,0,차대차 - 추돌,안전운전불이행,건조,맑음,단일로 - 터널,화물,남,48세,상해없음,화물,남,50세,경상
2022050400100212,2022년 5월 4일 10시,수요일,부산광역시 동래구 사직동,경상사고,0,0,2,0,차대차 - 측면충돌,기타,건조,맑음,교차로 - 교차로안,승용,여,55세,경상,승용,여,55세,경상
2022050400100213,2022년 5월 4일 10시,수요일,부산광역시 금정구 서동,경상사고,0,0,1,0,차대사람 - 횡단중,보행자보호의무위반,건조,맑음,단일로 - 기타,승용,여,60세,상해없음,보행자,여,74세,경상
2022050400100214,2022년 5월 4일 10시,수요일,부산광역시 강서구 대저1동,중상사고,0,1,0,0,차대차 - 측면충돌,중앙선침범,건조,맑음,단일로 - 기타,승용,남,69세,상해없음,화물,남,55세,중상
2022050400100251,2022년 5월 4일 11시,수요일,부산광역시 북구 덕천동,경상사고,0,0,2,0,차대차 - 추돌,안전운전불이행,건조,맑음,단일로 - 기타,화물,남,39세,상해없음,승용,여,55세,경상
2022050400100286,2022년 5월 4일 12시,수요일,부산광역시 동래구 명장동,중상사고,0,1,0,0,차대차 - 측면충돌,안전운전불이행,건조,맑음,교차로 - 교차로안,승용,남,71세,상해없음,원동기,남,32세,중상
2022050400100287,2022년 5월 4일 12시,수요일,부산광역시 사하구 괴정동,중상사고,0,1,0,0,차대차 - 기타,안전운전불이행,건조,맑음,교차로 - 교차로부근,화물,남,66세,상해없음,이륜,남,33세,중상
2022050400100318,2022년 5월 4일 13시,수요일,부산광역시 서구 아미동1가,중상사고,0,1,1,0,차대차 - 측면충돌,신호위반,건조,맑음,교차로 - 교차로안,원동기,남,58세,중상,승용,남,69세,경상
2022050400100319,2022년 5월 4일 13시,수요일,부산광역시 부산진구 범천동,중상사고,0,1,0,0,차대차 - 기타,신호위반,건조,맑음,교차로 - 교차로안,승용,남,69세,상해없음,승용,남,56세,중상
2022050400100349,2022년 5월 4일 14시,수요일,부산광역시 동구 범일동,경상사고,0,0,1,0,차대사람 - 보도통행중,기타,건조,맑음,기타 - 기타,승용,여,37세,상해없음,보행자,여,26세,경상
2022050400100350,2022년 5월 4일 14시,수요일,부산광역시 연제구 거제동,경상사고,0,0,1,0,차량단독 - 기타,안전운전불이행,건조,맑음,단일로 - 기타,승합,남,53세,상해없음,,,,
2022050400100351,2022년 5월 4일 14시,수요일,부산광역시 기장군 정관읍,중상사고,0,1,0,0,차대차 - 기타,안전운전불이행,건조,맑음,교차로 - 교차로부근,이륜,남,44세,중상,승합,남,64세,상해없음
2022050400100387,2022년 5월 4일 15시,수요일,부산광역시 수영구 광안동,경상사고,0,0,1,0,차대차 - 추돌,안전운전불이행,건조,맑음,단일로 - 기타,승용,남,64세,상해없음,승용,남,45세,경상
2022050400100420,2022년 5월 4일 16시,수요일,부산광역시 중구 보수동3가,경상사고,0,0,2,0,차대차 - 측면충돌,안전운전불이행,건조,맑음,교차로 - 교차로안,이륜,남,37세,경상,승용,여,58세,상해없음
2022050400100421,2022년 5월 4일 16시,수요일,부산광역시 부산진구 부전동,경상사고,0,0,1,0,차대사람 - 기타,보행자보호의무위반,건조,맑음,교차로 - 교차로안,승용,남,35세,상해없음,보행자,남,47세,경상
2022050400100461,2022년 5월 4일 17시,수요일,부산광역시 부산진구 범천동,경상사고,0,0,2,0,차대차 - 측면충돌,안전거리미확보,건조,맑음,단일로 - 기타,승용,여,26세,경상,화물,남,35세,경상
2022050400100462,2022년 5월 4일 17시,수요일,부산광역시 강서구 강동동,경상사고,0,0,4,0,차대차 - 측면충돌,안전거리미확보,건조,맑음,단일로 - 기타,화물,남,62세,상해없음,승용,남,42세,경상
2022050400100528,2022년 5월 4일 18시,수요일,부산광역시 서구 서대신동2가,경상사고,0,0,1,0,차대차 - 측면충돌,안전운전불이행,건조,맑음,단일로 - 기타,화물,남,51세,상해없음,이륜,남,52세,경상
2022050400100529,2022년 5월 4일 18시,수요일,부산광역시 동래구 낙민동,경상사고,0,0,1,0,차대차 - 측면충돌,안전운전불이행,건조,맑음,단일로 - 기타,승용,남,73세,상해없음,승용,남,41세,경상
2022050400100531,2022년 5월 4일 18시,수요일,부산광역시 연제구 거제동,중상사고,0,1,0,0,차대차 - 측면충돌,안전거리미확보,건조,맑음,단일로 - 기타,승용,여,42세,상해없음,승용,남,67세,중상
2022050400100532,2022년 5월 4일 18시,수요일,부산광역시 기장군 기장읍,중상사고,0,1,0,0,차대차 - 기타,안전운전불이행,건조,맑음,교차로 - 교차로안,승용,남,34세,상해없음,이륜,남,49세,중상
2022050400100594,2022년 5월 4일 19시,수요일,부산광역시 서구 동대신동1가,경상사고,0,0,1,0,차대차 - 기타,신호위반,건조,맑음,교차로 - 교차로안,승용,여,67세,상해없음,이륜,남,28세,경상
2022050400100595,2022년 5월 4일 19시,수요일,부산광역시 해운대구 송정동,경상사고,0,0,2,0,차대차 - 기타,안전운전불이행,건조,맑음,단일로 - 기타,승용,남,23세,상해없음,승용,남,39세,경상
2022050400100596,2022년 5월 4일 19시,수요일,부산광역시 강서구 명지동,부상신고사고,0,0,0,1,차대차 - 기타,안전운전불이행,건조,맑음,교차로 - 교차로안,승용,여,43세,상해없음,승용,남,39세,상해없음
2022050400100627,2022년 5월 4일 20시,수요일,부산광역시 부산진구 범천동,부상신고사고,0,0,0,1,차대차 - 기타,안전운전불이행,건조,맑음,교차로 - 교차로부근,개인형이동수단(PM),여,21세,부상신고,화물,남,56세,상해없음
2022050400100628,2022년 5월 4일 20시,수요일,부산광역시 사상구 주례동,경상사고,0,0,1,0,차대차 - 측면충돌,중앙선침범,건조,맑음,교차로 - 교차로안,이륜,남,25세,상해없음,이륜,남,22세,경상
2022050400100669,2022년 5월 4일 21시,수요일,부산광역시 사하구 구평동,경상사고,0,0,2,0,차대차 - 추돌,안전거리미확보,건조,맑음,단일로 - 기타,승용,남,30세,상해없음,승용,남,28세,경상
2022050400100695,2022년 5월 4일 22시,수요일,부산광역시 중구 남포동6가,경상사고,0,0,3,0,차대차 - 측면충돌,신호위반,건조,맑음,교차로 - 교차로부근,승용,남,40세,상해없음,승합,남,53세,경상
2022050400100719,2022년 5월 4일 23시,수요일,부산광역시 북구 구포동,경상사고,0,0,1,0,차대차 - 추돌,안전운전불이행,건조,맑음,단일로 - 기타,승용,남,47세,상해없음,승용,남,41세,경상
2022050500100004,2022년 5월 5일 00시,목요일,부산광역시 동래구 온천동,경상사고,0,0,1,0,차대차 - 측면충돌,신호위반,건조,맑음,교차로 - 교차로안,승용,여,57세,상해없음,승용,남,60세,경상
2022050500100005,2022년 5월 5일 00시,목요일,부산광역시 기장군 정관읍,경상사고,0,0,3,0,차대차 - 기타,안전운전불이행,건조,맑음,교차로 - 교차로부근,승용,남,37세,상해없음,승용,남,30세,경상
2022050500100006,2022년 5월 5일 00시,목요일,부산광역시 기장군 정관읍,경상사고,0,0,2,0,차대차 - 기타,안전운전불이행,건조,맑음,교차로 - 교차로부근,승용,남,27세,상해없음,승용,남,43세,경상
2022050500100024,2022년 5월 5일 01시,목요일,부산광역시 동구 초량동,중상사고,0,1,0,0,차대사람 - 기타,안전운전불이행,건조,맑음,단일로 - 기타,승용,남,63세,상해없음,보행자,남,39세,중상
2022050500100037,2022년 5월 5일 02시,목요일,부산광역시 중구 부평동2가,경상사고,0,0,1,0,차대사람 - 기타,안전운전불이행,건조,맑음,단일로 - 기타,승용,남,42세,상해없음,보행자,남,66세,경상
2022050500100042,2022년 5월 5일 03시,목요일,부산광역시 해운대구 송정동,부상신고사고,0,0,0,1,차량단독 - 공작물충돌,안전운전불이행,건조,맑음,단일로 - 기타,승용,남,31세,부상신고,,,,
2022050500100043,2022년 5월 5일 03시,목요일,부산광역시 해운대구 반여동,경상사고,0,0,1,0,차대차 - 추돌,안전운전불이행,건조,맑음,교차로 - 교차로부근,승용,여,57세,상해없음,승용,남,28세,경상
2022050500100050,2022년 5월 5일 04시,목요일,부산광역시 부산진구 부전동,경상사고,0,0,1,0,차대사람 - 기타,안전운전불이행,건조,맑음,단일로 - 기타,이륜,남,27세,상해없음,보행자,남,19세,경상
2022050500100061,2022년 5월 5일 06시,목요일,부산광역시 사상구 학장동,경상사고,0,0,3,0,차대차 - 측면충돌,신호위반,건조,맑음,교차로 - 교차로안,승합,남,55세,상해없음,승합,남,49세,경상
2022050500100070,2022년 5월 5일 07시,목요일,부산광역시 해운대구 중동,경상사고,0,0,2,2,차대차 - 추돌,안전운전불이행,건조,맑음,단일로 - 기타,승용,여,36세,기타불명,승합,남,73세,부상신고
2022050500100071,2022년 5월 5일 07시,목요일,부산광역시 금정구 서동,경상사고,0,0,1,0,차대차 - 측면충돌,신호위반,건조,맑음,교차로 - 교차로부근,승용,남,70세,상해없음,승용,남,47세,경상
2022050500100113,2022년 5월 5일 10시,목요일,부산광역시 연제구 거제동,경상사고,0,0,2,0,차대차 - 추돌,안전운전불이행,건조,맑음,교차로 - 교차로부근,승용,남,51세,상해없음,승용,남,35세,경상
2022050500100138,2022년 5월 5일 11시,목요일,부산광역시 강서구 명지동,경상사고,0,0,1,0,차대차 - 측면충돌,안전운전불이행,건조,맑음,단일로 - 지하차도(도로)내,승용,남,37세,상해없음,자전거,남,72세,경상
2022050500100207,2022년 5월 5일 13시,목요일,부산광역시 동구 초량동,부상신고사고,0,0,0,1,차대차 - 측면충돌,신호위반,건조,맑음,교차로 - 교차로안,원동기,남,46세,부상신고,승합,남,61세,상해없음
2022050500100208,2022년 5월 5일 13시,목요일,부산광역시 서구 남부민동,경상사고,0,0,2,0,차대차 - 추돌,중앙선침범,건조,맑음,단일로 - 기타,화물,남,60세,상해없음,이륜,여,46세,경상
2022050500100250,2022년 5월 5일 14시,목요일,부산광역시 사상구 괘법동,경상사고,0,0,1,0,차대차 - 추돌,교차로운행방법위반,건조,맑음,교차로 - 교차로안,승용,여,60세,기타불명,승용,남,25세,경상
2022050500100286,2022년 5월 5일 15시,목요일,부산광역시 부산진구 가야동,경상사고,0,0,1,0,차대차 - 추돌,안전거리미확보,건조,맑음,기타 - 기타,승용,남,62세,상해없음,이륜,남,56세,경상
2022050500100287,2022년 5월 5일 15시,목요일,부산광역시 사하구 다대동,중상사고,0,1,0,0,차대사람 - 기타,신호위반,건조,맑음,교차로 - 교차로부근,승용,여,60세,상해없음,보행자,여,11세,중상
2022050500100320,2022년 5월 5일 16시,목요일,부산광역시 연제구 연산동,중상사고,0,1,0,0,차대차 - 기타,신호위반,건조,맑음,단일로 - 기타,승용,여,48세,상해없음,원동기,남,33세,중상
2022050500100321,2022년 5월 5일 16시,목요일,부산광역시 사상구 감전동,부상신고사고,0,0,0,1,차대차 - 기타,안전운전불이행,건조,맑음,교차로 - 교차로안,승용,남,47세,상해없음,자전거,남,65세,부상신고
2022050500100322,2022년 5월 5일 16시,목요일,부산광역시 사상구 감전동,경상사고,0,0,1,0,차대차 - 측면충돌,교차로운행방법위반,건조,맑음,교차로 - 교차로안,승용,여,42세,기타불명,승용,여,24세,경상
2022050500100365,2022년 5월 5일 17시,목요일,부산광역시 영도구 영선동4가,경상사고,0,0,1,0,차대차 - 추돌,안전운전불이행,건조,맑음,단일로 - 기타,승용,남,69세,상해없음,이륜,남,23세,경상
2022050500100366,2022년 5월 5일 17시,목요일,부산광역시 사상구 감전동,경상사고,0,0,1,0,차대차 - 추돌,안전거리미확보,건조,맑음,교차로 - 교차로부근,승용,남,64세,기타불명,승용,남,32세,경상
2022050500100401,2022년 5월 5일 18시,목요일,부산광역시 동래구 사직동,경상사고,0,0,1,0,차대차 - 측면충돌,안전운전불이행,건조,맑음,단일로 - 기타,승용,남,58세,상해없음,승용,남,30세,경상
2022050500100436,2022년 5월 5일 19시,목요일,부산광역시 동래구 안락동,중상사고,0,1,0,0,차대차 - 기타,안전운전불이행,건조,맑음,단일로 - 기타,이륜,남,16세,상해없음,이륜,남,50세,중상
2022050500100464,2022년 5월 5일 20시,목요일,부산광역시 부산진구 부전동,경상사고,0,0,1,0,차대사람 - 기타,안전운전불이행,건조,기타,단일로 - 기타,이륜,기타불명,미분류,기타불명,보행자,여,23세,경상
2022050500100490,2022년 5월 5일 21시,목요일,부산광역시 남구 대연동,경상사고,0,0,1,0,차대차 - 기타,안전운전불이행,건조,맑음,기타 - 기타,승용,여,59세,상해없음,승용,여,41세,경상
2022050500100491,2022년 5월 5일 21시,목요일,부산광역시 사하구 감천동,경상사고,0,0,2,0,차대차 - 추돌,안전운전불이행,건조,맑음,단일로 - 기타,승용,남,21세,상해없음,승용,남,69세,경상
2022050500100517,2022년 5월 5일 22시,목요일,부산광역시 수영구 광안동,경상사고,0,0,1,0,차대차 - 추돌,안전운전불이행,건조,맑음,단일로 - 기타,승용,여,21세,상해없음,화물,남,57세,경상
2022050600100004,2022년 5월 6일 00시,금요일,부산광역시 수영구 민락동,중상사고,0,1,0,0,차대차 - 기타,안전운전불이행,건조,맑음,단일로 - 기타,기타불명,기타불명,미분류,기타불명,개인형이동수단(PM),여,30세,중상
2022050600100018,2022년 5월 6일 03시,금요일,부산광역시 수영구 광안동,중상사고,0,1,1,0,차대차 - 추돌,안전운전불이행,건조,맑음,단일로 - 기타,원동기,남,18세,경상,원동기,남,31세,중상
2022050600100035,2022년 5월 6일 06시,금요일,부산광역시 서구 동대신동2가,중상사고,0,2,0,0,차대차 - 측면충돌,중앙선침범,건조,맑음,단일로 - 기타,화물,남,39세,상해없음,승용,남,40세,중상
2022050600100051,2022년 5월 6일 07시,금요일,부산광역시 중구 중앙동4가,경상사고,0,0,1,0,차대차 - 기타,안전운전불이행,건조,맑음,단일로 - 기타,승용,남,23세,경상,화물,남,57세,상해없음
2022050600100072,2022년 5월 6일 08시,금요일,부산광역시 연제구 거제동,중상사고,0,1,0,0,차대차 - 추돌,신호위반,건조,맑음,단일로 - 기타,승용,남,29세,상해없음,자전거,여,70세,중상
2022050600100105,2022년 5월 6일 09시,금요일,부산광역시 서구 동대신동2가,경상사고,0,0,1,0,차대차 - 측면충돌,안전거리미확보,건조,맑음,단일로 - 기타,승용,남,37세,상해없음,승용,남,51세,경상
2022050600100133,2022년 5월 6일 10시,금요일,부산광역시 동구 범일동,중상사고,0,1,0,0,차대차 - 추돌,안전운전불이행,건조,맑음,단일로 - 지하차도(도로)내,승용,여,60세,기타불명,승용,남,64세,상해없음
2022050600100134,2022년 5월 6일 10시,금요일,부산광역시 북구 화명동,경상사고,0,0,1,0,차대사람 - 횡단중,보행자보호의무위반,건조,맑음,교차로 - 교차로횡단보도내,승용,남,33세,상해없음,보행자,여,72세,경상
2022050600100136,2022년 5월 6일 10시,금요일,부산광역시 사상구 모라동,경상사고,0,0,1,0,차대차 - 기타,안전운전불이행,건조,맑음,단일로 - 기타,건설기계,남,49세,기타불명,승용,남,40세,경상
2022050600100176,2022년 5월 6일 11시,금요일,부산광역시 동래구 온천동,경상사고,0,0,2,0,차대차 - 기타,차로위반,건조,맑음,단일로 - 기타,승용,여,49세,상해없음,승용,남,58세,경상
2022050600100220,2022년 5월 6일 12시,금요일,부산광역시 북구 덕천동,경상사고,0,0,1,0,차대사람 - 기타,안전운전불이행,건조,맑음,단일로 - 기타,이륜,여,60세,상해없음,보행자,여,63세,경상
2022050600100221,2022년 5월 6일 12시,금요일,부산광역시 강서구 화전동,경상사고,0,0,1,0,차대차 - 측면충돌,신호위반,건조,맑음,교차로 - 교차로안,화물,남,64세,상해없음,화물,남,46세,경상
2022050600100260,2022년 5월 6일 13시,금요일,부산광역시 수영구 광안동,경상사고,0,0,1,0,차대차 - 기타,안전거리미확보,건조,맑음,단일로 - 기타,승용,남,54세,상해없음,승용,여,33세,경상
2022050600100261,2022년 5월 6일 13시,금요일,부산광역시 해운대구 재송동,중상사고,0,1,0,0,차대차 - 기타,기타,건조,맑음,단일로 - 기타,승용,여,33세,상해없음,이륜,남,40세,상해없음
2022050600100306,2022년 5월 6일 14시,금요일,부산광역시 사상구 학장동,경상사고,0,0,2,0,차대차 - 기타,안전운전불이행,건조,맑음,단일로 - 기타,승용,여,60세,기타불명,승용,남,32세,경상
2022050600100395,2022년 5월 6일 16시,금요일,부산광역시 중구 중앙동4가,경상사고,0,0,1,0,차대사람 - 횡단중,신호위반,건조,맑음,교차로 - 교차로안,건설기계,남,59세,상해없음,보행자,남,32세,경상
2022050600100396,2022년 5월 6일 16시,금요일,부산광역시 중구 부평동2가,중상사고,0,1,0,0,차대차 - 측면충돌,신호위반,건조,맑음,교차로 - 교차로안,이륜,남,50세,중상,승용,남,50세,상해없음
2022050600100397,2022년 5월 6일 16시,금요일,부산광역시 중구 남포동6가,경상사고,0,0,1,0,차대차 - 측면충돌,교차로운행방법위반,건조,맑음,교차로 - 교차로안,승용,남,58세,상해없음,승용,남,61세,경상
2022050600100398,2022년 5월 6일 16시,금요일,부산광역시 동구 수정동,경상사고,0,0,3,0,차대차 - 측면충돌,안전운전불이행,건조,맑음,단일로 - 기타,이륜,남,68세,상해없음,승용,여,50세,경상
2022050600100399,2022년 5월 6일 16시,금요일,부산광역시 강서구 녹산동,경상사고,0,0,1,0,차대차 - 추돌,안전운전불이행,건조,맑음,단일로 - 기타,승용,남,67세,상해없음,승용,남,33세,경상
2022050600100440,2022년 5월 6일 17시,금요일,부산광역시 수영구 민락동,경상사고,0,0,5,0,차대차 - 기타,중앙선침범,건조,맑음,단일로 - 기타,승용,남,57세,상해없음,승용,남,24세,경상
2022050600100441,2022년 5월 6일 17시,금요일,부산광역시 수영구 남천동,경상사고,0,0,4,0,차대차 - 측면충돌,안전운전불이행,건조,맑음,단일로 - 교량,승용,남,74세,기타불명,승용,남,53세,경상
2022050600100442,2022년 5월 6일 17시,금요일,부산광역시 해운대구 반여동,경상사고,0,0,1,0,차대차 - 추돌,안전운전불이행,건조,맑음,단일로 - 기타,승용,여,58세,상해없음,승용,남,41세,경상
2022050600100443,2022년 5월 6일 17시,금요일,부산광역시 부산진구 가야동,중상사고,0,1,0,0,차대차 - 기타,안전거리미확보,건조,맑음,교차로 - 교차로부근,승용,남,63세,상해없음,이륜,남,30세,중상
2022050600100444,2022년 5월 6일 17시,금요일,부산광역시 금정구 장전동,경상사고,0,0,2,0,차대차 - 추돌,안전운전불이행,건조,맑음,기타 - 기타,승용,남,68세,상해없음,승용,남,32세,경상
2022050600100501,2022년 5월 6일 18시,금요일,부산광역시 부산진구 부전동,경상사고,0,0,1,1,차대차 - 측면충돌,신호위반,건조,맑음,교차로 - 교차로안,이륜,남,23세,부상신고,승용,여,59세,경상
2022050600100502,2022년 5월 6일 18시,금요일,부산광역시 부산진구 전포동,경상사고,0,0,1,1,차대차 - 기타,안전운전불이행,건조,맑음,교차로 - 교차로안,이륜,남,65세,부상신고,승용,남,27세,경상
2022050600100547,2022년 5월 6일 19시,금요일,부산광역시 남구 대연동,경상사고,0,0,1,0,차대차 - 측면충돌,안전거리미확보,건조,맑음,교차로 - 교차로부근,승용,여,59세,기타불명,승용,여,36세,경상
2022050600100548,2022년 5월 6일 19시,금요일,부산광역시 북구 만덕동,경상사고,0,0,1,0,차대차 - 추돌,안전운전불이행,건조,맑음,기타 - 기타,승용,남,66세,상해없음,원동기,남,31세,경상
2022050600100549,2022년 5월 6일 19시,금요일,부산광역시 해운대구 반여동,중상사고,0,1,0,0,차대차 - 측면충돌,안전운전불이행,건조,맑음,단일로 - 기타,화물,남,58세,상해없음,이륜,남,32세,중상
2022050600100550,2022년 5월 6일 19시,금요일,부산광역시 해운대구 중동,중상사고,0,2,0,0,차대차 - 측면충돌,신호위반,건조,맑음,교차로 - 교차로안,승용,남,36세,상해없음,이륜,남,59세,중상
2022050600100551,2022년 5월 6일 19시,금요일,부산광역시 부산진구 부전동,중상사고,0,1,0,0,차대차 - 측면충돌,신호위반,건조,맑음,교차로 - 교차로안,승용,여,54세,상해없음,이륜,남,36세,중상
2022050600100639,2022년 5월 6일 22시,금요일,부산광역시 부산진구 연지동,경상사고,0,0,1,0,차대차 - 추돌,안전운전불이행,건조,맑음,교차로 - 교차로부근,승용,남,33세,상해없음,이륜,남,25세,경상
2022050600100657,2022년 5월 6일 23시,금요일,부산광역시 수영구 민락동,경상사고,0,0,1,0,차대사람 - 기타,안전운전불이행,건조,맑음,기타 - 기타,승용,남,59세,상해없음,보행자,여,31세,경상
2022050700100040,2022년 5월 7일 05시,토요일,부산광역시 강서구 송정동,중상사고,0,1,0,0,차대차 - 측면충돌,신호위반,건조,맑음,교차로 - 교차로안,승합,남,19세,상해없음,승용,남,76세,중상
2022050700100058,2022년 5월 7일 07시,토요일,부산광역시 동래구 안락동,경상사고,0,0,2,0,차대차 - 정면충돌,안전거리미확보,건조,맑음,교차로 - 교차로부근,승용,남,40세,상해없음,승용,여,51세,경상
2022050700100059,2022년 5월 7일 07시,토요일,부산광역시 강서구 명지동,부상신고사고,0,0,0,1,차대차 - 측면충돌,안전거리미확보,건조,맑음,단일로 - 기타,건설기계,남,52세,상해없음,승용,남,33세,부상신고
2022050700100068,2022년 5월 7일 08시,토요일,부산광역시 사상구 모라동,경상사고,0,0,1,0,차대차 - 측면충돌,신호위반,건조,맑음,교차로 - 교차로안,승용,남,70세,상해없음,자전거,남,60세,경상
2022050700100132,2022년 5월 7일 11시,토요일,부산광역시 동래구 낙민동,경상사고,0,0,2,0,차대차 - 추돌,안전운전불이행,건조,맑음,단일로 - 기타,화물,남,76세,상해없음,승용,남,30세,경상
2022050700100163,2022년 5월 7일 12시,토요일,부산광역시 동구 범일동,중상사고,0,1,0,0,차대사람 - 횡단중,안전운전불이행,건조,맑음,단일로 - 기타,승합,남,48세,상해없음,보행자,여,62세,중상
2022050700100164,2022년 5월 7일 12시,토요일,부산광역시 수영구 남천동,경상사고,0,0,1,0,차대차 - 측면충돌,안전운전불이행,건조,맑음,단일로 - 기타,승용,남,43세,상해없음,승용,남,41세,경상
2022050700100165,2022년 5월 7일 12시,토요일,부산광역시 부산진구 가야동,경상사고,0,0,1,1,차대차 - 추돌,안전거리미확보,건조,맑음,교차로 - 교차로안,이륜,남,26세,부상신고,승용,남,37세,경상
2022050700100207,2022년 5월 7일 13시,토요일,부산광역시 동구 좌천동,경상사고,0,0,1,0,차대차 - 기타,안전거리미확보,건조,맑음,단일로 - 기타,기타불명,기타불명,미분류,기타불명,승용,남,74세,상해없음
2022050700100209,2022년 5월 7일 13시,토요일,부산광역시 금정구 노포동,경상사고,0,0,4,0,차대차 - 추돌,안전거리미확보,건조,맑음,단일로 - 기타,승용,여,37세,상해없음,승용,여,51세,경상
2022050700100257,2022년 5월 7일 14시,토요일,부산광역시 수영구 남천동,경상사고,0,0,1,0,차대차 - 추돌,안전운전불이행,건조,맑음,단일로 - 교량,승용,남,35세,상해없음,승용,남,54세,경상
2022050700100258,2022년 5월 7일 14시,토요일,부산광역시 기장군 일광읍,경상사고,0,0,1,0,차대차 - 측면충돌,중앙선침범,건조,맑음,단일로 - 기타,승용,남,39세,상해없음,승용,여,48세,경상
2022050700100295,2022년 5월 7일 15시,토요일,부산광역시 서구 서대신동2가,경상사고,0,0,2,0,차대차 - 측면충돌,안전거리미확보,건조,맑음,단일로 - 기타,승용,남,64세,상해없음,승용,남,22세,경상
2022050700100296,2022년 5월 7일 15시,토요일,부산광역시 북구 만덕동,경상사고,0,0,2,0,차대차 - 기타,차로위반,건조,맑음,단일로 - 기타,승용,남,68세,상해없음,승용,남,43세,경상
2022050700100297,2022년 5월 7일 15시,토요일,부산광역시 동래구 명륜동,경상사고,0,0,1,0,차량단독 - 기타,안전운전불이행,건조,맑음,단일로 - 기타,승합,남,60세,기타불명,,,,
2022050700100298,2022년 5월 7일 15시,토요일,부산광역시 금정구 장전동,경상사고,0,0,1,0,차대사람 - 횡단중,안전운전불이행,건조,맑음,단일로 - 지하차도(도로)내,승용,남,79세,상해없음,보행자,여,60세,경상
2022050700100328,2022년 5월 7일 16시,토요일,부산광역시 남구 대연동,중상사고,0,1,0,0,차대차 - 측면충돌,안전운전불이행,건조,맑음,교차로 - 교차로안,승용,여,38세,상해없음,자전거,남,63세,중상
2022050700100329,2022년 5월 7일 16시,토요일,부산광역시 부산진구 개금동,경상사고,0,0,1,0,차대차 - 측면충돌,안전거리미확보,건조,맑음,단일로 - 기타,화물,남,85세,기타불명,승용,여,72세,경상
2022050700100366,2022년 5월 7일 17시,토요일,부산광역시 서구 서대신동1가,중상사고,0,1,0,0,차량단독 - 기타,안전운전불이행,건조,맑음,교차로 - 교차로안,승합,남,37세,상해없음,,,,
2022050700100367,2022년 5월 7일 17시,토요일,부산광역시 부산진구 부전동,경상사고,0,0,1,0,차대차 - 기타,안전거리미확보,건조,맑음,단일로 - 기타,이륜,남,60세,상해없음,승합,남,36세,상해없음