사고번호,사고일시,요일,시군구,사고내용,사망자수,중상자수,경상자수,부상신고자수,사고유형,법규위반,노면상태,기상상태,도로형태,가해운전자 차종,가해운전자 성별,가해운전자 연령,가해운전자 상해정도,피해운전자 차종,피해운전자 성별,피해운전자 연령,피해운전자 상해정도
2022050700100368,2022년 5월 7일 17시,토요일,부산광역시 강서구 대저2동,경상사고,0,0,2,0,차대차 - 측면충돌,안전운전불이행,건조,맑음,교차로 - 교차로부근,승용,남,59세,상해없음,승용,남,26세,경상
2022050700100369,2022년 5월 7일 17시,토요일,부산광역시 강서구 명지동,경상사고,0,0,1,0,차대차 - 측면충돌,안전거리미확보,건조,맑음,단일로 - 지하차도(도로)내,승용,남,69세,상해없음,승용,남,42세,경상
2022050700100407,2022년 5월 7일 18시,토요일,부산광역시 동구 좌천동,중상사고,0,1,0,0,차대사람 - 차도통행중,안전운전불이행,건조,맑음,단일로 - 기타,승용,여,56세,상해없음,보행자,여,82세,중상
2022050700100408,2022년 5월 7일 18시,토요일,부산광역시 부산진구 전포동,중상사고,0,1,0,0,차대사람 - 기타,안전운전불이행,건조,맑음,기타 - 기타,화물,남,42세,상해없음,보행자,여,33세,중상
2022050700100409,2022년 5월 7일 18시,토요일,부산광역시 부산진구 범천동,경상사고,0,0,1,0,차대차 - 측면충돌,기타,건조,맑음,교차로 - 교차로부근,이륜,남,28세,경상,승용,남,40세,상해없음
2022050700100437,2022년 5월 7일 19시,토요일,부산광역시 북구 화명동,중상사고,0,1,0,0,차대사람 - 횡단중,안전운전불이행,건조,맑음,단일로 - 지하차도(도로)내,화물,남,26세,상해없음,보행자,남,52세,중상
2022050700100438,2022년 5월 7일 19시,토요일,부산광역시 해운대구 송정동,중상사고,0,1,1,0,차대차 - 추돌,안전운전불이행,건조,맑음,단일로 - 기타,승용,남,32세,상해없음,승용,남,25세,경상
2022050700100440,2022년 5월 7일 19시,토요일,부산광역시 사하구 당리동,중상사고,0,1,0,0,차대사람 - 횡단중,안전운전불이행,건조,맑음,단일로 - 기타,승용,남,38세,상해없음,보행자,남,61세,중상
2022050700100469,2022년 5월 7일 20시,토요일,부산광역시 부산진구 부암동,경상사고,0,0,1,0,차대차 - 기타,신호위반,건조,맑음,교차로 - 교차로안,승용,남,76세,상해없음,승용,남,61세,경상
2022050700100470,2022년 5월 7일 20시,토요일,부산광역시 사상구 괘법동,중상사고,0,1,0,0,차대차 - 측면충돌,안전거리미확보,건조,맑음,단일로 - 기타,승용,남,61세,상해없음,이륜,남,39세,중상
2022050700100471,2022년 5월 7일 20시,토요일,부산광역시 기장군 정관읍,경상사고,0,0,5,0,차대차 - 추돌,안전운전불이행,건조,맑음,교차로 - 교차로부근,승용,남,67세,상해없음,승용,남,45세,경상
2022050700100502,2022년 5월 7일 21시,토요일,부산광역시 부산진구 부전동,경상사고,0,0,1,0,차대사람 - 기타,안전운전불이행,건조,맑음,단일로 - 기타,승용,남,71세,상해없음,보행자,남,19세,경상
2022050800100006,2022년 5월 8일 00시,일요일,부산광역시 동구 초량동,경상사고,0,0,1,0,차대차 - 추돌,안전운전불이행,건조,맑음,단일로 - 기타,승용,남,66세,상해없음,승용,남,62세,경상
2022050800100023,2022년 5월 8일 02시,일요일,부산광역시 남구 대연동,중상사고,0,1,0,0,차량단독 - 공작물충돌,안전운전불이행,건조,맑음,단일로 - 기타,이륜,남,19세,중상,,,,
2022050800100040,2022년 5월 8일 04시,일요일,부산광역시 사하구 하단동,중상사고,0,1,0,0,차량단독 - 기타,안전운전불이행,건조,맑음,단일로 - 기타,이륜,남,26세,중상,,,,
2022050800100049,2022년 5월 8일 06시,일요일,부산광역시 부산진구 전포동,중상사고,0,1,0,1,차량단독 - 기타,안전운전불이행,건조,맑음,기타 - 기타,이륜,남,26세,부상신고,,,,
2022050800100059,2022년 5월 8일 07시,일요일,부산광역시 금정구 청룡동,경상사고,0,0,1,0,차대사람 - 횡단중,안전운전불이행,건조,맑음,단일로 - 기타,승용,남,74세,상해없음,보행자,남,73세,경상
2022050800100060,2022년 5월 8일 07시,일요일,부산광역시 기장군 정관읍,경상사고,0,0,1,0,차대차 - 추돌,안전운전불이행,건조,맑음,교차로 - 교차로부근,승용,남,47세,상해없음,승용,남,48세,경상
2022050800100070,2022년 5월 8일 09시,일요일,부산광역시 사하구 괴정동,중상사고,0,1,0,0,차대사람 - 기타,보행자보호의무위반,건조,맑음,교차로 - 교차로횡단보도내,화물,남,60세,상해없음,보행자,여,40세,중상
2022050800100090,2022년 5월 8일 10시,일요일,부산광역시 영도구 동삼동,중상사고,0,1,1,0,차대사람 - 횡단중,안전운전불이행,건조,맑음,교차로 - 교차로부근,승용,남,72세,상해없음,보행자,여,68세,경상
2022050800100141,2022년 5월 8일 12시,일요일,부산광역시 기장군 기장읍,중상사고,0,2,3,0,차대차 - 기타,중앙선침범,건조,맑음,단일로 - 기타,승용,남,55세,상해없음,승용,남,31세,경상
2022050800100178,2022년 5월 8일 13시,일요일,부산광역시 북구 구포동,중상사고,0,1,0,0,차대차 - 측면충돌,안전거리미확보,건조,맑음,기타 - 기타,이륜,여,38세,상해없음,승용,남,36세,중상
2022050800100179,2022년 5월 8일 13시,일요일,부산광역시 해운대구 우동,경상사고,0,0,1,2,차대차 - 기타,안전운전불이행,건조,맑음,교차로 - 교차로안,승용,남,66세,부상신고,이륜,남,26세,경상
2022050800100180,2022년 5월 8일 13시,일요일,부산광역시 기장군 기장읍,경상사고,0,0,1,0,차대차 - 기타,안전거리미확보,건조,맑음,단일로 - 기타,승용,여,45세,상해없음,승용,여,29세,경상
2022050800100221,2022년 5월 8일 14시,일요일,부산광역시 북구 화명동,중상사고,0,1,0,0,차대차 - 측면충돌,차로위반,건조,맑음,단일로 - 기타,승용,여,52세,상해없음,이륜,남,41세,중상
2022050800100249,2022년 5월 8일 15시,일요일,부산광역시 해운대구 재송동,중상사고,0,1,1,1,차대차 - 측면충돌,안전운전불이행,건조,맑음,교차로 - 교차로부근,승용,남,28세,기타불명,승용,남,39세,중상
2022050800100315,2022년 5월 8일 17시,일요일,부산광역시 해운대구 반송동,부상신고사고,0,0,0,1,차대사람 - 기타,기타,건조,맑음,기타 - 기타,승합,남,44세,상해없음,보행자,여,67세,부상신고
2022050800100345,2022년 5월 8일 18시,일요일,부산광역시 부산진구 가야동,부상신고사고,0,0,0,1,차대차 - 측면충돌,차로위반,건조,맑음,단일로 - 기타,원동기,남,22세,부상신고,이륜,남,52세,상해없음
2022050800100371,2022년 5월 8일 19시,일요일,부산광역시 동구 초량동,경상사고,0,0,1,0,차대차 - 측면충돌,안전거리미확보,건조,맑음,교차로 - 교차로부근,승용,남,72세,상해없음,승용,여,54세,경상
2022050800100372,2022년 5월 8일 19시,일요일,부산광역시 남구 문현동,중상사고,0,1,0,0,차대차 - 추돌,안전거리미확보,건조,맑음,단일로 - 기타,이륜,남,23세,상해없음,이륜,여,61세,중상
2022050800100373,2022년 5월 8일 19시,일요일,부산광역시 수영구 수영동,경상사고,0,0,1,0,차대차 - 측면충돌,안전운전불이행,건조,맑음,교차로 - 교차로안,이륜,남,21세,상해없음,이륜,남,32세,경상
2022050800100466,2022년 5월 8일 22시,일요일,부산광역시 동구 초량동,중상사고,0,1,0,0,차대차 - 측면충돌,안전거리미확보,건조,맑음,단일로 - 기타,승용,남,30세,상해없음,이륜,남,32세,중상
2022050800100467,2022년 5월 8일 22시,일요일,부산광역시 사상구 주례동,경상사고,0,0,2,0,차대차 - 후진중충돌,안전운전불이행,건조,맑음,단일로 - 기타,승용,남,42세,기타불명,승용,남,35세,경상
2022050800100481,2022년 5월 8일 23시,일요일,부산광역시 북구 구포동,부상신고사고,0,0,0,1,차대차 - 기타,안전운전불이행,건조,맑음,교차로 - 교차로안,승용,남,29세,상해없음,이륜,남,53세,부상신고
2022050900100021,2022년 5월 9일 02시,월요일,부산광역시 부산진구 당감동,중상사고,0,1,0,0,차대사람 - 횡단중,안전운전불이행,건조,기타,단일로 - 기타,승용,남,32세,상해없음,보행자,남,68세,중상
2022050900100028,2022년 5월 9일 04시,월요일,부산광역시 부산진구 당감동,경상사고,0,0,1,0,차대차 - 측면충돌,안전운전불이행,건조,맑음,교차로 - 교차로부근,승용,남,36세,상해없음,승합,남,56세,경상
2022050900100086,2022년 5월 9일 08시,월요일,부산광역시 동래구 온천동,경상사고,0,0,2,0,차대차 - 측면충돌,안전거리미확보,건조,맑음,교차로 - 교차로안,승용,남,60세,상해없음,승용,남,45세,경상
2022050900100128,2022년 5월 9일 09시,월요일,부산광역시 강서구 대저2동,경상사고,0,0,1,0,차대차 - 측면충돌,안전운전불이행,건조,맑음,교차로 - 교차로부근,화물,남,62세,상해없음,이륜,남,40세,경상
2022050900100161,2022년 5월 9일 10시,월요일,부산광역시 해운대구 좌동,경상사고,0,0,1,0,차대차 - 기타,안전거리미확보,건조,맑음,교차로 - 교차로부근,승용,여,59세,상해없음,승용,남,28세,경상
2022050900100162,2022년 5월 9일 10시,월요일,부산광역시 사상구 엄궁동,부상신고사고,0,0,0,1,차대차 - 기타,안전운전불이행,건조,맑음,단일로 - 기타,화물,남,50세,부상신고,화물,남,58세,기타불명
2022050900100191,2022년 5월 9일 11시,월요일,부산광역시 부산진구 부전동,경상사고,0,0,2,0,차대차 - 기타,안전운전불이행,건조,맑음,단일로 - 기타,자전거,남,33세,경상,승용,남,59세,경상
2022050900100192,2022년 5월 9일 11시,월요일,부산광역시 금정구 부곡동,경상사고,0,0,1,0,차대사람 - 횡단중,안전운전불이행,건조,맑음,단일로 - 기타,승용,남,64세,상해없음,보행자,여,60세,경상
2022050900100232,2022년 5월 9일 12시,월요일,부산광역시 영도구 동삼동,경상사고,0,0,2,0,차대차 - 추돌,안전운전불이행,건조,맑음,교차로 - 교차로부근,이륜,남,42세,상해없음,승용,남,40세,경상
2022050900100233,2022년 5월 9일 12시,월요일,부산광역시 기장군 정관읍,경상사고,0,0,1,0,차대차 - 기타,안전운전불이행,건조,맑음,기타 - 기타,승용,남,41세,상해없음,이륜,남,38세,경상
2022050900100234,2022년 5월 9일 12시,월요일,부산광역시 금정구 노포동,경상사고,0,0,2,0,차대차 - 측면충돌,안전거리미확보,건조,맑음,단일로 - 기타,화물,여,65세,상해없음,화물,남,25세,경상
2022050900100262,2022년 5월 9일 13시,월요일,부산광역시 중구 중앙동4가,중상사고,0,1,0,0,차대사람 - 차도통행중,안전운전불이행,건조,맑음,단일로 - 기타,승용,여,56세,상해없음,보행자,여,58세,중상
2022050900100263,2022년 5월 9일 13시,월요일,부산광역시 기장군 정관읍,경상사고,0,0,1,0,차대차 - 측면충돌,신호위반,건조,맑음,교차로 - 교차로안,승용,여,58세,상해없음,승용,여,46세,경상
2022050900100385,2022년 5월 9일 16시,월요일,부산광역시 중구 중앙동4가,경상사고,0,0,1,0,차대사람 - 차도통행중,신호위반,건조,맑음,단일로 - 기타,이륜,남,18세,상해없음,보행자,여,53세,경상
2022050900100386,2022년 5월 9일 16시,월요일,부산광역시 중구 중앙동6가,경상사고,0,0,1,0,차량단독 - 기타,안전운전불이행,건조,맑음,단일로 - 기타,승합,남,31세,상해없음,,,,
2022050900100387,2022년 5월 9일 16시,월요일,부산광역시 남구 용호동,경상사고,0,0,1,0,차대차 - 정면충돌,안전운전불이행,건조,맑음,단일로 - 기타,이륜,남,22세,상해없음,자전거,남,10세,경상
2022050900100388,2022년 5월 9일 16시,월요일,부산광역시 사하구 장림동,중상사고,0,1,0,0,차대사람 - 길가장자리구역통행중,안전운전불이행,건조,맑음,교차로 - 교차로부근,승용,남,67세,상해없음,보행자,남,17세,중상
2022050900100389,2022년 5월 9일 16시,월요일,부산광역시 사하구 신평동,경상사고,0,0,2,0,차대차 - 추돌,안전운전불이행,건조,맑음,교차로 - 교차로안,승용,남,54세,상해없음,승용,남,38세,경상
2022050900100390,2022년 5월 9일 16시,월요일,부산광역시 기장군 정관읍,경상사고,0,0,1,0,차대차 - 기타,안전운전불이행,건조,맑음,교차로 - 교차로안,승용,여,48세,상해없음,이륜,남,41세,경상
2022050900100430,2022년 5월 9일 17시,월요일,부산광역시 서구 동대신동1가,경상사고,0,0,4,0,차대차 - 측면충돌,안전거리미확보,건조,맑음,교차로 - 교차로부근,승용,여,40세,경상,승용,여,51세,경상
2022050900100431,2022년 5월 9일 17시,월요일,부산광역시 사하구 괴정동,중상사고,0,1,0,0,차대차 - 측면충돌,안전운전불이행,건조,맑음,교차로 - 교차로안,승용,여,55세,기타불명,특수,남,63세,중상
2022050900100480,2022년 5월 9일 18시,월요일,부산광역시 북구 금곡동,중상사고,0,1,0,0,차대차 - 기타,교차로운행방법위반,건조,맑음,교차로 - 교차로횡단보도내,원동기,남,18세,상해없음,자전거,남,68세,중상
2022050900100481,2022년 5월 9일 18시,월요일,부산광역시 강서구 화전동,경상사고,0,0,1,0,차대차 - 기타,불법유턴,건조,맑음,교차로 - 교차로횡단보도내,자전거,남,30세,경상,승용,남,42세,상해없음
2022050900100520,2022년 5월 9일 19시,월요일,부산광역시 수영구 광안동,경상사고,0,0,1,1,차대차 - 기타,안전운전불이행,건조,맑음,단일로 - 기타,이륜,남,60세,상해없음,승용,남,50세,경상
2022050900100521,2022년 5월 9일 19시,월요일,부산광역시 해운대구 좌동,경상사고,0,0,2,0,차대차 - 추돌,안전운전불이행,건조,맑음,단일로 - 기타,승용,남,42세,상해없음,승용,남,65세,경상
2022050900100523,2022년 5월 9일 19시,월요일,부산광역시 금정구 서동,경상사고,0,0,1,0,차대차 - 측면충돌,중앙선침범,건조,맑음,교차로 - 교차로부근,승용,여,65세,상해없음,이륜,남,38세,경상
2022050900100551,2022년 5월 9일 20시,월요일,부산광역시 해운대구 우동,경상사고,0,0,3,0,차대차 - 추돌,안전운전불이행,건조,맑음,교차로 - 교차로부근,승용,남,65세,상해없음,승용,남,58세,경상
2022050900100574,2022년 5월 9일 21시,월요일,부산광역시 강서구 송정동,경상사고,0,0,3,0,차대차 - 측면충돌,신호위반,건조,맑음,교차로 - 교차로안,승용,남,68세,상해없음,승용,남,41세,경상
2022050900100607,2022년 5월 9일 23시,월요일,부산광역시 남구 대연동,중상사고,0,1,0,0,차량단독 - 공작물충돌,안전운전불이행,건조,맑음,단일로 - 기타,이륜,남,37세,중상,,,,
2022050900100608,2022년 5월 9일 23시,월요일,부산광역시 부산진구 범천동,경상사고,0,0,1,0,차대사람 - 횡단중,보행자보호의무위반,건조,맑음,단일로 - 기타,화물,남,68세,상해없음,보행자,남,34세,경상
2022050900100609,2022년 5월 9일 23시,월요일,부산광역시 연제구 연산동,중상사고,0,1,0,0,차대차 - 추돌,안전운전불이행,건조,맑음,교차로 - 교차로안,승합,남,54세,상해없음,이륜,남,35세,중상
2022051000100004,2022년 5월 10일 00시,화요일,부산광역시 남구 대연동,경상사고,0,0,1,0,차대차 - 측면충돌,안전운전불이행,건조,맑음,교차로 - 교차로부근,승용,남,25세,상해없음,승용,남,61세,경상
2022051000100016,2022년 5월 10일 01시,화요일,부산광역시 북구 구포동,경상사고,0,0,1,0,차대차 - 정면충돌,안전운전불이행,건조,맑음,단일로 - 기타,승용,남,46세,상해없음,승용,여,28세,경상
2022051000100017,2022년 5월 10일 01시,화요일,부산광역시 중구 중앙동6가,경상사고,0,0,1,0,차대차 - 정면충돌,신호위반,건조,맑음,교차로 - 교차로안,승용,남,28세,상해없음,화물,남,59세,경상
2022051000100028,2022년 5월 10일 03시,화요일,부산광역시 금정구 서동,경상사고,0,0,1,0,차대사람 - 기타,안전운전불이행,건조,맑음,교차로 - 교차로안,승용,남,57세,상해없음,보행자,여,55세,경상
2022051000100055,2022년 5월 10일 07시,화요일,부산광역시 동래구 사직동,경상사고,0,0,1,0,차대사람 - 차도통행중,안전운전불이행,건조,맑음,단일로 - 기타,승용,여,60세,상해없음,보행자,여,16세,경상
2022051000100056,2022년 5월 10일 07시,화요일,부산광역시 사하구 장림동,중상사고,0,1,0,0,차대사람 - 차도통행중,안전운전불이행,건조,맑음,교차로 - 교차로안,승용,남,70세,상해없음,보행자,남,17세,중상
2022051000100082,2022년 5월 10일 08시,화요일,부산광역시 부산진구 가야동,경상사고,0,0,1,0,차대차 - 추돌,안전거리미확보,건조,맑음,기타 - 기타,승합,남,32세,상해없음,승용,남,69세,경상
2022051000100083,2022년 5월 10일 08시,화요일,부산광역시 사하구 장림동,경상사고,0,0,1,0,차대사람 - 횡단중,안전운전불이행,건조,맑음,교차로 - 교차로횡단보도내,화물,남,63세,상해없음,보행자,여,54세,경상
2022051000100139,2022년 5월 10일 09시,화요일,부산광역시 북구 화명동,부상신고사고,0,0,0,2,차대차 - 기타,안전거리미확보,건조,맑음,단일로 - 기타,이륜,남,31세,부상신고,승합,남,31세,부상신고
2022051000100140,2022년 5월 10일 09시,화요일,부산광역시 동래구 안락동,중상사고,0,1,0,0,차대차 - 측면충돌,안전운전불이행,건조,맑음,단일로 - 기타,승용,남,66세,상해없음,자전거,남,78세,중상
2022051000100141,2022년 5월 10일 09시,화요일,부산광역시 사상구 감전동,경상사고,0,0,1,0,차대차 - 추돌,안전운전불이행,건조,맑음,단일로 - 기타,화물,남,37세,상해없음,승용,남,50세,경상
2022051000100180,2022년 5월 10일 10시,화요일,부산광역시 남구 대연동,중상사고,0,1,0,0,차대사람 - 횡단중,보행자보호의무위반,건조,맑음,교차로 - 교차로안,승용,여,54세,상해없음,보행자,여,65세,중상
2022051000100209,2022년 5월 10일 11시,화요일,부산광역시 해운대구 중동,경상사고,0,0,1,0,차대사람 - 기타,안전운전불이행,건조,맑음,기타 - 기타,승용,여,55세,상해없음,보행자,남,67세,경상
2022051000100210,2022년 5월 10일 11시,화요일,부산광역시 강서구 대저2동,중상사고,0,1,0,0,차량단독 - 기타,안전운전불이행,건조,맑음,교차로 - 교차로안,이륜,남,55세,중상,,,,
2022051000100248,2022년 5월 10일 12시,화요일,부산광역시 영도구 청학동,부상신고사고,0,0,0,1,차량단독 - 전도전복 - 전도,안전운전불이행,젖음/습기,흐림,교차로 - 교차로부근,이륜,남,41세,부상신고,,,,
2022051000100249,2022년 5월 10일 12시,화요일,부산광역시 해운대구 우동,경상사고,0,0,1,0,차대차 - 측면충돌,안전운전불이행,건조,맑음,단일로 - 기타,승용,여,61세,상해없음,이륜,남,31세,경상
2022051000100289,2022년 5월 10일 13시,화요일,부산광역시 수영구 광안동,경상사고,0,0,1,0,차대차 - 측면충돌,안전운전불이행,건조,맑음,교차로 - 교차로안,승용,남,25세,상해없음,자전거,남,65세,경상
2022051000100320,2022년 5월 10일 14시,화요일,부산광역시 중구 남포동1가,경상사고,0,0,1,0,차대차 - 기타,안전운전불이행,건조,맑음,교차로 - 교차로안,승용,남,71세,상해없음,승용,남,50세,경상
2022051000100321,2022년 5월 10일 14시,화요일,부산광역시 서구 충무동1가,경상사고,0,0,1,0,차대사람 - 길가장자리구역통행중,안전운전불이행,건조,맑음,단일로 - 기타,화물,남,55세,상해없음,보행자,남,53세,경상
2022051000100322,2022년 5월 10일 14시,화요일,부산광역시 동래구 낙민동,경상사고,0,0,1,0,차대차 - 추돌,안전운전불이행,건조,맑음,단일로 - 기타,승용,남,64세,상해없음,승용,남,64세,경상
2022051000100323,2022년 5월 10일 14시,화요일,부산광역시 해운대구 반여동,경상사고,0,0,1,0,차대차 - 추돌,안전운전불이행,건조,맑음,교차로 - 교차로부근,화물,남,51세,상해없음,화물,남,55세,경상
2022051000100354,2022년 5월 10일 15시,화요일,부산광역시 동구 좌천동,경상사고,0,0,2,0,차대차 - 추돌,안전운전불이행,건조,맑음,교차로 - 교차로부근,승용,여,64세,상해없음,승용,남,63세,상해없음
2022051000100397,2022년 5월 10일 16시,화요일,부산광역시 부산진구 부전동,중상사고,0,1,0,0,차대차 - 기타,신호위반,건조,맑음,단일로 - 기타,승용,여,34세,상해없음,원동기,남,38세,중상
2022051000100440,2022년 5월 10일 17시,화요일,부산광역시 강서구 명지동,중상사고,0,1,2,0,차대차 - 추돌,기타,건조,맑음,단일로 - 교량,승용,남,68세,상해없음,이륜,남,58세,중상
2022051000100441,2022년 5월 10일 17시,화요일,부산광역시 강서구 강동동,부상신고사고,0,0,0,1,차량단독 - 기타,안전운전불이행,건조,맑음,교차로 - 교차로안,농기계,남,39세,부상신고,,,,
2022051000100477,2022년 5월 10일 18시,화요일,부산광역시 중구 신창동4가,부상신고사고,0,0,0,1,차대차 - 측면충돌,안전운전불이행,건조,맑음,교차로 - 교차로부근,이륜,남,60세,부상신고,승용,남,66세,상해없음
2022051000100478,2022년 5월 10일 18시,화요일,부산광역시 동구 초량동,경상사고,0,0,1,0,차대사람 - 기타,안전운전불이행,건조,맑음,단일로 - 기타,승용,여,27세,상해없음,보행자,여,33세,경상
2022051000100479,2022년 5월 10일 18시,화요일,부산광역시 금정구 부곡동,경상사고,0,0,2,0,차대차 - 정면충돌,안전운전불이행,건조,맑음,단일로 - 지하차도(도로)내,이륜,남,17세,상해없음,이륜,남,26세,경상
2022051000100516,2022년 5월 10일 19시,화요일,부산광역시 중구 중앙동6가,경상사고,0,0,1,0,차대차 - 측면충돌,안전운전불이행,건조,맑음,단일로 - 기타,승합,남,63세,상해없음,승용,남,47세,경상
2022051000100517,2022년 5월 10일 19시,화요일,부산광역시 영도구 동삼동,경상사고,0,0,1,0,차대차 - 측면충돌,안전운전불이행,건조,맑음,단일로 - 기타,승용,여,42세,상해없음,승용,남,60세,경상
2022051000100518,2022년 5월 10일 19시,화요일,부산광역시 영도구 청학동,경상사고,0,0,1,0,차대차 - 추돌,안전운전불이행,건조,맑음,단일로 - 지하차도(도로)내,이륜,남,33세,기타불명,승용,남,49세,경상
2022051000100546,2022년 5월 10일 20시,화요일,부산광역시 부산진구 가야동,경상사고,0,0,2,0,차대차 - 추돌,안전운전불이행,건조,맑음,교차로 - 교차로부근,승용,남,62세,상해없음,승용,남,45세,경상
2022051000100576,2022년 5월 10일 21시,화요일,부산광역시 기장군 정관읍,경상사고,0,0,1,0,차대사람 - 기타,안전운전불이행,건조,맑음,기타 - 기타,승용,여,25세,상해없음,보행자,남,48세,경상
2022051100100003,2022년 5월 11일 00시,수요일,부산광역시 동래구 온천동,경상사고,0,0,1,0,차대사람 - 기타,안전운전불이행,건조,맑음,교차로 - 교차로부근,승용,남,55세,상해없음,보행자,남,48세,경상
2022051100100021,2022년 5월 11일 03시,수요일,부산광역시 강서구 대저1동,경상사고,0,0,1,0,차대차 - 기타,안전거리미확보,건조,맑음,단일로 - 기타,기타불명,기타불명,미분류,기타불명,승용,남,46세,상해없음
2022051100100041,2022년 5월 11일 06시,수요일,부산광역시 수영구 망미동,중상사고,0,1,0,0,차대차 - 기타,신호위반,건조,맑음,단일로 - 기타,승용,남,29세,상해없음,이륜,남,42세,중상
2022051100100052,2022년 5월 11일 07시,수요일,부산광역시 서구 동대신동3가,경상사고,0,0,1,0,차대차 - 기타,안전거리미확보,건조,맑음,단일로 - 기타,승용,여,41세,상해없음,승합,남,53세,경상
2022051100100053,2022년 5월 11일 07시,수요일,부산광역시 서구 충무동1가,경상사고,0,0,1,0,차대차 - 측면충돌,교차로운행방법위반,건조,맑음,교차로 - 교차로안,화물,남,46세,기타불명,승용,여,22세,경상
2022051100100076,2022년 5월 11일 08시,수요일,부산광역시 서구 부민동1가,중상사고,0,1,2,0,차대차 - 측면충돌,차로위반,건조,맑음,교차로 - 교차로부근,승용,남,32세,경상,승용,여,28세,경상
2022051100100077,2022년 5월 11일 08시,수요일,부산광역시 영도구 동삼동,경상사고,0,0,1,0,차대차 - 측면충돌,직진우회전진행방해,건조,맑음,교차로 - 교차로안,승용,남,31세,기타불명,승용,여,56세,경상
2022051100100078,2022년 5월 11일 08시,수요일,부산광역시 사하구 다대동,중상사고,0,1,0,0,차대차 - 기타,기타,건조,맑음,단일로 - 기타,화물,남,34세,상해없음,자전거,남,82세,중상
2022051100100079,2022년 5월 11일 08시,수요일,부산광역시 사하구 괴정동,중상사고,0,1,0,0,차대차 - 기타,불법유턴,건조,맑음,단일로 - 기타,자전거,남,71세,중상,승용,남,49세,상해없음
2022051100100080,2022년 5월 11일 08시,수요일,부산광역시 강서구 녹산동,경상사고,0,0,1,0,차대차 - 추돌,안전운전불이행,건조,맑음,단일로 - 기타,승용,남,29세,상해없음,승용,여,38세,경상
2022051100100120,2022년 5월 11일 09시,수요일,부산광역시 동구 초량동,중상사고,0,1,0,0,차대차 - 추돌,안전운전불이행,건조,맑음,단일로 - 기타,화물,남,25세,상해없음,승용,남,69세,중상
2022051100100122,2022년 5월 11일 09시,수요일,부산광역시 연제구 거제동,중상사고,0,1,0,0,차대사람 - 횡단중,불법유턴,건조,맑음,단일로 - 기타,화물,남,63세,상해없음,보행자,남,53세,중상
2022051100100123,2022년 5월 11일 09시,수요일,부산광역시 연제구 연산동,경상사고,0,0,2,0,차대차 - 기타,교차로운행방법위반,건조,맑음,교차로 - 교차로안,승용,남,42세,경상,승용,남,50세,경상
2022051100100152,2022년 5월 11일 10시,수요일,부산광역시 동래구 명장동,경상사고,0,0,1,0,차대차 - 측면충돌,안전운전불이행,건조,맑음,교차로 - 교차로안,승용,남,71세,상해없음,승용,남,67세,경상
2022051100100153,2022년 5월 11일 10시,수요일,부산광역시 부산진구 개금동,중상사고,0,1,0,0,차대사람 - 기타,안전운전불이행,건조,맑음,단일로 - 기타,승용,남,69세,상해없음,보행자,여,76세,중상
2022051100100154,2022년 5월 11일 10시,수요일,부산광역시 금정구 금사동,경상사고,0,0,1,1,차대차 - 측면충돌,교차로운행방법위반,건조,맑음,교차로 - 교차로안,화물,남,73세,부상신고,화물,남,64세,경상
2022051100100178,2022년 5월 11일 11시,수요일,부산광역시 중구 신창동4가,중상사고,0,1,0,0,차대사람 - 기타,안전운전불이행,건조,맑음,단일로 - 기타,승용,남,68세,상해없음,보행자,여,84세,중상
2022051100100179,2022년 5월 11일 11시,수요일,부산광역시 동래구 온천동,경상사고,0,0,2,0,차대차 - 추돌,안전거리미확보,건조,맑음,교차로 - 교차로부근,화물,남,47세,상해없음,승용,여,31세,경상
2022051100100204,2022년 5월 11일 12시,수요일,부산광역시 부산진구 전포동,중상사고,0,1,0,0,차대차 - 측면충돌,기타,건조,맑음,단일로 - 기타,승용,남,74세,상해없음,이륜,남,44세,중상
2022051100100205,2022년 5월 11일 12시,수요일,부산광역시 수영구 망미동,중상사고,0,1,0,0,차대사람 - 횡단중,보행자보호의무위반,건조,맑음,교차로 - 교차로안,승용,여,44세,상해없음,보행자,여,65세,중상
2022051100100230,2022년 5월 11일 13시,수요일,부산광역시 금정구 부곡동,경상사고,0,0,1,0,차대사람 - 기타,안전운전불이행,건조,맑음,기타 - 기타,화물,남,76세,상해없음,보행자,남,61세,경상
2022051100100261,2022년 5월 11일 14시,수요일,부산광역시 서구 충무동1가,중상사고,0,1,0,0,차대사람 - 횡단중,안전운전불이행,건조,맑음,교차로 - 교차로부근,화물,남,67세,상해없음,보행자,여,52세,중상
2022051100100262,2022년 5월 11일 14시,수요일,부산광역시 부산진구 부전동,경상사고,0,0,1,1,차대사람 - 기타,안전운전불이행,건조,맑음,단일로 - 기타,화물,남,56세,상해없음,보행자,남,62세,부상신고
2022051100100263,2022년 5월 11일 14시,수요일,부산광역시 금정구 구서동,경상사고,0,0,1,0,차대차 - 측면충돌,교차로운행방법위반,건조,맑음,교차로 - 교차로안,승용,여,43세,기타불명,화물,여,61세,경상
2022051100100298,2022년 5월 11일 15시,수요일,부산광역시 남구 대연동,경상사고,0,0,1,0,차대차 - 측면충돌,안전운전불이행,건조,맑음,교차로 - 교차로부근,승용,남,46세,상해없음,승용,여,19세,경상
2022051100100335,2022년 5월 11일 16시,수요일,부산광역시 동구 좌천동,경상사고,0,0,1,1,차대차 - 기타,신호위반,건조,맑음,단일로 - 기타,승용,남,39세,상해없음,승합,남,43세,부상신고
2022051100100336,2022년 5월 11일 16시,수요일,부산광역시 강서구 송정동,중상사고,0,1,0,0,차대차 - 측면충돌,안전운전불이행,건조,맑음,교차로 - 교차로안,특수,남,65세,상해없음,승용,남,34세,중상