사고번호,사고일시,요일,시군구,사고내용,사망자수,중상자수,경상자수,부상신고자수,사고유형,법규위반,노면상태,기상상태,도로형태,가해운전자 차종,가해운전자 성별,가해운전자 연령,가해운전자 상해정도,피해운전자 차종,피해운전자 성별,피해운전자 연령,피해운전자 상해정도
2022061100100123,2022년 6월 11일 09시,토요일,부산광역시 북구 덕천동,경상사고,0,0,2,0,차대차 - 기타,중앙선침범,건조,맑음,단일로 - 고가도로위,승용,남,19세,상해없음,승용,남,49세,경상
2022061100100144,2022년 6월 11일 10시,토요일,부산광역시 강서구 대저2동,중상사고,0,1,1,0,차대차 - 기타,신호위반,건조,맑음,교차로 - 교차로안,건설기계,남,49세,상해없음,승용,여,61세,중상
2022061100100179,2022년 6월 11일 11시,토요일,부산광역시 동구 초량동,중상사고,0,1,0,0,차대차 - 측면충돌,안전운전불이행,건조,맑음,교차로 - 교차로안,승용,남,38세,상해없음,이륜,남,49세,중상
2022061100100180,2022년 6월 11일 11시,토요일,부산광역시 부산진구 부전동,경상사고,0,0,1,0,차대사람 - 기타,안전운전불이행,건조,맑음,기타 - 기타,승용,남,28세,상해없음,보행자,여,57세,경상
2022061100100181,2022년 6월 11일 11시,토요일,부산광역시 금정구 서동,중상사고,0,1,2,0,차대차 - 측면충돌,신호위반,건조,맑음,교차로 - 교차로안,이륜,남,60세,중상,승용,남,32세,경상
2022061100100182,2022년 6월 11일 11시,토요일,부산광역시 사상구 감전동,경상사고,0,0,2,0,차대차 - 기타,안전운전불이행,건조,맑음,교차로 - 교차로부근,승용,남,25세,상해없음,승용,여,28세,경상
2022061100100220,2022년 6월 11일 12시,토요일,부산광역시 수영구 광안동,경상사고,0,0,1,0,차대차 - 추돌,신호위반,건조,맑음,단일로 - 터널,화물,남,49세,기타불명,승용,남,30세,경상
2022061100100221,2022년 6월 11일 12시,토요일,부산광역시 남구 용호동,경상사고,0,0,1,0,차대차 - 기타,안전거리미확보,건조,맑음,주차장 - 주차장,승용,남,47세,상해없음,승용,남,36세,경상
2022061100100222,2022년 6월 11일 12시,토요일,부산광역시 수영구 민락동,부상신고사고,0,0,0,2,차대차 - 측면충돌,안전운전불이행,건조,맑음,교차로 - 교차로안,승용,남,22세,부상신고,승합,남,59세,상해없음
2022061100100223,2022년 6월 11일 12시,토요일,부산광역시 부산진구 초읍동,경상사고,0,0,1,0,차대차 - 기타,차로위반,건조,맑음,교차로 - 교차로안,승용,여,38세,기타불명,승용,남,67세,경상
2022061100100224,2022년 6월 11일 12시,토요일,부산광역시 연제구 연산동,부상신고사고,0,0,0,1,차대차 - 기타,신호위반,건조,맑음,교차로 - 교차로안,이륜,남,26세,부상신고,승용,남,46세,상해없음
2022061100100257,2022년 6월 11일 13시,토요일,부산광역시 서구 동대신동3가,중상사고,0,1,1,0,차대차 - 측면충돌,안전운전불이행,건조,맑음,교차로 - 교차로부근,승용,여,52세,상해없음,원동기,남,50세,중상
2022061100100258,2022년 6월 11일 13시,토요일,부산광역시 수영구 광안동,경상사고,0,0,1,0,차대차 - 측면충돌,안전운전불이행,건조,맑음,단일로 - 기타,승용,남,37세,상해없음,이륜,남,48세,경상
2022061100100259,2022년 6월 11일 13시,토요일,부산광역시 해운대구 우동,경상사고,0,0,1,0,차대차 - 측면충돌,신호위반,건조,맑음,교차로 - 교차로부근,승용,남,57세,상해없음,자전거,남,72세,경상
2022061100100260,2022년 6월 11일 13시,토요일,부산광역시 강서구 신호동,중상사고,0,1,0,0,차대차 - 추돌,안전운전불이행,건조,맑음,단일로 - 기타,승용,남,59세,기타불명,승용,남,32세,중상
2022061100100300,2022년 6월 11일 14시,토요일,부산광역시 해운대구 우동,경상사고,0,0,1,0,차대차 - 정면충돌,신호위반,건조,맑음,단일로 - 기타,승용,여,48세,상해없음,승합,남,30세,상해없음
2022061100100301,2022년 6월 11일 14시,토요일,부산광역시 금정구 구서동,경상사고,0,0,2,0,차대차 - 기타,안전운전불이행,건조,맑음,기타 - 기타,승용,여,52세,상해없음,승용,남,45세,경상
2022061100100302,2022년 6월 11일 14시,토요일,부산광역시 강서구 대저1동,경상사고,0,0,1,0,차대차 - 정면충돌,신호위반,건조,맑음,교차로 - 교차로안,승용,남,29세,상해없음,승용,남,39세,경상
2022061100100330,2022년 6월 11일 15시,토요일,부산광역시 강서구 명지동,중상사고,0,1,1,0,차대차 - 측면충돌,신호위반,건조,맑음,교차로 - 교차로안,이륜,남,39세,중상,자전거,남,44세,경상
2022061100100368,2022년 6월 11일 16시,토요일,부산광역시 남구 문현동,경상사고,0,0,1,0,차대차 - 기타,안전운전불이행,건조,맑음,기타 - 기타,이륜,남,23세,상해없음,자전거,여,38세,경상
2022061100100369,2022년 6월 11일 16시,토요일,부산광역시 부산진구 전포동,중상사고,0,1,0,0,차량단독 - 공작물충돌,안전운전불이행,건조,맑음,단일로 - 고가도로위,이륜,남,15세,상해없음,,,,
2022061100100447,2022년 6월 11일 18시,토요일,부산광역시 강서구 명지동,경상사고,0,0,1,0,차대차 - 추돌,안전운전불이행,건조,맑음,단일로 - 기타,화물,남,67세,상해없음,승용,남,31세,경상
2022061100100478,2022년 6월 11일 19시,토요일,부산광역시 동구 초량동,경상사고,0,0,4,0,차대차 - 기타,중앙선침범,건조,맑음,단일로 - 기타,이륜,남,53세,상해없음,승용,남,77세,상해없음
2022061100100502,2022년 6월 11일 20시,토요일,부산광역시 중구 남포동6가,경상사고,0,0,1,0,차대차 - 측면충돌,안전운전불이행,건조,맑음,단일로 - 기타,승용,남,54세,상해없음,승용,남,70세,경상
2022061100100503,2022년 6월 11일 20시,토요일,부산광역시 연제구 연산동,중상사고,0,1,0,0,차대사람 - 기타,교차로운행방법위반,건조,맑음,단일로 - 기타,승용,여,65세,상해없음,보행자,남,72세,중상
2022061100100524,2022년 6월 11일 21시,토요일,부산광역시 서구 암남동,경상사고,0,0,1,0,차대차 - 기타,안전운전불이행,건조,맑음,교차로 - 교차로안,승용,남,31세,상해없음,이륜,남,49세,경상
2022061100100526,2022년 6월 11일 21시,토요일,부산광역시 금정구 장전동,경상사고,0,0,2,0,차대사람 - 기타,안전운전불이행,건조,맑음,기타 - 기타,이륜,남,24세,경상,보행자,남,28세,경상
2022061100100527,2022년 6월 11일 21시,토요일,부산광역시 사하구 다대동,중상사고,0,1,0,0,차대사람 - 횡단중,신호위반,건조,맑음,교차로 - 교차로횡단보도내,이륜,남,17세,상해없음,보행자,여,14세,중상
2022061100100547,2022년 6월 11일 22시,토요일,부산광역시 부산진구 범천동,중상사고,0,1,0,0,차대차 - 측면충돌,안전운전불이행,건조,맑음,기타 - 기타,승합,남,65세,상해없음,이륜,남,18세,중상
2022061100100564,2022년 6월 11일 23시,토요일,부산광역시 부산진구 부전동,경상사고,0,0,1,0,차대사람 - 차도통행중,안전운전불이행,건조,맑음,기타 - 기타,승용,여,19세,상해없음,보행자,여,25세,경상
2022061100100565,2022년 6월 11일 23시,토요일,부산광역시 금정구 장전동,중상사고,0,1,0,0,차대차 - 기타,안전운전불이행,건조,맑음,단일로 - 기타,승용,남,27세,상해없음,이륜,남,35세,중상
2022061100100566,2022년 6월 11일 23시,토요일,부산광역시 강서구 명지동,중상사고,0,1,0,0,차대차 - 기타,안전운전불이행,건조,맑음,단일로 - 기타,승용,남,59세,상해없음,승용,여,46세,중상
2022061200100050,2022년 6월 12일 05시,일요일,부산광역시 동래구 낙민동,경상사고,0,0,1,0,차대사람 - 횡단중,안전운전불이행,건조,맑음,단일로 - 기타,기타불명,기타불명,미분류,기타불명,보행자,여,64세,경상
2022061200100058,2022년 6월 12일 06시,일요일,부산광역시 중구 중앙동5가,경상사고,0,0,4,0,차대차 - 측면충돌,신호위반,건조,맑음,교차로 - 교차로안,승용,여,61세,경상,승용,남,51세,경상
2022061200100074,2022년 6월 12일 08시,일요일,부산광역시 해운대구 우동,부상신고사고,0,0,0,1,차대차 - 측면충돌,교차로운행방법위반,건조,맑음,교차로 - 교차로안,승용,여,44세,상해없음,승용,남,72세,부상신고
2022061200100098,2022년 6월 12일 10시,일요일,부산광역시 북구 구포동,중상사고,0,1,0,0,차량단독 - 기타,안전운전불이행,건조,맑음,단일로 - 기타,승합,남,60세,기타불명,,,,
2022061200100099,2022년 6월 12일 10시,일요일,부산광역시 해운대구 중동,경상사고,0,0,1,1,차대사람 - 차도통행중,안전운전불이행,건조,맑음,단일로 - 기타,자전거,남,49세,부상신고,보행자,여,54세,경상
2022061200100144,2022년 6월 12일 12시,일요일,부산광역시 강서구 명지동,경상사고,0,0,1,0,차대차 - 기타,안전운전불이행,건조,맑음,교차로 - 교차로안,승용,여,38세,상해없음,특수,남,42세,경상
2022061200100166,2022년 6월 12일 13시,일요일,부산광역시 사하구 신평동,중상사고,0,1,1,0,차대차 - 추돌,안전운전불이행,건조,맑음,단일로 - 기타,승용,남,64세,상해없음,이륜,남,40세,중상
2022061200100190,2022년 6월 12일 14시,일요일,부산광역시 영도구 영선동2가,경상사고,0,0,1,0,차대차 - 기타,안전운전불이행,건조,맑음,기타 - 기타,승용,남,37세,상해없음,이륜,여,50세,경상
2022061200100191,2022년 6월 12일 14시,일요일,부산광역시 사상구 주례동,경상사고,0,0,2,0,차대차 - 측면충돌,안전거리미확보,건조,맑음,교차로 - 교차로횡단보도내,이륜,남,49세,기타불명,승용,남,31세,경상
2022061200100216,2022년 6월 12일 15시,일요일,부산광역시 중구 대청동3가,경상사고,0,0,1,0,차대사람 - 횡단중,신호위반,건조,맑음,교차로 - 교차로안,승용,남,60세,상해없음,보행자,남,62세,경상
2022061200100217,2022년 6월 12일 15시,일요일,부산광역시 수영구 광안동,부상신고사고,0,0,0,1,차대사람 - 기타,안전운전불이행,건조,맑음,단일로 - 기타,승용,남,47세,상해없음,보행자,남,23세,부상신고
2022061200100241,2022년 6월 12일 16시,일요일,부산광역시 사상구 학장동,경상사고,0,0,3,0,차대차 - 측면충돌,안전거리미확보,건조,맑음,단일로 - 기타,승용,남,70세,상해없음,승용,남,42세,경상
2022061200100272,2022년 6월 12일 17시,일요일,부산광역시 남구 감만동,경상사고,0,0,1,0,차대차 - 기타,안전운전불이행,건조,맑음,단일로 - 기타,승용,여,31세,기타불명,승용,여,44세,경상
2022061200100273,2022년 6월 12일 17시,일요일,부산광역시 해운대구 석대동,부상신고사고,0,0,0,1,차대차 - 측면충돌,중앙선침범,건조,맑음,단일로 - 기타,승용,남,33세,상해없음,승용,남,61세,부상신고
2022061200100274,2022년 6월 12일 17시,일요일,부산광역시 금정구 장전동,중상사고,0,1,1,0,차대차 - 측면충돌,기타,건조,맑음,교차로 - 교차로안,개인형이동수단(PM),남,21세,경상,개인형이동수단(PM),남,24세,중상
2022061200100291,2022년 6월 12일 18시,일요일,부산광역시 부산진구 양정동,중상사고,0,1,0,0,차대차 - 측면충돌,신호위반,건조,맑음,교차로 - 교차로안,승용,남,60세,상해없음,이륜,남,43세,중상
2022061200100292,2022년 6월 12일 18시,일요일,부산광역시 사하구 당리동,경상사고,0,0,1,0,차대사람 - 기타,안전운전불이행,건조,맑음,단일로 - 지하차도(도로)내,승용,남,79세,상해없음,보행자,여,72세,경상
2022061200100318,2022년 6월 12일 19시,일요일,부산광역시 동래구 수안동,경상사고,0,0,1,0,차대차 - 추돌,안전운전불이행,건조,맑음,단일로 - 기타,승용,남,69세,상해없음,승용,여,40세,경상
2022061200100319,2022년 6월 12일 19시,일요일,부산광역시 해운대구 반송동,경상사고,0,0,1,0,차대차 - 추돌,안전운전불이행,건조,맑음,교차로 - 교차로부근,승용,남,64세,상해없음,이륜,남,27세,경상
2022061200100335,2022년 6월 12일 20시,일요일,부산광역시 사하구 괴정동,경상사고,0,0,1,0,차대차 - 기타,신호위반,건조,맑음,교차로 - 교차로안,승용,여,37세,상해없음,이륜,남,25세,경상
2022061200100336,2022년 6월 12일 20시,일요일,부산광역시 강서구 신호동,경상사고,0,0,2,0,차대차 - 추돌,안전운전불이행,건조,맑음,교차로 - 교차로부근,승용,남,47세,상해없음,승용,여,33세,경상
2022061200100372,2022년 6월 12일 21시,일요일,부산광역시 영도구 대교동1가,부상신고사고,0,0,0,1,차대차 - 추돌,안전운전불이행,건조,맑음,기타 - 기타,원동기,남,26세,상해없음,원동기,남,54세,부상신고
2022061200100393,2022년 6월 12일 22시,일요일,부산광역시 동래구 온천동,경상사고,0,0,1,0,차대차 - 측면충돌,중앙선침범,건조,맑음,단일로 - 기타,이륜,여,60세,상해없음,자전거,여,47세,경상
2022061300100001,2022년 6월 13일 00시,월요일,부산광역시 부산진구 가야동,경상사고,0,0,1,0,차대사람 - 기타,안전운전불이행,건조,맑음,단일로 - 기타,이륜,기타불명,미분류,기타불명,보행자,남,59세,경상
2022061300100017,2022년 6월 13일 04시,월요일,부산광역시 동래구 안락동,중상사고,0,1,0,2,차대차 - 측면충돌,신호위반,건조,맑음,교차로 - 교차로안,승용,남,62세,부상신고,승용,남,59세,부상신고
2022061300100040,2022년 6월 13일 07시,월요일,부산광역시 금정구 노포동,중상사고,0,1,0,0,차대사람 - 기타,신호위반,건조,맑음,교차로 - 교차로부근,승용,남,30세,상해없음,보행자,남,80세,중상
2022061300100072,2022년 6월 13일 08시,월요일,부산광역시 수영구 남천동,중상사고,0,1,0,0,차대차 - 측면충돌,안전운전불이행,건조,맑음,교차로 - 교차로안,승용,남,21세,상해없음,승용,여,62세,중상
2022061300100073,2022년 6월 13일 08시,월요일,부산광역시 해운대구 우동,부상신고사고,0,0,0,1,차대사람 - 기타,안전운전불이행,건조,맑음,단일로 - 기타,승용,여,57세,상해없음,보행자,남,54세,부상신고
2022061300100074,2022년 6월 13일 08시,월요일,부산광역시 금정구 장전동,중상사고,0,1,0,0,차대사람 - 횡단중,안전운전불이행,건조,맑음,교차로 - 교차로안,화물,남,49세,상해없음,보행자,남,56세,중상
2022061300100075,2022년 6월 13일 08시,월요일,부산광역시 사하구 다대동,경상사고,0,0,1,0,차대차 - 기타,직진우회전진행방해,건조,맑음,교차로 - 교차로안,승용,남,58세,상해없음,승용,여,61세,경상
2022061300100115,2022년 6월 13일 09시,월요일,부산광역시 서구 암남동,중상사고,0,1,0,0,차대사람 - 차도통행중,안전운전불이행,건조,맑음,단일로 - 기타,화물,남,42세,상해없음,보행자,남,56세,중상
2022061300100142,2022년 6월 13일 10시,월요일,부산광역시 서구 암남동,경상사고,0,0,2,0,차대차 - 기타,안전운전불이행,건조,맑음,단일로 - 교량,승용,남,39세,경상,화물,남,53세,상해없음
2022061300100143,2022년 6월 13일 10시,월요일,부산광역시 수영구 민락동,경상사고,0,0,1,0,차대차 - 측면충돌,신호위반,건조,맑음,단일로 - 기타,자전거,여,63세,경상,화물,남,55세,상해없음
2022061300100144,2022년 6월 13일 10시,월요일,부산광역시 금정구 서동,중상사고,0,2,0,0,차대사람 - 차도통행중,안전운전불이행,건조,맑음,단일로 - 기타,이륜,남,53세,중상,보행자,남,34세,중상
2022061300100197,2022년 6월 13일 12시,월요일,부산광역시 영도구 남항동3가,중상사고,0,1,0,0,차대차 - 측면충돌,교차로운행방법위반,건조,맑음,교차로 - 교차로안,승용,남,27세,상해없음,이륜,남,60세,중상
2022061300100249,2022년 6월 13일 14시,월요일,부산광역시 연제구 연산동,부상신고사고,0,0,0,1,차대차 - 측면충돌,안전운전불이행,건조,맑음,교차로 - 교차로안,이륜,남,24세,부상신고,승용,남,53세,상해없음
2022061300100278,2022년 6월 13일 15시,월요일,부산광역시 동구 수정동,경상사고,0,0,1,0,차대차 - 기타,안전운전불이행,건조,맑음,단일로 - 지하차도(도로)내,화물,남,27세,기타불명,이륜,남,28세,경상
2022061300100279,2022년 6월 13일 15시,월요일,부산광역시 해운대구 우동,경상사고,0,0,1,0,차대차 - 기타,안전거리미확보,건조,맑음,단일로 - 교량,화물,남,52세,상해없음,화물,남,38세,경상
2022061300100280,2022년 6월 13일 15시,월요일,부산광역시 연제구 거제동,경상사고,0,0,1,0,차대차 - 기타,불법유턴,건조,맑음,교차로 - 교차로부근,승용,남,54세,상해없음,승용,남,34세,경상
2022061300100325,2022년 6월 13일 16시,월요일,부산광역시 금정구 서동,중상사고,0,1,0,0,차대사람 - 기타,교차로운행방법위반,건조,맑음,교차로 - 교차로안,승용,남,71세,상해없음,보행자,여,78세,중상
2022061300100326,2022년 6월 13일 16시,월요일,부산광역시 금정구 남산동,중상사고,0,1,0,0,차대사람 - 횡단중,보행자보호의무위반,건조,맑음,교차로 - 교차로안,승용,여,49세,상해없음,보행자,여,24세,중상
2022061300100370,2022년 6월 13일 17시,월요일,부산광역시 사하구 신평동,경상사고,0,0,1,0,차대사람 - 차도통행중,신호위반,건조,맑음,교차로 - 교차로안,승용,남,71세,상해없음,보행자,남,68세,경상
2022061300100371,2022년 6월 13일 17시,월요일,부산광역시 수영구 망미동,중상사고,0,1,0,0,차대차 - 기타,교차로운행방법위반,건조,맑음,교차로 - 교차로안,이륜,남,46세,중상,승용,여,50세,상해없음
2022061300100412,2022년 6월 13일 18시,월요일,부산광역시 남구 문현동,경상사고,0,0,1,0,차대사람 - 기타,안전운전불이행,건조,맑음,단일로 - 기타,승용,남,73세,상해없음,보행자,여,22세,경상
2022061300100413,2022년 6월 13일 18시,월요일,부산광역시 동래구 온천동,경상사고,0,0,1,0,차대차 - 기타,안전운전불이행,건조,맑음,주차장 - 주차장,승용,남,19세,상해없음,승용,남,57세,경상
2022061300100414,2022년 6월 13일 18시,월요일,부산광역시 사하구 장림동,경상사고,0,0,1,0,차대차 - 측면충돌,안전거리미확보,건조,맑음,교차로 - 교차로안,승용,여,31세,상해없음,승용,여,49세,경상
2022061300100415,2022년 6월 13일 18시,월요일,부산광역시 연제구 연산동,경상사고,0,0,1,0,차대사람 - 기타,안전운전불이행,건조,맑음,단일로 - 기타,승합,남,67세,상해없음,보행자,여,67세,경상
2022061300100457,2022년 6월 13일 19시,월요일,부산광역시 해운대구 반송동,중상사고,0,2,2,0,차대차 - 기타,교차로운행방법위반,건조,맑음,기타 - 기타,승용,남,45세,경상,승용,남,56세,중상
2022061300100458,2022년 6월 13일 19시,월요일,부산광역시 금정구 장전동,경상사고,0,0,1,0,차대사람 - 횡단중,보행자보호의무위반,건조,맑음,교차로 - 교차로안,개인형이동수단(PM),남,20세,상해없음,보행자,여,29세,경상
2022061300100483,2022년 6월 13일 20시,월요일,부산광역시 영도구 청학동,중상사고,0,1,0,0,차대사람 - 보도통행중,보행자보호의무위반,젖음/습기,비,단일로 - 기타,승용,여,55세,상해없음,보행자,여,49세,중상
2022061300100508,2022년 6월 13일 21시,월요일,부산광역시 사상구 학장동,중상사고,0,1,0,0,차대차 - 정면충돌,신호위반,건조,맑음,교차로 - 교차로안,승용,남,65세,기타불명,승용,남,69세,중상
2022061300100527,2022년 6월 13일 22시,월요일,부산광역시 서구 토성동5가,부상신고사고,0,0,0,1,차대사람 - 차도통행중,안전운전불이행,젖음/습기,맑음,단일로 - 기타,승용,남,75세,상해없음,보행자,남,55세,부상신고
2022061300100528,2022년 6월 13일 22시,월요일,부산광역시 동래구 명륜동,중상사고,0,1,0,0,차대사람 - 횡단중,신호위반,젖음/습기,비,단일로 - 기타,이륜,남,21세,상해없음,보행자,여,64세,중상
2022061300100542,2022년 6월 13일 23시,월요일,부산광역시 수영구 민락동,중상사고,0,1,0,0,차대차 - 측면충돌,안전거리미확보,젖음/습기,비,교차로 - 교차로부근,승용,남,50세,상해없음,이륜,남,59세,중상
2022061400100002,2022년 6월 14일 00시,화요일,부산광역시 수영구 수영동,중상사고,0,1,0,0,차대차 - 측면충돌,교차로운행방법위반,젖음/습기,비,교차로 - 교차로안,이륜,남,26세,상해없음,이륜,남,55세,중상
2022061400100013,2022년 6월 14일 01시,화요일,부산광역시 남구 대연동,경상사고,0,0,4,0,차대차 - 추돌,안전거리미확보,젖음/습기,비,기타 - 기타,승용,남,43세,상해없음,승용,남,61세,경상
2022061400100022,2022년 6월 14일 03시,화요일,부산광역시 동구 좌천동,중상사고,0,1,0,0,차량단독 - 공작물충돌,안전운전불이행,젖음/습기,맑음,단일로 - 기타,화물,남,57세,상해없음,,,,
2022061400100031,2022년 6월 14일 04시,화요일,부산광역시 사하구 장림동,경상사고,0,0,1,0,차대차 - 측면충돌,안전운전불이행,젖음/습기,비,단일로 - 기타,승용,남,64세,상해없음,승용,남,53세,경상
2022061400100035,2022년 6월 14일 05시,화요일,부산광역시 부산진구 부전동,경상사고,0,0,1,0,차대사람 - 길가장자리구역통행중,안전운전불이행,젖음/습기,비,단일로 - 기타,화물,여,64세,상해없음,보행자,남,58세,경상
2022061400100085,2022년 6월 14일 08시,화요일,부산광역시 영도구 봉래동4가,중상사고,0,1,0,0,차량단독 - 기타,안전운전불이행,젖음/습기,흐림,단일로 - 지하차도(도로)내,승합,남,49세,기타불명,,,,
2022061400100144,2022년 6월 14일 09시,화요일,부산광역시 동구 좌천동,경상사고,0,0,1,0,차대차 - 측면충돌,안전거리미확보,건조,맑음,교차로 - 교차로부근,화물,남,62세,상해없음,승용,남,30세,경상
2022061400100145,2022년 6월 14일 09시,화요일,부산광역시 동래구 온천동,경상사고,0,0,1,0,차대차 - 측면충돌,안전운전불이행,젖음/습기,비,단일로 - 기타,화물,남,54세,상해없음,승용,남,52세,경상
2022061400100146,2022년 6월 14일 09시,화요일,부산광역시 금정구 노포동,부상신고사고,0,0,0,1,차대차 - 측면충돌,신호위반,젖음/습기,흐림,단일로 - 기타,화물,남,42세,상해없음,승용,남,24세,부상신고
2022061400100176,2022년 6월 14일 10시,화요일,부산광역시 동구 초량동,경상사고,0,0,1,0,차대차 - 측면충돌,기타,젖음/습기,비,교차로 - 교차로부근,승용,남,52세,상해없음,이륜,남,50세,경상
2022061400100177,2022년 6월 14일 10시,화요일,부산광역시 동래구 안락동,경상사고,0,0,1,0,차대차 - 기타,불법유턴,젖음/습기,비,단일로 - 기타,승용,남,66세,상해없음,승용,남,71세,상해없음
2022061400100178,2022년 6월 14일 10시,화요일,부산광역시 부산진구 부전동,경상사고,0,0,1,0,차대차 - 측면충돌,안전운전불이행,젖음/습기,비,교차로 - 교차로안,승용,남,73세,상해없음,승용,남,59세,상해없음
2022061400100237,2022년 6월 14일 12시,화요일,부산광역시 해운대구 우동,경상사고,0,0,2,0,차대차 - 추돌,안전거리미확보,건조,맑음,단일로 - 기타,승합,남,38세,상해없음,승합,남,46세,경상
2022061400100238,2022년 6월 14일 12시,화요일,부산광역시 사하구 장림동,경상사고,0,0,1,0,차대차 - 측면충돌,안전운전불이행,건조,맑음,교차로 - 교차로부근,승용,남,70세,상해없음,특수,남,50세,경상
2022061400100239,2022년 6월 14일 12시,화요일,부산광역시 사하구 감천동,부상신고사고,0,0,0,1,차대사람 - 기타,기타,젖음/습기,비,단일로 - 기타,승합,남,48세,상해없음,보행자,여,72세,부상신고
2022061400100240,2022년 6월 14일 12시,화요일,부산광역시 연제구 거제동,경상사고,0,0,1,0,차대차 - 기타,안전운전불이행,젖음/습기,비,교차로 - 교차로안,이륜,남,45세,경상,승용,남,54세,상해없음
2022061400100241,2022년 6월 14일 12시,화요일,부산광역시 기장군 일광읍,경상사고,0,0,1,0,차대차 - 기타,차로위반,젖음/습기,비,단일로 - 기타,화물,남,51세,상해없음,승용,여,42세,경상
2022061400100272,2022년 6월 14일 13시,화요일,부산광역시 동구 초량동,경상사고,0,0,1,0,차대차 - 기타,안전운전불이행,젖음/습기,비,교차로 - 교차로안,이륜,남,48세,경상,승용,여,61세,상해없음
2022061400100273,2022년 6월 14일 13시,화요일,부산광역시 강서구 구랑동,경상사고,0,0,1,0,차대사람 - 기타,안전운전불이행,건조,맑음,기타 - 기타,특수,남,44세,상해없음,보행자,남,42세,경상
2022061400100300,2022년 6월 14일 14시,화요일,부산광역시 중구 영주동,경상사고,0,0,1,0,차대차 - 기타,안전운전불이행,젖음/습기,비,단일로 - 기타,승용,남,48세,상해없음,이륜,남,66세,경상
2022061400100301,2022년 6월 14일 14시,화요일,부산광역시 동구 좌천동,경상사고,0,0,1,0,차대차 - 측면충돌,교차로운행방법위반,건조,맑음,단일로 - 고가도로위,승용,남,43세,상해없음,특수,남,59세,경상
2022061400100302,2022년 6월 14일 14시,화요일,부산광역시 사상구 주례동,경상사고,0,0,1,0,차대차 - 추돌,안전운전불이행,건조,흐림,단일로 - 기타,승용,여,57세,상해없음,승용,남,49세,경상
2022061400100377,2022년 6월 14일 16시,화요일,부산광역시 부산진구 초읍동,경상사고,0,0,1,0,차대차 - 측면충돌,안전운전불이행,건조,맑음,기타 - 기타,승용,여,67세,상해없음,승합,남,57세,상해없음
2022061400100378,2022년 6월 14일 16시,화요일,부산광역시 부산진구 부전동,경상사고,0,0,2,0,차대차 - 측면충돌,안전운전불이행,젖음/습기,비,교차로 - 교차로부근,승용,여,54세,경상,승용,여,58세,경상
2022061400100379,2022년 6월 14일 16시,화요일,부산광역시 사하구 신평동,중상사고,0,1,0,0,차대차 - 추돌,안전운전불이행,젖음/습기,비,교차로 - 교차로부근,화물,남,54세,기타불명,승용,남,38세,중상
2022061400100380,2022년 6월 14일 16시,화요일,부산광역시 사상구 주례동,경상사고,0,0,1,0,차대차 - 추돌,안전운전불이행,젖음/습기,비,교차로 - 교차로안,승용,남,65세,상해없음,이륜,남,27세,경상
2022061400100492,2022년 6월 14일 19시,화요일,부산광역시 수영구 민락동,경상사고,0,0,1,0,차대차 - 측면충돌,직진우회전진행방해,건조,맑음,교차로 - 교차로안,화물,남,51세,상해없음,이륜,남,21세,경상
2022061400100520,2022년 6월 14일 20시,화요일,부산광역시 부산진구 당감동,경상사고,0,0,1,0,차대차 - 측면충돌,신호위반,젖음/습기,비,교차로 - 교차로안,승용,남,53세,상해없음,원동기,남,35세,경상
2022061400100521,2022년 6월 14일 20시,화요일,부산광역시 금정구 구서동,경상사고,0,0,1,0,차대차 - 기타,안전운전불이행,젖음/습기,맑음,단일로 - 기타,이륜,남,27세,경상,화물,남,23세,상해없음
2022061400100573,2022년 6월 14일 22시,화요일,부산광역시 사하구 다대동,중상사고,0,1,1,0,차대차 - 추돌,안전운전불이행,건조,맑음,단일로 - 기타,승용,남,51세,상해없음,승용,남,73세,경상
2022061400100589,2022년 6월 14일 23시,화요일,부산광역시 부산진구 부전동,부상신고사고,0,0,0,1,차대차 - 측면충돌,신호위반,건조,맑음,단일로 - 기타,이륜,남,48세,부상신고,승용,남,42세,상해없음
2022061500100083,2022년 6월 15일 08시,수요일,부산광역시 강서구 범방동,경상사고,0,0,1,0,차대차 - 추돌,안전운전불이행,건조,맑음,단일로 - 교량,승용,남,29세,상해없음,승용,남,48세,경상
2022061500100149,2022년 6월 15일 10시,수요일,부산광역시 동구 범일동,중상사고,0,1,0,0,차대사람 - 횡단중,보행자보호의무위반,건조,맑음,단일로 - 기타,화물,남,36세,상해없음,보행자,남,77세,중상
2022061500100150,2022년 6월 15일 10시,수요일,부산광역시 해운대구 중동,중상사고,0,1,0,0,차대사람 - 기타,안전운전불이행,건조,맑음,단일로 - 기타,승용,남,85세,상해없음,보행자,여,80세,중상
2022061500100151,2022년 6월 15일 10시,수요일,부산광역시 사하구 신평동,경상사고,0,0,1,0,차대차 - 기타,안전거리미확보,건조,맑음,단일로 - 지하차도(도로)내,승용,남,31세,기타불명,승용,남,30세,경상
2022061500100153,2022년 6월 15일 10시,수요일,부산광역시 사상구 주례동,경상사고,0,0,1,0,차대차 - 측면충돌,안전운전불이행,건조,맑음,단일로 - 기타,승용,남,82세,상해없음,승용,남,32세,경상
2022061500100178,2022년 6월 15일 11시,수요일,부산광역시 동래구 온천동,경상사고,0,0,1,0,차대사람 - 횡단중,보행자보호의무위반,건조,맑음,교차로 - 교차로횡단보도내,승용,남,30세,상해없음,보행자,여,23세,경상