사고번호,사고일시,요일,시군구,사고내용,사망자수,중상자수,경상자수,부상신고자수,사고유형,법규위반,노면상태,기상상태,도로형태,가해운전자 차종,가해운전자 성별,가해운전자 연령,가해운전자 상해정도,피해운전자 차종,피해운전자 성별,피해운전자 연령,피해운전자 상해정도
2022061900100037,2022년 6월 19일 02시,일요일,부산광역시 금정구 서동,경상사고,0,0,1,0,차대사람 - 길가장자리구역통행중,안전운전불이행,건조,맑음,단일로 - 기타,승용,남,68세,상해없음,보행자,남,64세,경상
2022061900100057,2022년 6월 19일 04시,일요일,부산광역시 사하구 괴정동,중상사고,0,1,0,0,차대사람 - 차도통행중,교차로운행방법위반,건조,맑음,교차로 - 교차로부근,화물,남,43세,상해없음,보행자,남,66세,중상
2022061900100060,2022년 6월 19일 05시,일요일,부산광역시 부산진구 부전동,중상사고,0,1,0,0,차대차 - 기타,신호위반,건조,맑음,교차로 - 교차로안,이륜,기타불명,미분류,기타불명,승용,남,53세,상해없음
2022061900100072,2022년 6월 19일 07시,일요일,부산광역시 연제구 거제동,경상사고,0,0,2,0,차대차 - 추돌,안전운전불이행,건조,맑음,교차로 - 교차로부근,승용,여,41세,경상,승용,남,64세,경상
2022061900100096,2022년 6월 19일 09시,일요일,부산광역시 금정구 금사동,중상사고,0,1,0,0,차대차 - 기타,기타,건조,맑음,교차로 - 교차로안,승용,남,51세,상해없음,승용,남,53세,상해없음
2022061900100129,2022년 6월 19일 11시,일요일,부산광역시 수영구 광안동,중상사고,0,1,0,0,차대차 - 측면충돌,안전운전불이행,건조,맑음,교차로 - 교차로횡단보도내,승용,남,66세,상해없음,자전거,여,55세,중상
2022061900100153,2022년 6월 19일 12시,일요일,부산광역시 연제구 거제동,경상사고,0,0,1,0,차대사람 - 기타,안전운전불이행,건조,맑음,교차로 - 교차로부근,자전거,남,9세,상해없음,보행자,남,49세,경상
2022061900100196,2022년 6월 19일 14시,일요일,부산광역시 해운대구 우동,경상사고,0,0,1,0,차대사람 - 횡단중,보행자보호의무위반,건조,맑음,단일로 - 기타,승용,여,63세,상해없음,보행자,남,64세,경상
2022061900100197,2022년 6월 19일 14시,일요일,부산광역시 사상구 주례동,경상사고,0,0,1,0,차대사람 - 기타,안전운전불이행,건조,맑음,단일로 - 기타,승용,남,47세,상해없음,보행자,여,32세,경상
2022061900100224,2022년 6월 19일 15시,일요일,부산광역시 서구 동대신동3가,경상사고,0,0,2,0,차대차 - 측면충돌,신호위반,건조,맑음,교차로 - 교차로안,이륜,남,86세,상해없음,승용,남,30세,경상
2022061900100225,2022년 6월 19일 15시,일요일,부산광역시 해운대구 좌동,부상신고사고,0,0,0,1,차대사람 - 기타,안전운전불이행,건조,맑음,교차로 - 교차로안,기타불명,기타불명,미분류,기타불명,보행자,여,76세,부상신고
2022061900100226,2022년 6월 19일 15시,일요일,부산광역시 사하구 다대동,경상사고,0,0,1,0,차대차 - 기타,안전운전불이행,건조,맑음,단일로 - 터널,승용,남,47세,상해없음,자전거,남,49세,경상
2022061900100258,2022년 6월 19일 16시,일요일,부산광역시 서구 아미동2가,중상사고,0,1,0,0,차대차 - 측면충돌,안전운전불이행,건조,맑음,교차로 - 교차로안,승용,남,60세,상해없음,원동기,남,37세,중상
2022061900100278,2022년 6월 19일 17시,일요일,부산광역시 동래구 사직동,중상사고,0,1,0,0,차대사람 - 차도통행중,안전운전불이행,건조,맑음,단일로 - 기타,승용,여,41세,상해없음,보행자,여,67세,중상
2022061900100279,2022년 6월 19일 17시,일요일,부산광역시 부산진구 당감동,경상사고,0,0,2,0,차대차 - 측면충돌,신호위반,건조,맑음,단일로 - 고가도로위,승용,여,52세,상해없음,화물,남,27세,경상
2022061900100296,2022년 6월 19일 18시,일요일,부산광역시 서구 암남동,경상사고,0,0,1,0,차대차 - 측면충돌,교차로운행방법위반,건조,맑음,교차로 - 교차로안,승용,여,63세,상해없음,이륜,남,19세,경상
2022061900100322,2022년 6월 19일 19시,일요일,부산광역시 북구 구포동,중상사고,0,1,0,0,차대차 - 기타,중앙선침범,건조,맑음,단일로 - 기타,승용,남,65세,상해없음,이륜,남,47세,중상
2022061900100323,2022년 6월 19일 19시,일요일,부산광역시 수영구 망미동,경상사고,0,0,1,0,차대차 - 추돌,안전거리미확보,건조,맑음,단일로 - 기타,승용,남,26세,상해없음,승용,여,46세,경상
2022061900100350,2022년 6월 19일 20시,일요일,부산광역시 동래구 안락동,경상사고,0,0,1,0,차대차 - 후진중충돌,안전운전불이행,건조,맑음,교차로 - 교차로부근,승용,남,73세,상해없음,이륜,남,33세,경상
2022061900100372,2022년 6월 19일 21시,일요일,부산광역시 영도구 동삼동,중상사고,0,1,0,0,차대사람 - 차도통행중,안전운전불이행,건조,맑음,기타 - 기타,승용,여,22세,상해없음,보행자,여,72세,중상
2022061900100373,2022년 6월 19일 21시,일요일,부산광역시 부산진구 양정동,경상사고,0,0,1,0,차대사람 - 기타,안전운전불이행,건조,맑음,기타 - 기타,승용,남,69세,상해없음,보행자,남,25세,경상
2022061900100374,2022년 6월 19일 21시,일요일,부산광역시 사하구 감천동,경상사고,0,0,3,0,차대차 - 추돌,안전운전불이행,건조,맑음,교차로 - 교차로부근,승용,남,36세,기타불명,이륜,여,28세,경상
2022062000100002,2022년 6월 20일 00시,월요일,부산광역시 수영구 광안동,경상사고,0,0,1,0,차대사람 - 보도통행중,기타,건조,맑음,기타 - 기타,승용,여,44세,상해없음,보행자,남,29세,경상
2022062000100003,2022년 6월 20일 00시,월요일,부산광역시 수영구 광안동,중상사고,0,1,0,0,차대사람 - 기타,안전운전불이행,건조,맑음,단일로 - 기타,승용,남,56세,상해없음,보행자,여,54세,중상
2022062000100021,2022년 6월 20일 02시,월요일,부산광역시 중구 부평동1가,중상사고,0,1,0,0,차대사람 - 기타,안전운전불이행,건조,맑음,단일로 - 기타,승용,남,63세,상해없음,보행자,여,21세,중상
2022062000100022,2022년 6월 20일 02시,월요일,부산광역시 서구 서대신동3가,경상사고,0,0,1,0,차량단독 - 공작물충돌,안전운전불이행,건조,맑음,단일로 - 지하차도(도로)내,승용,남,67세,경상,,,,
2022062000100023,2022년 6월 20일 02시,월요일,부산광역시 수영구 광안동,경상사고,0,0,2,0,차대차 - 추돌,기타,건조,맑음,교차로 - 교차로부근,승용,남,47세,경상,이륜,남,27세,경상
2022062000100024,2022년 6월 20일 02시,월요일,부산광역시 해운대구 좌동,경상사고,0,0,2,0,차대차 - 측면충돌,안전운전불이행,건조,맑음,단일로 - 기타,승용,여,25세,상해없음,승용,남,22세,경상
2022062000100036,2022년 6월 20일 05시,월요일,부산광역시 남구 감만동,중상사고,0,1,0,0,차대사람 - 기타,안전운전불이행,건조,맑음,기타 - 기타,승용,남,41세,상해없음,보행자,여,78세,중상
2022062000100045,2022년 6월 20일 06시,월요일,부산광역시 남구 문현동,중상사고,0,1,0,0,차대사람 - 기타,보행자보호의무위반,건조,맑음,교차로 - 교차로부근,승용,남,61세,상해없음,보행자,남,78세,중상
2022062000100046,2022년 6월 20일 06시,월요일,부산광역시 부산진구 전포동,경상사고,0,0,1,0,차대차 - 추돌,안전운전불이행,건조,맑음,단일로 - 기타,승용,남,25세,상해없음,승합,남,53세,경상
2022062000100094,2022년 6월 20일 08시,월요일,부산광역시 금정구 부곡동,경상사고,0,0,1,0,차대사람 - 기타,안전운전불이행,건조,맑음,단일로 - 기타,승용,여,42세,상해없음,보행자,남,13세,경상
2022062000100145,2022년 6월 20일 09시,월요일,부산광역시 동래구 낙민동,경상사고,0,0,1,0,차대차 - 기타,차로위반,건조,맑음,단일로 - 기타,건설기계,남,59세,상해없음,승합,남,53세,상해없음
2022062000100146,2022년 6월 20일 09시,월요일,부산광역시 해운대구 우동,경상사고,0,0,1,0,차대차 - 정면충돌,기타,건조,맑음,단일로 - 기타,이륜,남,63세,상해없음,이륜,남,44세,경상
2022062000100147,2022년 6월 20일 09시,월요일,부산광역시 부산진구 부암동,경상사고,0,0,1,0,차대차 - 측면충돌,안전거리미확보,건조,맑음,단일로 - 고가도로위,특수,남,59세,상해없음,승용,남,44세,경상
2022062000100212,2022년 6월 20일 11시,월요일,부산광역시 중구 대창동2가,경상사고,0,0,4,0,차대차 - 측면충돌,신호위반,건조,맑음,교차로 - 교차로안,승용,남,65세,상해없음,승용,남,70세,경상
2022062000100213,2022년 6월 20일 11시,월요일,부산광역시 남구 문현동,경상사고,0,0,1,0,차대차 - 추돌,안전운전불이행,건조,맑음,단일로 - 기타,승용,여,42세,기타불명,승용,남,66세,경상
2022062000100214,2022년 6월 20일 11시,월요일,부산광역시 부산진구 양정동,경상사고,0,0,2,0,차대차 - 기타,안전거리미확보,건조,맑음,단일로 - 기타,승용,남,68세,상해없음,승용,여,40세,경상
2022062000100290,2022년 6월 20일 13시,월요일,부산광역시 수영구 광안동,중상사고,0,1,0,0,차대사람 - 기타,불법유턴,건조,맑음,교차로 - 교차로안,화물,남,70세,상해없음,보행자,남,25세,중상
2022062000100291,2022년 6월 20일 13시,월요일,부산광역시 강서구 천성동,경상사고,0,0,1,0,차대차 - 추돌,안전운전불이행,건조,맑음,단일로 - 터널,화물,남,66세,기타불명,화물,남,41세,경상
2022062000100292,2022년 6월 20일 13시,월요일,부산광역시 기장군 일광읍,경상사고,0,0,1,0,차대차 - 기타,안전운전불이행,건조,맑음,교차로 - 교차로부근,승용,남,38세,상해없음,승용,남,51세,경상
2022062000100326,2022년 6월 20일 14시,월요일,부산광역시 부산진구 가야동,경상사고,0,0,3,0,차대차 - 추돌,안전운전불이행,건조,기타,단일로 - 기타,화물,남,53세,상해없음,승용,여,58세,경상
2022062000100327,2022년 6월 20일 14시,월요일,부산광역시 강서구 지사동,중상사고,0,1,0,0,차대차 - 기타,안전운전불이행,건조,맑음,단일로 - 기타,승용,여,37세,상해없음,이륜,남,41세,중상
2022062000100366,2022년 6월 20일 15시,월요일,부산광역시 서구 동대신동2가,중상사고,0,1,1,1,차대차 - 측면충돌,직진우회전진행방해,건조,맑음,교차로 - 교차로안,이륜,남,24세,중상,승용,남,80세,경상
2022062000100367,2022년 6월 20일 15시,월요일,부산광역시 수영구 남천동,경상사고,0,0,1,0,차대차 - 기타,안전운전불이행,건조,맑음,교차로 - 교차로안,승용,여,34세,상해없음,자전거,남,67세,경상
2022062000100368,2022년 6월 20일 15시,월요일,부산광역시 북구 덕천동,중상사고,0,1,0,0,차대사람 - 차도통행중,안전운전불이행,건조,맑음,교차로 - 교차로안,승용,남,62세,상해없음,보행자,여,74세,중상
2022062000100369,2022년 6월 20일 15시,월요일,부산광역시 해운대구 우동,부상신고사고,0,0,0,2,차대차 - 추돌,신호위반,건조,맑음,단일로 - 교량,화물,여,63세,상해없음,승용,남,44세,부상신고
2022062000100405,2022년 6월 20일 16시,월요일,부산광역시 해운대구 재송동,경상사고,0,0,1,0,차대차 - 후진중충돌,안전운전불이행,건조,맑음,단일로 - 기타,승용,여,40세,상해없음,화물,남,40세,경상
2022062000100406,2022년 6월 20일 16시,월요일,부산광역시 부산진구 부전동,경상사고,0,0,1,0,차대차 - 기타,안전거리미확보,건조,맑음,단일로 - 기타,승합,남,57세,상해없음,승용,여,26세,경상
2022062000100407,2022년 6월 20일 16시,월요일,부산광역시 사상구 엄궁동,경상사고,0,0,1,0,차대사람 - 기타,안전운전불이행,건조,맑음,기타 - 기타,자전거,남,9세,상해없음,보행자,여,72세,경상
2022062000100408,2022년 6월 20일 16시,월요일,부산광역시 기장군 정관읍,경상사고,0,0,3,0,차대차 - 기타,교차로운행방법위반,건조,맑음,교차로 - 교차로안,승용,여,33세,상해없음,승합,남,44세,상해없음
2022062000100449,2022년 6월 20일 17시,월요일,부산광역시 금정구 부곡동,경상사고,0,0,2,0,차대차 - 측면충돌,안전운전불이행,건조,맑음,교차로 - 교차로부근,승용,남,62세,상해없음,승용,여,46세,경상
2022062000100450,2022년 6월 20일 17시,월요일,부산광역시 연제구 연산동,경상사고,0,0,1,0,차대차 - 측면충돌,안전운전불이행,건조,맑음,교차로 - 교차로횡단보도내,승용,여,45세,상해없음,승용,남,31세,경상
2022062000100477,2022년 6월 20일 18시,월요일,부산광역시 사하구 신평동,중상사고,0,1,0,0,차대차 - 기타,안전운전불이행,건조,맑음,단일로 - 지하차도(도로)내,승용,남,61세,상해없음,이륜,여,27세,중상
2022062000100478,2022년 6월 20일 18시,월요일,부산광역시 강서구 명지동,경상사고,0,0,1,0,차대차 - 측면충돌,안전거리미확보,건조,맑음,단일로 - 기타,승용,여,62세,기타불명,승용,남,61세,경상
2022062000100511,2022년 6월 20일 19시,월요일,부산광역시 동구 수정동,경상사고,0,0,1,0,차대사람 - 길가장자리구역통행중,안전운전불이행,건조,맑음,단일로 - 기타,승용,남,31세,상해없음,보행자,남,64세,경상
2022062000100512,2022년 6월 20일 19시,월요일,부산광역시 서구 동대신동3가,중상사고,0,3,3,0,차대차 - 추돌,중앙선침범,건조,맑음,단일로 - 기타,승용,남,68세,상해없음,승용,남,42세,경상
2022062000100513,2022년 6월 20일 19시,월요일,부산광역시 부산진구 개금동,경상사고,0,0,3,0,차대차 - 측면충돌,안전거리미확보,건조,맑음,교차로 - 교차로부근,승용,여,48세,기타불명,승용,남,66세,경상
2022062000100514,2022년 6월 20일 19시,월요일,부산광역시 강서구 대저1동,경상사고,0,0,1,0,차대차 - 추돌,안전거리미확보,건조,맑음,단일로 - 기타,승용,남,27세,상해없음,승용,남,32세,경상
2022062000100542,2022년 6월 20일 20시,월요일,부산광역시 사하구 신평동,중상사고,0,1,0,0,차대차 - 기타,중앙선침범,건조,맑음,단일로 - 지하차도(도로)내,승용,남,67세,상해없음,이륜,남,28세,중상
2022062000100565,2022년 6월 20일 21시,월요일,부산광역시 동래구 명륜동,경상사고,0,0,1,0,차대차 - 측면충돌,안전운전불이행,건조,맑음,교차로 - 교차로안,승합,남,35세,상해없음,이륜,남,47세,경상
2022062000100566,2022년 6월 20일 21시,월요일,부산광역시 연제구 연산동,부상신고사고,0,0,0,1,차대차 - 기타,안전운전불이행,건조,맑음,단일로 - 기타,자전거,남,13세,부상신고,승용,여,49세,상해없음
2022062100100076,2022년 6월 21일 08시,화요일,부산광역시 금정구 장전동,경상사고,0,0,2,0,차대차 - 추돌,안전거리미확보,건조,맑음,단일로 - 기타,승용,남,46세,경상,건설기계,남,36세,경상
2022062100100115,2022년 6월 21일 09시,화요일,부산광역시 중구 중앙동4가,중상사고,0,1,0,1,차량단독 - 기타,안전운전불이행,건조,맑음,교차로 - 교차로안,이륜,남,14세,부상신고,,,,
2022062100100116,2022년 6월 21일 09시,화요일,부산광역시 연제구 연산동,경상사고,0,0,1,0,차대차 - 측면충돌,직진우회전진행방해,건조,맑음,교차로 - 교차로안,승용,남,76세,상해없음,승용,남,50세,경상
2022062100100155,2022년 6월 21일 10시,화요일,부산광역시 금정구 서동,중상사고,0,1,0,0,차량단독 - 기타,안전운전불이행,건조,맑음,단일로 - 기타,승합,남,52세,상해없음,,,,
2022062100100184,2022년 6월 21일 11시,화요일,부산광역시 북구 덕천동,경상사고,0,0,1,0,차대차 - 기타,안전거리미확보,건조,맑음,단일로 - 기타,승용,여,61세,상해없음,화물,남,39세,경상
2022062100100185,2022년 6월 21일 11시,화요일,부산광역시 강서구 신호동,경상사고,0,0,1,0,차대차 - 측면충돌,안전운전불이행,건조,맑음,단일로 - 기타,특수,남,55세,상해없음,승용,남,54세,경상
2022062100100215,2022년 6월 21일 12시,화요일,부산광역시 해운대구 반송동,경상사고,0,0,1,0,차대사람 - 횡단중,안전운전불이행,건조,맑음,교차로 - 교차로횡단보도내,승용,남,64세,상해없음,보행자,여,39세,경상
2022062100100238,2022년 6월 21일 13시,화요일,부산광역시 부산진구 가야동,경상사고,0,0,1,0,차대차 - 기타,안전거리미확보,건조,맑음,단일로 - 기타,승용,남,38세,상해없음,화물,남,31세,경상
2022062100100239,2022년 6월 21일 13시,화요일,부산광역시 부산진구 연지동,중상사고,0,1,0,0,차대사람 - 기타,보행자보호의무위반,건조,맑음,교차로 - 교차로부근,승용,남,64세,상해없음,보행자,남,79세,중상
2022062100100276,2022년 6월 21일 14시,화요일,부산광역시 동구 범일동,경상사고,0,0,1,0,차대차 - 측면충돌,안전운전불이행,건조,맑음,교차로 - 교차로부근,화물,남,47세,상해없음,승용,남,66세,경상
2022062100100319,2022년 6월 21일 15시,화요일,부산광역시 수영구 민락동,경상사고,0,0,2,0,차대차 - 측면충돌,안전운전불이행,건조,맑음,교차로 - 교차로부근,승용,여,50세,기타불명,승용,남,25세,경상
2022062100100320,2022년 6월 21일 15시,화요일,부산광역시 북구 화명동,경상사고,0,0,1,0,차대차 - 후진중충돌,안전운전불이행,건조,맑음,교차로 - 교차로부근,승용,남,72세,상해없음,이륜,남,28세,경상
2022062100100321,2022년 6월 21일 15시,화요일,부산광역시 부산진구 연지동,중상사고,0,1,0,0,차대사람 - 기타,안전운전불이행,건조,맑음,교차로 - 교차로안,승용,여,44세,상해없음,보행자,여,85세,중상
2022062100100322,2022년 6월 21일 15시,화요일,부산광역시 금정구 장전동,중상사고,0,1,0,0,차대사람 - 기타,안전운전불이행,건조,맑음,단일로 - 기타,승용,남,32세,상해없음,보행자,남,8세,중상
2022062100100323,2022년 6월 21일 15시,화요일,부산광역시 사하구 장림동,중상사고,0,1,0,0,차대사람 - 기타,안전운전불이행,건조,맑음,단일로 - 기타,승용,여,65세,상해없음,보행자,여,74세,중상
2022062100100324,2022년 6월 21일 15시,화요일,부산광역시 사하구 장림동,경상사고,0,0,1,0,차대차 - 기타,안전운전불이행,건조,맑음,교차로 - 교차로안,승용,남,50세,기타불명,승용,여,42세,경상
2022062100100360,2022년 6월 21일 16시,화요일,부산광역시 남구 대연동,경상사고,0,0,1,0,차대차 - 기타,안전운전불이행,건조,맑음,단일로 - 기타,이륜,남,28세,경상,승용,남,47세,상해없음
2022062100100401,2022년 6월 21일 17시,화요일,부산광역시 남구 대연동,경상사고,0,0,1,0,차대차 - 추돌,안전운전불이행,건조,맑음,교차로 - 교차로부근,승용,남,71세,상해없음,승용,남,32세,경상
2022062100100402,2022년 6월 21일 17시,화요일,부산광역시 영도구 영선동2가,경상사고,0,0,2,0,차대차 - 측면충돌,기타,건조,맑음,교차로 - 교차로안,승용,남,45세,경상,승용,남,68세,경상
2022062100100403,2022년 6월 21일 17시,화요일,부산광역시 금정구 장전동,경상사고,0,0,1,0,차대차 - 추돌,안전운전불이행,건조,맑음,단일로 - 기타,원동기,남,16세,경상,승용,여,44세,상해없음
2022062100100404,2022년 6월 21일 17시,화요일,부산광역시 사하구 감천동,중상사고,0,1,0,0,차대차 - 추돌,안전거리미확보,건조,맑음,단일로 - 기타,승용,남,60세,상해없음,승용,여,61세,중상
2022062100100405,2022년 6월 21일 17시,화요일,부산광역시 사상구 감전동,경상사고,0,0,1,0,차대차 - 측면충돌,안전거리미확보,건조,맑음,단일로 - 기타,화물,남,39세,상해없음,승용,남,30세,경상
2022062100100406,2022년 6월 21일 17시,화요일,부산광역시 기장군 기장읍,부상신고사고,0,0,0,1,차대사람 - 횡단중,보행자보호의무위반,건조,맑음,단일로 - 기타,승용,남,49세,상해없음,보행자,남,10세,부상신고
2022062100100458,2022년 6월 21일 18시,화요일,부산광역시 남구 문현동,경상사고,0,0,2,0,차대차 - 측면충돌,안전운전불이행,건조,맑음,단일로 - 기타,승용,여,38세,경상,특수,남,60세,경상
2022062100100459,2022년 6월 21일 18시,화요일,부산광역시 강서구 대저1동,경상사고,0,0,1,0,차대차 - 기타,안전운전불이행,건조,맑음,교차로 - 교차로안,승용,여,58세,상해없음,승용,남,28세,경상
2022062100100495,2022년 6월 21일 19시,화요일,부산광역시 중구 부평동2가,경상사고,0,0,1,0,차대사람 - 기타,안전운전불이행,건조,맑음,단일로 - 기타,승용,남,68세,상해없음,보행자,여,61세,경상
2022062100100496,2022년 6월 21일 19시,화요일,부산광역시 부산진구 부암동,경상사고,0,0,1,0,차대차 - 측면충돌,안전운전불이행,건조,맑음,교차로 - 교차로안,승용,여,53세,상해없음,승용,여,33세,경상
2022062100100527,2022년 6월 21일 20시,화요일,부산광역시 영도구 동삼동,중상사고,0,1,0,0,차대사람 - 기타,안전운전불이행,건조,기타,단일로 - 지하차도(도로)내,승용,남,67세,상해없음,보행자,남,43세,중상
2022062100100577,2022년 6월 21일 22시,화요일,부산광역시 중구 남포동6가,중상사고,0,1,0,0,차대차 - 기타,안전거리미확보,건조,맑음,단일로 - 기타,자전거,남,24세,중상,승용,여,26세,상해없음
2022062100100597,2022년 6월 21일 23시,화요일,부산광역시 서구 서대신동2가,부상신고사고,0,0,0,1,차대차 - 기타,교차로운행방법위반,건조,맑음,교차로 - 교차로안,승용,남,23세,상해없음,승용,남,47세,부상신고
2022062100100598,2022년 6월 21일 23시,화요일,부산광역시 부산진구 초읍동,경상사고,0,0,1,0,차대차 - 기타,안전운전불이행,건조,맑음,교차로 - 교차로안,화물,남,50세,상해없음,승용,남,30세,경상
2022062100100599,2022년 6월 21일 23시,화요일,부산광역시 연제구 연산동,중상사고,0,1,0,0,차대차 - 측면충돌,신호위반,건조,맑음,단일로 - 기타,승용,남,51세,상해없음,이륜,남,32세,중상
2022062200100019,2022년 6월 22일 02시,수요일,부산광역시 사하구 신평동,부상신고사고,0,0,0,1,차량단독 - 기타,안전운전불이행,건조,맑음,단일로 - 기타,이륜,남,44세,부상신고,,,,
2022062200100034,2022년 6월 22일 05시,수요일,부산광역시 서구 충무동1가,중상사고,0,1,0,0,차대차 - 측면충돌,신호위반,건조,맑음,교차로 - 교차로안,승용,남,65세,상해없음,이륜,남,68세,중상
2022062200100035,2022년 6월 22일 05시,수요일,부산광역시 동래구 온천동,경상사고,0,0,1,0,차대차 - 측면충돌,신호위반,건조,맑음,단일로 - 터널,승용,남,22세,상해없음,승합,남,44세,경상
2022062200100043,2022년 6월 22일 06시,수요일,부산광역시 강서구 범방동,경상사고,0,0,1,0,차대차 - 측면충돌,직진우회전진행방해,건조,맑음,교차로 - 교차로안,화물,남,32세,상해없음,건설기계,남,48세,경상
2022062200100091,2022년 6월 22일 08시,수요일,부산광역시 동래구 안락동,경상사고,0,0,1,0,차대차 - 측면충돌,차로위반,건조,맑음,단일로 - 기타,승용,여,42세,상해없음,승용,여,43세,경상
2022062200100092,2022년 6월 22일 08시,수요일,부산광역시 금정구 금사동,경상사고,0,0,1,0,차대차 - 기타,안전운전불이행,건조,맑음,기타 - 기타,승용,남,49세,상해없음,승용,남,55세,경상
2022062200100147,2022년 6월 22일 09시,수요일,부산광역시 강서구 명지동,경상사고,0,0,1,0,차량단독 - 기타,기타,건조,맑음,단일로 - 기타,이륜,남,56세,경상,,,,
2022062200100206,2022년 6월 22일 11시,수요일,부산광역시 부산진구 범천동,중상사고,0,1,0,0,차대차 - 기타,안전운전불이행,건조,맑음,기타 - 기타,화물,남,68세,중상,화물,남,74세,기타불명
2022062200100230,2022년 6월 22일 12시,수요일,부산광역시 해운대구 반송동,중상사고,0,1,0,0,차대차 - 정면충돌,안전운전불이행,건조,맑음,단일로 - 기타,이륜,남,17세,중상,승용,남,33세,상해없음
2022062200100231,2022년 6월 22일 12시,수요일,부산광역시 부산진구 가야동,경상사고,0,0,1,0,차대사람 - 기타,기타,건조,맑음,기타 - 기타,이륜,남,63세,상해없음,보행자,여,19세,경상
2022062200100232,2022년 6월 22일 12시,수요일,부산광역시 연제구 연산동,경상사고,0,0,3,0,차대차 - 기타,차로위반,건조,맑음,단일로 - 기타,승용,여,48세,상해없음,화물,남,58세,상해없음
2022062200100233,2022년 6월 22일 12시,수요일,부산광역시 강서구 명지동,경상사고,0,0,1,0,차대차 - 기타,신호위반,건조,맑음,교차로 - 교차로안,승용,남,63세,상해없음,화물,남,66세,경상
2022062200100264,2022년 6월 22일 13시,수요일,부산광역시 동래구 사직동,부상신고사고,0,0,0,1,차대차 - 기타,안전운전불이행,건조,맑음,교차로 - 교차로횡단보도내,개인형이동수단(PM),남,18세,부상신고,승용,남,50세,상해없음
2022062200100338,2022년 6월 22일 15시,수요일,부산광역시 동구 범일동,경상사고,0,0,1,0,차대사람 - 차도통행중,안전운전불이행,건조,맑음,단일로 - 기타,승용,여,24세,기타불명,보행자,여,66세,경상
2022062200100339,2022년 6월 22일 15시,수요일,부산광역시 기장군 일광읍,중상사고,0,1,1,0,차대차 - 측면충돌,안전거리미확보,건조,맑음,단일로 - 기타,승용,여,42세,중상,승용,여,62세,경상
2022062200100380,2022년 6월 22일 16시,수요일,부산광역시 사상구 모라동,중상사고,0,1,0,0,차대차 - 기타,안전운전불이행,건조,맑음,교차로 - 교차로안,승용,남,35세,상해없음,이륜,남,62세,중상
2022062200100419,2022년 6월 22일 17시,수요일,부산광역시 동래구 온천동,경상사고,0,0,1,0,차대차 - 측면충돌,신호위반,건조,맑음,교차로 - 교차로안,승용,여,34세,상해없음,이륜,남,63세,경상
2022062200100474,2022년 6월 22일 18시,수요일,부산광역시 수영구 광안동,경상사고,0,0,1,0,차대사람 - 횡단중,보행자보호의무위반,건조,맑음,단일로 - 기타,승용,남,38세,상해없음,보행자,남,35세,경상
2022062200100475,2022년 6월 22일 18시,수요일,부산광역시 부산진구 당감동,경상사고,0,0,1,0,차대사람 - 기타,안전운전불이행,건조,맑음,단일로 - 기타,승용,남,62세,상해없음,보행자,남,30세,경상
2022062200100476,2022년 6월 22일 18시,수요일,부산광역시 연제구 연산동,경상사고,0,0,1,0,차대사람 - 기타,안전운전불이행,건조,흐림,단일로 - 기타,승용,남,64세,상해없음,보행자,남,37세,경상
2022062200100477,2022년 6월 22일 18시,수요일,부산광역시 사상구 덕포동,중상사고,0,1,0,0,차대차 - 추돌,안전운전불이행,건조,맑음,교차로 - 교차로부근,이륜,남,41세,중상,승합,남,63세,상해없음
2022062200100522,2022년 6월 22일 19시,수요일,부산광역시 금정구 부곡동,경상사고,0,0,1,0,차대차 - 기타,안전운전불이행,건조,맑음,단일로 - 기타,승용,남,74세,상해없음,승합,남,54세,경상
2022062200100523,2022년 6월 22일 19시,수요일,부산광역시 연제구 연산동,중상사고,0,1,0,0,차대차 - 기타,신호위반,건조,맑음,교차로 - 교차로안,승용,여,38세,상해없음,이륜,남,27세,중상
2022062200100546,2022년 6월 22일 20시,수요일,부산광역시 금정구 회동동,중상사고,0,1,0,0,차대사람 - 차도통행중,안전운전불이행,건조,맑음,단일로 - 기타,승용,여,50세,상해없음,보행자,남,64세,중상
2022062200100547,2022년 6월 22일 20시,수요일,부산광역시 금정구 서동,경상사고,0,0,1,0,차대차 - 추돌,안전운전불이행,건조,맑음,교차로 - 교차로안,승용,여,66세,상해없음,자전거,남,22세,경상
2022062200100578,2022년 6월 22일 21시,수요일,부산광역시 수영구 망미동,중상사고,0,1,0,0,차대차 - 추돌,안전운전불이행,건조,맑음,단일로 - 교량,이륜,남,26세,상해없음,승용,남,48세,중상
2022062200100606,2022년 6월 22일 22시,수요일,부산광역시 수영구 민락동,경상사고,0,0,2,0,차대차 - 측면충돌,안전운전불이행,건조,맑음,교차로 - 교차로안,승용,여,49세,상해없음,승용,남,22세,경상
2022062200100607,2022년 6월 22일 22시,수요일,부산광역시 영도구 동삼동,경상사고,0,0,1,0,차대사람 - 횡단중,안전운전불이행,건조,맑음,교차로 - 교차로안,이륜,남,61세,상해없음,보행자,남,56세,경상
2022062200100608,2022년 6월 22일 22시,수요일,부산광역시 금정구 부곡동,경상사고,0,0,1,0,차대사람 - 기타,안전운전불이행,건조,맑음,기타 - 기타,승용,여,66세,상해없음,보행자,남,44세,경상
2022062200100629,2022년 6월 22일 23시,수요일,부산광역시 사하구 다대동,중상사고,0,1,0,0,차대차 - 측면충돌,직진우회전진행방해,건조,맑음,교차로 - 교차로안,승용,남,66세,상해없음,자전거,남,68세,중상