사고번호,사고일시,요일,시군구,사고내용,사망자수,중상자수,경상자수,부상신고자수,사고유형,법규위반,노면상태,기상상태,도로형태,가해운전자 차종,가해운전자 성별,가해운전자 연령,가해운전자 상해정도,피해운전자 차종,피해운전자 성별,피해운전자 연령,피해운전자 상해정도
2022082600100196,2022년 8월 26일 11시,금요일,부산광역시 남구 문현동,경상사고,0,0,1,0,차대차 - 측면충돌,교차로운행방법위반,건조,맑음,교차로 - 교차로안,특수,남,62세,상해없음,승용,여,37세,경상
2022082600100197,2022년 8월 26일 11시,금요일,부산광역시 동래구 온천동,경상사고,0,0,1,0,차대사람 - 기타,안전운전불이행,건조,맑음,단일로 - 기타,승용,남,26세,상해없음,보행자,남,47세,경상
2022082600100253,2022년 8월 26일 13시,금요일,부산광역시 금정구 부곡동,경상사고,0,0,1,0,차대사람 - 차도통행중,기타,건조,맑음,교차로 - 교차로안,승용,남,62세,상해없음,보행자,남,57세,경상
2022082600100287,2022년 8월 26일 14시,금요일,부산광역시 수영구 남천동,중상사고,0,1,2,0,차대사람 - 횡단중,보행자보호의무위반,건조,맑음,교차로 - 교차로안,화물,남,62세,상해없음,보행자,여,33세,경상
2022082600100288,2022년 8월 26일 14시,금요일,부산광역시 부산진구 부전동,경상사고,0,0,1,0,차대차 - 기타,안전운전불이행,건조,맑음,교차로 - 교차로안,승용,여,56세,상해없음,화물,남,40세,경상
2022082600100289,2022년 8월 26일 14시,금요일,부산광역시 사상구 괘법동,중상사고,0,1,0,0,차대사람 - 길가장자리구역통행중,안전운전불이행,건조,맑음,단일로 - 기타,승용,남,48세,상해없음,보행자,남,10세,중상
2022082600100319,2022년 8월 26일 15시,금요일,부산광역시 남구 대연동,경상사고,0,0,2,0,차대차 - 추돌,안전운전불이행,건조,맑음,단일로 - 터널,승용,여,60세,상해없음,승용,남,23세,경상
2022082600100320,2022년 8월 26일 15시,금요일,부산광역시 남구 우암동,경상사고,0,0,2,0,차대차 - 추돌,불법유턴,건조,맑음,교차로 - 교차로부근,특수,남,43세,상해없음,승용,남,48세,경상
2022082600100321,2022년 8월 26일 15시,금요일,부산광역시 강서구 명지동,경상사고,0,0,1,0,차대사람 - 횡단중,안전운전불이행,건조,맑음,단일로 - 기타,승용,여,66세,상해없음,보행자,남,7세,경상
2022082600100322,2022년 8월 26일 15시,금요일,부산광역시 사상구 학장동,중상사고,0,1,0,0,차대차 - 측면충돌,중앙선침범,건조,맑음,단일로 - 기타,승용,남,55세,상해없음,이륜,남,56세,중상
2022082600100361,2022년 8월 26일 16시,금요일,부산광역시 해운대구 좌동,경상사고,0,0,1,0,차대차 - 추돌,안전운전불이행,건조,맑음,단일로 - 기타,승용,남,61세,상해없음,승용,여,55세,경상
2022082600100362,2022년 8월 26일 16시,금요일,부산광역시 금정구 구서동,경상사고,0,0,1,0,차대사람 - 기타,안전운전불이행,건조,맑음,기타 - 기타,이륜,남,57세,상해없음,보행자,남,8세,경상
2022082600100363,2022년 8월 26일 16시,금요일,부산광역시 금정구 회동동,경상사고,0,0,2,0,차대차 - 기타,교차로운행방법위반,건조,맑음,교차로 - 교차로안,승합,남,43세,경상,화물,남,36세,경상
2022082600100364,2022년 8월 26일 16시,금요일,부산광역시 금정구 장전동,경상사고,0,0,1,0,차대차 - 측면충돌,안전거리미확보,건조,맑음,교차로 - 교차로부근,승용,여,50세,상해없음,승용,남,72세,경상
2022082600100404,2022년 8월 26일 17시,금요일,부산광역시 해운대구 우동,경상사고,0,0,1,0,차대사람 - 횡단중,안전운전불이행,건조,맑음,단일로 - 기타,승용,남,59세,상해없음,보행자,남,74세,경상
2022082600100468,2022년 8월 26일 18시,금요일,부산광역시 동래구 명륜동,경상사고,0,0,1,0,차대사람 - 차도통행중,안전운전불이행,건조,맑음,단일로 - 지하차도(도로)내,승용,여,32세,상해없음,보행자,남,77세,경상
2022082600100469,2022년 8월 26일 18시,금요일,부산광역시 부산진구 부전동,경상사고,0,0,1,0,차대사람 - 기타,안전운전불이행,건조,맑음,단일로 - 기타,승용,남,22세,상해없음,보행자,남,58세,경상
2022082600100515,2022년 8월 26일 19시,금요일,부산광역시 수영구 광안동,중상사고,0,1,0,0,차대차 - 측면충돌,안전운전불이행,건조,맑음,교차로 - 교차로안,승용,남,26세,상해없음,이륜,남,35세,중상
2022082600100561,2022년 8월 26일 20시,금요일,부산광역시 북구 화명동,경상사고,0,0,1,0,차대차 - 기타,기타,건조,맑음,교차로 - 교차로부근,승용,여,49세,상해없음,원동기,남,30세,경상
2022082600100562,2022년 8월 26일 20시,금요일,부산광역시 사하구 괴정동,중상사고,0,1,0,0,차대사람 - 횡단중,안전운전불이행,건조,맑음,단일로 - 기타,이륜,남,35세,상해없음,보행자,여,77세,중상
2022082600100587,2022년 8월 26일 21시,금요일,부산광역시 해운대구 우동,경상사고,0,0,2,0,차대차 - 측면충돌,신호위반,건조,맑음,교차로 - 교차로안,승용,남,52세,상해없음,승용,남,40세,경상
2022082600100588,2022년 8월 26일 21시,금요일,부산광역시 부산진구 가야동,부상신고사고,0,0,0,1,차대차 - 후진중충돌,불법유턴,건조,맑음,단일로 - 기타,승용,남,62세,상해없음,이륜,남,21세,부상신고
2022082600100635,2022년 8월 26일 23시,금요일,부산광역시 북구 덕천동,경상사고,0,0,1,0,차대사람 - 기타,안전운전불이행,건조,맑음,단일로 - 기타,화물,남,53세,상해없음,보행자,남,18세,경상
2022082700100002,2022년 8월 27일 00시,토요일,부산광역시 영도구 남항동2가,경상사고,0,0,1,0,차대차 - 추돌,안전운전불이행,건조,맑음,교차로 - 교차로안,이륜,남,17세,기타불명,승용,남,63세,경상
2022082700100019,2022년 8월 27일 01시,토요일,부산광역시 동래구 온천동,경상사고,0,0,1,0,차대차 - 추돌,안전운전불이행,건조,맑음,교차로 - 교차로부근,화물,남,54세,상해없음,승용,남,70세,경상
2022082700100054,2022년 8월 27일 04시,토요일,부산광역시 부산진구 부전동,경상사고,0,0,1,0,차대사람 - 기타,안전운전불이행,건조,맑음,단일로 - 기타,승용,남,28세,상해없음,보행자,남,21세,경상
2022082700100089,2022년 8월 27일 07시,토요일,부산광역시 강서구 천성동,경상사고,0,0,2,0,차대차 - 추돌,안전운전불이행,건조,맑음,단일로 - 기타,승용,남,35세,상해없음,승용,남,74세,경상
2022082700100105,2022년 8월 27일 08시,토요일,부산광역시 금정구 부곡동,경상사고,0,0,1,0,차대차 - 측면충돌,안전운전불이행,건조,맑음,단일로 - 기타,원동기,남,40세,경상,화물,남,61세,상해없음
2022082700100154,2022년 8월 27일 10시,토요일,부산광역시 동구 범일동,중상사고,0,1,0,0,차대사람 - 기타,안전운전불이행,건조,맑음,단일로 - 기타,승용,여,57세,상해없음,보행자,남,72세,중상
2022082700100155,2022년 8월 27일 10시,토요일,부산광역시 북구 구포동,중상사고,0,1,0,0,차대사람 - 횡단중,보행자보호의무위반,건조,맑음,교차로 - 교차로안,화물,남,56세,상해없음,보행자,남,68세,중상
2022082700100156,2022년 8월 27일 10시,토요일,부산광역시 영도구 동삼동,중상사고,0,1,0,0,차대사람 - 기타,안전운전불이행,건조,맑음,단일로 - 기타,화물,남,52세,상해없음,보행자,남,64세,중상
2022082700100157,2022년 8월 27일 10시,토요일,부산광역시 부산진구 범천동,경상사고,0,0,1,0,차대사람 - 횡단중,안전운전불이행,건조,맑음,교차로 - 교차로횡단보도내,건설기계,남,62세,상해없음,보행자,여,60세,경상
2022082700100158,2022년 8월 27일 10시,토요일,부산광역시 금정구 부곡동,경상사고,0,0,1,0,차대차 - 추돌,안전거리미확보,건조,맑음,단일로 - 기타,화물,남,50세,상해없음,승용,여,26세,경상
2022082700100159,2022년 8월 27일 10시,토요일,부산광역시 사상구 괘법동,중상사고,0,1,1,0,차대차 - 측면충돌,안전운전불이행,건조,맑음,교차로 - 교차로안,화물,남,63세,기타불명,승용,남,31세,경상
2022082700100230,2022년 8월 27일 12시,토요일,부산광역시 사하구 괴정동,경상사고,0,0,1,0,차대차 - 측면충돌,안전운전불이행,건조,맑음,단일로 - 지하차도(도로)내,승용,남,72세,상해없음,이륜,남,38세,경상
2022082700100232,2022년 8월 27일 12시,토요일,부산광역시 연제구 연산동,경상사고,0,0,2,0,차대차 - 측면충돌,안전거리미확보,건조,맑음,단일로 - 기타,승용,남,55세,상해없음,승용,남,25세,경상
2022082700100321,2022년 8월 27일 14시,토요일,부산광역시 수영구 남천동,부상신고사고,0,0,0,1,차대사람 - 기타,안전운전불이행,건조,맑음,교차로 - 교차로안,이륜,남,23세,상해없음,보행자,여,8세,부상신고
2022082700100322,2022년 8월 27일 14시,토요일,부산광역시 남구 문현동,경상사고,0,0,1,0,차대차 - 측면충돌,안전거리미확보,건조,맑음,교차로 - 교차로부근,화물,남,23세,기타불명,승용,남,25세,경상
2022082700100323,2022년 8월 27일 14시,토요일,부산광역시 수영구 수영동,경상사고,0,0,2,0,차대차 - 기타,안전운전불이행,건조,맑음,교차로 - 교차로부근,승용,남,63세,상해없음,승용,남,39세,경상
2022082700100325,2022년 8월 27일 14시,토요일,부산광역시 사하구 괴정동,경상사고,0,0,1,0,차대사람 - 기타,보행자보호의무위반,건조,맑음,단일로 - 기타,승용,남,47세,상해없음,보행자,여,75세,경상
2022082700100326,2022년 8월 27일 14시,토요일,부산광역시 사상구 감전동,경상사고,0,0,1,0,차대차 - 측면충돌,안전운전불이행,건조,맑음,교차로 - 교차로부근,화물,남,70세,기타불명,승용,남,51세,경상
2022082700100361,2022년 8월 27일 15시,토요일,부산광역시 중구 남포동2가,경상사고,0,0,1,0,차대차 - 추돌,안전운전불이행,건조,맑음,단일로 - 기타,승용,남,23세,상해없음,승용,남,68세,경상
2022082700100411,2022년 8월 27일 16시,토요일,부산광역시 서구 서대신동3가,경상사고,0,0,1,0,차대사람 - 길가장자리구역통행중,안전운전불이행,건조,맑음,단일로 - 기타,승용,여,46세,상해없음,보행자,남,62세,경상
2022082700100413,2022년 8월 27일 16시,토요일,부산광역시 부산진구 부전동,경상사고,0,0,1,0,차대차 - 측면충돌,안전거리미확보,건조,맑음,기타 - 기타,화물,남,24세,상해없음,원동기,남,44세,경상
2022082700100454,2022년 8월 27일 17시,토요일,부산광역시 동래구 안락동,경상사고,0,0,1,0,차대사람 - 보도통행중,기타,건조,맑음,단일로 - 기타,개인형이동수단(PM),남,16세,상해없음,보행자,남,30세,경상
2022082700100455,2022년 8월 27일 17시,토요일,부산광역시 연제구 연산동,경상사고,0,0,1,0,차대차 - 측면충돌,신호위반,건조,맑음,교차로 - 교차로안,승용,남,27세,상해없음,승용,남,67세,경상
2022082700100495,2022년 8월 27일 18시,토요일,부산광역시 영도구 청학동,경상사고,0,0,3,0,차대차 - 기타,안전운전불이행,건조,맑음,기타 - 기타,이륜,남,65세,상해없음,승용,남,39세,경상
2022082700100541,2022년 8월 27일 19시,토요일,부산광역시 동래구 온천동,경상사고,0,0,1,0,차대차 - 측면충돌,신호위반,건조,맑음,교차로 - 교차로안,승용,남,31세,상해없음,이륜,남,54세,경상
2022082700100542,2022년 8월 27일 19시,토요일,부산광역시 부산진구 개금동,경상사고,0,0,2,0,차대차 - 측면충돌,신호위반,건조,맑음,교차로 - 교차로안,기타불명,기타불명,미분류,기타불명,화물,남,29세,경상
2022082700100543,2022년 8월 27일 19시,토요일,부산광역시 금정구 부곡동,경상사고,0,0,1,0,차대사람 - 횡단중,보행자보호의무위반,건조,맑음,단일로 - 기타,자전거,남,14세,상해없음,보행자,여,72세,경상
2022082700100544,2022년 8월 27일 19시,토요일,부산광역시 금정구 서동,부상신고사고,0,0,0,1,차대사람 - 기타,안전운전불이행,건조,맑음,기타 - 기타,승용,남,45세,상해없음,보행자,남,64세,부상신고
2022082700100545,2022년 8월 27일 19시,토요일,부산광역시 연제구 연산동,중상사고,0,1,0,0,차대차 - 기타,안전운전불이행,건조,맑음,단일로 - 기타,승용,남,59세,상해없음,이륜,남,31세,중상
2022082700100569,2022년 8월 27일 20시,토요일,부산광역시 서구 암남동,경상사고,0,0,1,0,차량단독 - 기타,안전운전불이행,건조,맑음,단일로 - 기타,승합,남,59세,상해없음,,,,
2022082700100570,2022년 8월 27일 20시,토요일,부산광역시 부산진구 초읍동,중상사고,0,1,0,0,차대사람 - 횡단중,안전운전불이행,건조,맑음,교차로 - 교차로횡단보도내,승용,여,47세,상해없음,보행자,남,40세,중상
2022082700100571,2022년 8월 27일 20시,토요일,부산광역시 사하구 신평동,중상사고,0,1,0,0,차대차 - 기타,안전거리미확보,건조,맑음,단일로 - 기타,이륜,남,57세,중상,승용,남,66세,상해없음
2022082800100002,2022년 8월 28일 00시,일요일,부산광역시 서구 남부민동,경상사고,0,0,2,0,차대차 - 측면충돌,안전운전불이행,건조,맑음,단일로 - 기타,승용,남,21세,기타불명,승용,남,38세,경상
2022082800100016,2022년 8월 28일 01시,일요일,부산광역시 기장군 기장읍,경상사고,0,0,2,0,차대차 - 측면충돌,신호위반,건조,맑음,교차로 - 교차로안,이륜,남,19세,상해없음,승용,남,36세,경상
2022082800100037,2022년 8월 28일 03시,일요일,부산광역시 부산진구 양정동,중상사고,0,1,1,0,차대사람 - 횡단중,안전운전불이행,건조,맑음,교차로 - 교차로횡단보도내,승용,남,58세,상해없음,보행자,남,57세,중상
2022082800100086,2022년 8월 28일 09시,일요일,부산광역시 수영구 광안동,경상사고,0,0,2,0,차대차 - 측면충돌,안전운전불이행,건조,맑음,단일로 - 기타,승용,남,33세,경상,승용,여,20세,경상
2022082800100087,2022년 8월 28일 09시,일요일,부산광역시 북구 화명동,경상사고,0,0,1,0,차대차 - 기타,안전거리미확보,건조,맑음,교차로 - 교차로안,승용,여,56세,상해없음,승용,남,40세,경상
2022082800100088,2022년 8월 28일 09시,일요일,부산광역시 금정구 부곡동,경상사고,0,0,1,0,차대차 - 측면충돌,기타,건조,맑음,교차로 - 교차로안,승용,남,64세,상해없음,승용,여,24세,상해없음
2022082800100109,2022년 8월 28일 10시,일요일,부산광역시 부산진구 가야동,경상사고,0,0,1,0,차대차 - 기타,안전거리미확보,건조,맑음,기타 - 기타,승용,남,36세,상해없음,이륜,남,29세,경상
2022082800100111,2022년 8월 28일 10시,일요일,부산광역시 사하구 당리동,경상사고,0,0,1,0,차대차 - 기타,안전운전불이행,건조,맑음,단일로 - 기타,이륜,남,30세,경상,승용,남,66세,상해없음
2022082800100137,2022년 8월 28일 11시,일요일,부산광역시 연제구 거제동,중상사고,0,1,0,0,차대사람 - 기타,안전운전불이행,건조,맑음,단일로 - 기타,승용,남,69세,상해없음,보행자,여,79세,중상
2022082800100138,2022년 8월 28일 11시,일요일,부산광역시 연제구 연산동,경상사고,0,0,1,0,차대차 - 추돌,신호위반,건조,맑음,교차로 - 교차로안,승용,남,31세,상해없음,이륜,남,21세,경상
2022082800100139,2022년 8월 28일 11시,일요일,부산광역시 강서구 대저1동,경상사고,0,0,4,0,차대차 - 추돌,안전거리미확보,건조,맑음,단일로 - 기타,승용,남,59세,상해없음,승용,남,41세,경상
2022082800100170,2022년 8월 28일 12시,일요일,부산광역시 해운대구 반송동,경상사고,0,0,1,0,차대차 - 추돌,안전운전불이행,건조,흐림,단일로 - 기타,화물,남,66세,상해없음,승용,남,28세,경상
2022082800100240,2022년 8월 28일 14시,일요일,부산광역시 남구 문현동,경상사고,0,0,1,0,차대차 - 기타,안전거리미확보,건조,맑음,교차로 - 교차로부근,승용,여,45세,상해없음,승용,남,83세,경상
2022082800100273,2022년 8월 28일 15시,일요일,부산광역시 부산진구 부암동,경상사고,0,0,4,1,차대차 - 측면충돌,안전거리미확보,건조,맑음,교차로 - 교차로부근,승용,여,51세,경상,승용,남,39세,경상
2022082800100274,2022년 8월 28일 15시,일요일,부산광역시 금정구 부곡동,경상사고,0,0,3,0,차대차 - 기타,중앙선침범,건조,맑음,교차로 - 교차로부근,이륜,남,33세,상해없음,승용,남,26세,경상
2022082800100275,2022년 8월 28일 15시,일요일,부산광역시 금정구 구서동,경상사고,0,0,1,0,차대사람 - 기타,안전운전불이행,건조,맑음,교차로 - 교차로부근,승용,남,67세,상해없음,보행자,남,48세,경상
2022082800100309,2022년 8월 28일 16시,일요일,부산광역시 중구 중앙동7가,중상사고,0,1,0,0,차대사람 - 횡단중,보행자보호의무위반,건조,맑음,교차로 - 교차로부근,화물,남,38세,상해없음,보행자,남,69세,중상
2022082800100310,2022년 8월 28일 16시,일요일,부산광역시 부산진구 전포동,경상사고,0,0,1,0,차대차 - 측면충돌,교차로운행방법위반,건조,맑음,교차로 - 교차로부근,승용,남,51세,기타불명,승용,남,29세,경상
2022082800100340,2022년 8월 28일 17시,일요일,부산광역시 동래구 안락동,중상사고,0,1,0,0,차대차 - 측면충돌,신호위반,건조,맑음,교차로 - 교차로안,승용,여,51세,상해없음,원동기,남,26세,중상
2022082800100341,2022년 8월 28일 17시,일요일,부산광역시 연제구 거제동,경상사고,0,0,2,0,차대차 - 추돌,안전운전불이행,건조,맑음,교차로 - 교차로부근,승용,남,42세,상해없음,승용,남,67세,경상
2022082800100405,2022년 8월 28일 19시,일요일,부산광역시 남구 문현동,경상사고,0,0,1,0,차대차 - 기타,안전거리미확보,건조,맑음,기타 - 기타,승용,남,59세,상해없음,이륜,남,35세,경상
2022082800100478,2022년 8월 28일 22시,일요일,부산광역시 부산진구 부전동,부상신고사고,0,0,0,1,차대차 - 추돌,안전운전불이행,건조,맑음,단일로 - 기타,승용,남,27세,상해없음,이륜,남,40세,부상신고
2022082800100479,2022년 8월 28일 22시,일요일,부산광역시 기장군 일광읍,경상사고,0,0,1,0,차대사람 - 횡단중,보행자보호의무위반,건조,맑음,단일로 - 기타,승용,남,30세,상해없음,보행자,남,28세,경상
2022082900100003,2022년 8월 29일 00시,월요일,부산광역시 부산진구 범천동,경상사고,0,0,1,0,차대사람 - 횡단중,안전운전불이행,건조,맑음,단일로 - 기타,승용,남,75세,상해없음,보행자,여,44세,경상
2022082900100004,2022년 8월 29일 00시,월요일,부산광역시 부산진구 부전동,경상사고,0,0,2,0,차대차 - 기타,안전운전불이행,건조,맑음,교차로 - 교차로안,승용,남,26세,상해없음,승용,남,40세,경상
2022082900100027,2022년 8월 29일 05시,월요일,부산광역시 남구 대연동,중상사고,0,1,0,0,차대사람 - 보도통행중,보행자보호의무위반,건조,맑음,교차로 - 교차로횡단보도내,승용,남,42세,상해없음,보행자,여,83세,중상
2022082900100138,2022년 8월 29일 09시,월요일,부산광역시 부산진구 가야동,경상사고,0,0,2,0,차대차 - 측면충돌,안전거리미확보,건조,맑음,단일로 - 기타,승용,여,41세,경상,승용,남,68세,경상
2022082900100164,2022년 8월 29일 10시,월요일,부산광역시 부산진구 부전동,경상사고,0,0,1,0,차대차 - 기타,안전거리미확보,건조,맑음,단일로 - 기타,승용,남,61세,상해없음,승용,남,43세,상해없음
2022082900100192,2022년 8월 29일 11시,월요일,부산광역시 사상구 괘법동,중상사고,0,1,0,0,차대차 - 기타,안전운전불이행,건조,맑음,단일로 - 기타,승용,여,24세,중상,이륜,남,43세,상해없음
2022082900100193,2022년 8월 29일 11시,월요일,부산광역시 사상구 학장동,경상사고,0,0,1,0,차대차 - 측면충돌,차로위반,건조,맑음,단일로 - 기타,승용,남,58세,상해없음,승용,남,24세,경상
2022082900100233,2022년 8월 29일 12시,월요일,부산광역시 금정구 구서동,경상사고,0,0,1,0,차대사람 - 횡단중,안전운전불이행,건조,맑음,교차로 - 교차로안,승용,남,57세,상해없음,보행자,여,72세,경상
2022082900100268,2022년 8월 29일 13시,월요일,부산광역시 서구 서대신동1가,경상사고,0,0,3,0,차대차 - 측면충돌,안전운전불이행,건조,맑음,교차로 - 교차로안,화물,남,64세,상해없음,승합,남,50세,경상
2022082900100305,2022년 8월 29일 14시,월요일,부산광역시 남구 대연동,경상사고,0,0,1,0,차대차 - 기타,안전운전불이행,건조,맑음,교차로 - 교차로부근,승용,여,71세,상해없음,승합,남,29세,경상
2022082900100306,2022년 8월 29일 14시,월요일,부산광역시 해운대구 재송동,중상사고,0,1,0,0,차대차 - 추돌,안전거리미확보,건조,흐림,단일로 - 기타,승용,남,48세,상해없음,승합,남,46세,중상
2022082900100307,2022년 8월 29일 14시,월요일,부산광역시 강서구 녹산동,중상사고,0,2,0,0,차대사람 - 차도통행중,안전운전불이행,건조,맑음,교차로 - 교차로부근,화물,남,40세,중상,보행자,여,70세,중상
2022082900100337,2022년 8월 29일 15시,월요일,부산광역시 동구 초량동,경상사고,0,0,1,0,차대차 - 측면충돌,안전거리미확보,건조,맑음,단일로 - 기타,승합,남,29세,상해없음,승용,남,23세,경상
2022082900100338,2022년 8월 29일 15시,월요일,부산광역시 동래구 명륜동,경상사고,0,0,1,0,차대차 - 측면충돌,중앙선침범,건조,맑음,단일로 - 지하차도(도로)내,승용,남,68세,상해없음,승용,남,42세,경상
2022082900100339,2022년 8월 29일 15시,월요일,부산광역시 해운대구 우동,경상사고,0,0,3,0,차대차 - 추돌,교차로운행방법위반,건조,맑음,교차로 - 교차로안,승용,남,62세,상해없음,승용,여,44세,경상
2022082900100340,2022년 8월 29일 15시,월요일,부산광역시 부산진구 당감동,중상사고,0,1,5,0,차대차 - 기타,안전운전불이행,건조,맑음,단일로 - 기타,화물,남,61세,중상,승용,남,71세,상해없음
2022082900100371,2022년 8월 29일 16시,월요일,부산광역시 부산진구 부전동,경상사고,0,0,1,0,차대사람 - 횡단중,보행자보호의무위반,건조,맑음,교차로 - 교차로횡단보도내,화물,남,21세,상해없음,보행자,남,54세,경상
2022082900100407,2022년 8월 29일 17시,월요일,부산광역시 동구 초량동,경상사고,0,0,1,0,차대차 - 기타,안전운전불이행,건조,맑음,교차로 - 교차로안,승용,여,52세,경상,화물,남,50세,상해없음
2022082900100408,2022년 8월 29일 17시,월요일,부산광역시 북구 구포동,부상신고사고,0,0,0,1,차대차 - 기타,차로위반,건조,맑음,교차로 - 교차로부근,승용,남,58세,상해없음,승용,남,68세,부상신고
2022082900100410,2022년 8월 29일 17시,월요일,부산광역시 기장군 정관읍,중상사고,0,1,1,0,차대차 - 기타,직진우회전진행방해,건조,맑음,교차로 - 교차로안,이륜,남,29세,중상,승용,남,58세,경상
2022082900100454,2022년 8월 29일 18시,월요일,부산광역시 강서구 신호동,중상사고,0,1,1,0,차대차 - 측면충돌,안전운전불이행,건조,맑음,단일로 - 기타,이륜,남,37세,중상,승용,남,30세,경상
2022082900100455,2022년 8월 29일 18시,월요일,부산광역시 사상구 학장동,경상사고,0,0,1,0,차대차 - 측면충돌,안전운전불이행,건조,맑음,단일로 - 기타,승합,남,70세,상해없음,승용,남,43세,경상
2022082900100494,2022년 8월 29일 19시,월요일,부산광역시 부산진구 개금동,중상사고,0,1,0,0,차대차 - 기타,신호위반,건조,맑음,교차로 - 교차로안,이륜,남,53세,상해없음,승용,남,55세,중상
2022082900100578,2022년 8월 29일 22시,월요일,부산광역시 금정구 구서동,중상사고,0,1,0,0,차대차 - 측면충돌,안전운전불이행,건조,맑음,기타 - 기타,승용,남,48세,기타불명,승용,여,53세,중상
2022082900100603,2022년 8월 29일 23시,월요일,부산광역시 부산진구 부암동,중상사고,0,1,0,0,차대사람 - 횡단중,안전운전불이행,건조,맑음,교차로 - 교차로안,승용,여,48세,상해없음,보행자,여,68세,중상
2022083000100002,2022년 8월 30일 00시,화요일,부산광역시 북구 만덕동,중상사고,0,1,1,0,차대차 - 추돌,안전운전불이행,건조,맑음,단일로 - 기타,승용,남,66세,상해없음,승용,남,67세,경상
2022083000100003,2022년 8월 30일 00시,화요일,부산광역시 북구 구포동,경상사고,0,0,1,0,차대차 - 추돌,기타,건조,맑음,기타 - 기타,승용,남,71세,상해없음,승용,남,24세,경상
2022083000100022,2022년 8월 30일 02시,화요일,부산광역시 수영구 광안동,경상사고,0,0,3,0,차대차 - 후진중충돌,안전운전불이행,건조,맑음,단일로 - 기타,승용,남,29세,상해없음,승용,남,48세,경상
2022083000100063,2022년 8월 30일 07시,화요일,부산광역시 사하구 장림동,경상사고,0,0,1,0,차대차 - 측면충돌,안전거리미확보,건조,맑음,단일로 - 기타,화물,남,25세,상해없음,승용,남,43세,경상
2022083000100064,2022년 8월 30일 07시,화요일,부산광역시 강서구 구랑동,경상사고,0,0,2,0,차대차 - 기타,신호위반,건조,맑음,교차로 - 교차로안,승용,남,43세,기타불명,승용,남,64세,기타불명
2022083000100091,2022년 8월 30일 08시,화요일,부산광역시 북구 화명동,경상사고,0,0,4,0,차대차 - 기타,안전운전불이행,건조,맑음,교차로 - 교차로부근,승용,남,64세,상해없음,승용,남,31세,경상
2022083000100136,2022년 8월 30일 09시,화요일,부산광역시 영도구 청학동,사망사고,1,0,0,0,차대사람 - 기타,안전운전불이행,건조,맑음,단일로 - 기타,건설기계,남,56세,상해없음,보행자,여,95세,사망
2022083000100138,2022년 8월 30일 09시,화요일,부산광역시 강서구 범방동,경상사고,0,0,2,0,차대차 - 추돌,안전운전불이행,건조,맑음,단일로 - 기타,승용,남,75세,상해없음,승용,남,38세,경상
2022083000100165,2022년 8월 30일 10시,화요일,부산광역시 남구 문현동,경상사고,0,0,1,0,차대차 - 기타,안전운전불이행,건조,맑음,단일로 - 기타,승용,남,55세,상해없음,승합,남,65세,상해없음
2022083000100166,2022년 8월 30일 10시,화요일,부산광역시 부산진구 전포동,중상사고,0,1,0,0,차대사람 - 기타,기타,건조,맑음,단일로 - 기타,승합,남,58세,상해없음,보행자,여,26세,중상
2022083000100195,2022년 8월 30일 11시,화요일,부산광역시 동래구 안락동,경상사고,0,0,1,0,차대차 - 측면충돌,안전운전불이행,건조,맑음,교차로 - 교차로안,승용,여,59세,기타불명,원동기,남,26세,경상
2022083000100196,2022년 8월 30일 11시,화요일,부산광역시 수영구 수영동,경상사고,0,0,1,0,차대사람 - 기타,안전운전불이행,건조,맑음,단일로 - 기타,화물,남,77세,상해없음,보행자,남,63세,경상
2022083000100256,2022년 8월 30일 13시,화요일,부산광역시 부산진구 전포동,경상사고,0,0,1,0,차대차 - 측면충돌,기타,건조,맑음,단일로 - 기타,화물,남,41세,상해없음,승용,여,36세,경상
2022083000100257,2022년 8월 30일 13시,화요일,부산광역시 강서구 생곡동,경상사고,0,0,1,0,차대차 - 측면충돌,안전운전불이행,건조,맑음,교차로 - 교차로안,건설기계,남,58세,상해없음,승용,남,35세,경상
2022083000100258,2022년 8월 30일 13시,화요일,부산광역시 강서구 범방동,중상사고,0,1,0,0,차대차 - 기타,안전운전불이행,건조,맑음,교차로 - 교차로부근,화물,남,59세,상해없음,화물,남,39세,중상
2022083000100288,2022년 8월 30일 14시,화요일,부산광역시 수영구 수영동,경상사고,0,0,1,0,차대차 - 측면충돌,신호위반,건조,맑음,단일로 - 기타,승용,남,63세,상해없음,이륜,남,31세,경상
2022083000100318,2022년 8월 30일 15시,화요일,부산광역시 동구 좌천동,중상사고,0,1,2,0,차대차 - 기타,안전운전불이행,건조,맑음,단일로 - 기타,승용,남,60세,경상,특수,남,51세,경상
2022083000100319,2022년 8월 30일 15시,화요일,부산광역시 강서구 화전동,중상사고,0,1,0,0,차대차 - 측면충돌,신호위반,젖음/습기,비,교차로 - 교차로안,승용,남,32세,상해없음,이륜,남,30세,중상
2022083000100320,2022년 8월 30일 15시,화요일,부산광역시 강서구 녹산동,중상사고,0,1,0,0,차대차 - 측면충돌,안전운전불이행,건조,맑음,단일로 - 지하차도(도로)내,화물,남,66세,상해없음,승용,남,65세,중상
2022083000100355,2022년 8월 30일 16시,화요일,부산광역시 북구 만덕동,경상사고,0,0,1,0,차대사람 - 횡단중,기타,건조,맑음,교차로 - 교차로횡단보도내,승용,여,57세,상해없음,보행자,여,57세,경상
2022083000100356,2022년 8월 30일 16시,화요일,부산광역시 강서구 명지동,경상사고,0,0,1,0,차대차 - 측면충돌,신호위반,젖음/습기,비,교차로 - 교차로안,이륜,남,32세,상해없음,승용,여,33세,경상