사고번호,사고일시,요일,시군구,사고내용,사망자수,중상자수,경상자수,부상신고자수,사고유형,법규위반,노면상태,기상상태,도로형태,가해운전자 차종,가해운전자 성별,가해운전자 연령,가해운전자 상해정도,피해운전자 차종,피해운전자 성별,피해운전자 연령,피해운전자 상해정도
2022090300100244,2022년 9월 3일 12시,토요일,부산광역시 수영구 광안동,중상사고,0,1,0,0,차대차 - 측면충돌,신호위반,건조,맑음,교차로 - 교차로부근,승용,남,38세,상해없음,이륜,남,43세,중상
2022090300100245,2022년 9월 3일 12시,토요일,부산광역시 동래구 온천동,경상사고,0,0,1,0,차대차 - 측면충돌,안전운전불이행,건조,맑음,단일로 - 기타,승용,남,49세,상해없음,이륜,남,53세,경상
2022090300100285,2022년 9월 3일 13시,토요일,부산광역시 남구 문현동,중상사고,0,1,0,0,차대사람 - 횡단중,안전운전불이행,건조,맑음,단일로 - 기타,이륜,남,21세,상해없음,보행자,남,8세,중상
2022090300100286,2022년 9월 3일 13시,토요일,부산광역시 부산진구 부암동,경상사고,0,0,1,1,차대차 - 추돌,안전거리미확보,건조,기타,단일로 - 터널,승용,남,61세,상해없음,화물,남,31세,부상신고
2022090300100287,2022년 9월 3일 13시,토요일,부산광역시 연제구 연산동,경상사고,0,0,2,0,차대차 - 기타,안전운전불이행,건조,흐림,단일로 - 기타,승용,남,32세,상해없음,승용,여,57세,경상
2022090300100335,2022년 9월 3일 14시,토요일,부산광역시 연제구 연산동,부상신고사고,0,0,0,1,차대차 - 기타,중앙선침범,건조,흐림,단일로 - 기타,이륜,남,58세,상해없음,승용,남,41세,상해없음
2022090300100370,2022년 9월 3일 15시,토요일,부산광역시 부산진구 부전동,부상신고사고,0,0,0,1,차대차 - 측면충돌,안전운전불이행,젖음/습기,비,단일로 - 기타,자전거,남,89세,부상신고,승용,남,67세,상해없음
2022090300100371,2022년 9월 3일 15시,토요일,부산광역시 부산진구 초읍동,경상사고,0,0,1,0,차대차 - 기타,차로위반,건조,맑음,단일로 - 기타,화물,남,65세,상해없음,승용,여,49세,경상
2022090300100372,2022년 9월 3일 15시,토요일,부산광역시 사하구 당리동,경상사고,0,0,1,0,차대차 - 기타,안전운전불이행,젖음/습기,비,교차로 - 교차로부근,승용,남,72세,상해없음,승용,남,55세,경상
2022090300100373,2022년 9월 3일 15시,토요일,부산광역시 연제구 연산동,경상사고,0,0,1,0,차대차 - 기타,안전운전불이행,젖음/습기,흐림,단일로 - 기타,승용,여,67세,상해없음,원동기,남,38세,경상
2022090300100410,2022년 9월 3일 16시,토요일,부산광역시 서구 암남동,경상사고,0,0,2,0,차대차 - 측면충돌,안전거리미확보,젖음/습기,비,교차로 - 교차로부근,승용,남,68세,상해없음,승용,남,48세,경상
2022090300100435,2022년 9월 3일 17시,토요일,부산광역시 해운대구 좌동,경상사고,0,0,1,0,차대차 - 측면충돌,안전거리미확보,젖음/습기,흐림,교차로 - 교차로부근,승용,남,48세,상해없음,승용,남,61세,경상
2022090300100436,2022년 9월 3일 17시,토요일,부산광역시 부산진구 부암동,경상사고,0,0,1,0,차대차 - 측면충돌,안전거리미확보,젖음/습기,비,교차로 - 교차로부근,승용,남,68세,상해없음,이륜,남,25세,경상
2022090300100477,2022년 9월 3일 18시,토요일,부산광역시 서구 서대신동2가,경상사고,0,0,4,0,차대차 - 추돌,안전운전불이행,젖음/습기,비,단일로 - 터널,원동기,남,19세,경상,승용,여,53세,경상
2022090300100478,2022년 9월 3일 18시,토요일,부산광역시 금정구 부곡동,경상사고,0,0,1,0,차대차 - 기타,신호위반,젖음/습기,맑음,단일로 - 터널,승용,남,72세,상해없음,승용,남,34세,경상
2022090300100511,2022년 9월 3일 19시,토요일,부산광역시 연제구 연산동,중상사고,0,1,0,0,차대차 - 기타,신호위반,젖음/습기,흐림,교차로 - 교차로안,이륜,남,30세,상해없음,이륜,남,48세,중상
2022090300100544,2022년 9월 3일 20시,토요일,부산광역시 강서구 대저1동,중상사고,0,1,1,0,차대차 - 기타,안전거리미확보,건조,맑음,단일로 - 기타,승용,여,47세,상해없음,승용,남,39세,중상
2022090300100562,2022년 9월 3일 21시,토요일,부산광역시 북구 화명동,중상사고,0,1,0,0,차대차 - 기타,안전운전불이행,건조,맑음,단일로 - 기타,승용,남,50세,상해없음,승용,남,28세,중상
2022090300100563,2022년 9월 3일 21시,토요일,부산광역시 부산진구 범전동,경상사고,0,0,1,0,차대차 - 기타,안전운전불이행,젖음/습기,비,교차로 - 교차로부근,승용,남,56세,상해없음,승용,여,47세,경상
2022090300100564,2022년 9월 3일 21시,토요일,부산광역시 사하구 괴정동,경상사고,0,0,1,0,차대사람 - 길가장자리구역통행중,안전운전불이행,젖음/습기,비,단일로 - 기타,승용,여,51세,상해없음,보행자,여,49세,경상
2022090300100565,2022년 9월 3일 21시,토요일,부산광역시 사상구 괘법동,경상사고,0,0,1,0,차대차 - 측면충돌,안전운전불이행,젖음/습기,비,교차로 - 교차로안,승용,남,36세,상해없음,원동기,남,60세,경상
2022090300100589,2022년 9월 3일 22시,토요일,부산광역시 기장군 기장읍,경상사고,0,0,3,0,차대차 - 추돌,안전운전불이행,젖음/습기,비,단일로 - 기타,승용,여,38세,상해없음,승용,남,24세,경상
2022090300100617,2022년 9월 3일 23시,토요일,부산광역시 남구 대연동,경상사고,0,0,2,0,차대차 - 추돌,안전운전불이행,젖음/습기,비,단일로 - 기타,승용,남,40세,상해없음,승용,남,60세,경상
2022090300100618,2022년 9월 3일 23시,토요일,부산광역시 영도구 대교동1가,경상사고,0,0,2,0,차대사람 - 기타,안전운전불이행,젖음/습기,비,교차로 - 교차로부근,이륜,남,64세,상해없음,보행자,남,47세,경상
2022090400100025,2022년 9월 4일 02시,일요일,부산광역시 부산진구 부암동,경상사고,0,0,1,0,차대차 - 측면충돌,신호위반,젖음/습기,비,단일로 - 기타,승용,남,69세,상해없음,승용,남,55세,경상
2022090400100036,2022년 9월 4일 03시,일요일,부산광역시 해운대구 재송동,중상사고,0,1,0,0,차량단독 - 공작물충돌,기타,건조,흐림,단일로 - 기타,승용,남,54세,상해없음,,,,
2022090400100058,2022년 9월 4일 06시,일요일,부산광역시 해운대구 좌동,경상사고,0,0,1,0,차대차 - 기타,기타,기타,맑음,단일로 - 기타,승용,남,25세,상해없음,화물,남,28세,상해없음
2022090400100070,2022년 9월 4일 08시,일요일,부산광역시 동구 범일동,경상사고,0,0,2,0,차대차 - 기타,안전운전불이행,젖음/습기,비,단일로 - 기타,승용,남,64세,상해없음,승용,남,68세,경상
2022090400100086,2022년 9월 4일 09시,일요일,부산광역시 사상구 모라동,부상신고사고,0,0,0,1,차대차 - 정면충돌,신호위반,건조,맑음,교차로 - 교차로안,승용,남,63세,상해없음,승용,남,44세,부상신고
2022090400100097,2022년 9월 4일 10시,일요일,부산광역시 수영구 광안동,경상사고,0,0,1,0,차대차 - 추돌,안전거리미확보,건조,맑음,단일로 - 터널,승합,남,66세,상해없음,승용,남,67세,상해없음
2022090400100098,2022년 9월 4일 10시,일요일,부산광역시 동래구 사직동,중상사고,0,1,0,0,차대사람 - 횡단중,신호위반,젖음/습기,비,교차로 - 교차로안,승용,여,55세,상해없음,보행자,남,10세,중상
2022090400100099,2022년 9월 4일 10시,일요일,부산광역시 해운대구 좌동,경상사고,0,0,2,0,차대차 - 추돌,안전운전불이행,건조,맑음,단일로 - 기타,승용,여,38세,기타불명,승용,남,61세,경상
2022090400100100,2022년 9월 4일 10시,일요일,부산광역시 금정구 서동,경상사고,0,0,1,0,차대차 - 측면충돌,직진우회전진행방해,건조,맑음,교차로 - 교차로안,승용,여,26세,상해없음,화물,남,66세,경상
2022090400100101,2022년 9월 4일 10시,일요일,부산광역시 사하구 신평동,경상사고,0,0,3,0,차대차 - 측면충돌,직진우회전진행방해,건조,맑음,교차로 - 교차로안,이륜,남,61세,경상,승용,남,38세,경상
2022090400100102,2022년 9월 4일 10시,일요일,부산광역시 기장군 일광읍,경상사고,0,0,1,0,차대사람 - 보도통행중,보행자보호의무위반,건조,맑음,단일로 - 기타,승용,남,66세,상해없음,보행자,남,82세,경상
2022090400100119,2022년 9월 4일 11시,일요일,부산광역시 사하구 하단동,경상사고,0,0,3,0,차대차 - 측면충돌,직진우회전진행방해,건조,맑음,교차로 - 교차로안,승용,여,38세,상해없음,승용,남,34세,상해없음
2022090400100154,2022년 9월 4일 12시,일요일,부산광역시 중구 부평동2가,중상사고,0,1,0,0,차대사람 - 기타,안전운전불이행,건조,맑음,단일로 - 기타,승용,여,57세,상해없음,보행자,여,67세,중상
2022090400100155,2022년 9월 4일 12시,일요일,부산광역시 금정구 구서동,경상사고,0,0,1,0,차대차 - 기타,신호위반,건조,맑음,교차로 - 교차로안,이륜,남,30세,경상,승용,여,52세,상해없음
2022090400100218,2022년 9월 4일 14시,일요일,부산광역시 사하구 하단동,경상사고,0,0,1,0,차대차 - 측면충돌,교차로운행방법위반,건조,맑음,교차로 - 교차로안,승용,남,64세,상해없음,승합,남,48세,경상
2022090400100248,2022년 9월 4일 15시,일요일,부산광역시 남구 대연동,경상사고,0,0,1,0,차대차 - 기타,안전운전불이행,건조,맑음,단일로 - 기타,승용,여,39세,상해없음,승용,여,31세,경상
2022090400100286,2022년 9월 4일 16시,일요일,부산광역시 남구 대연동,경상사고,0,0,1,0,차대차 - 측면충돌,교차로운행방법위반,건조,맑음,교차로 - 교차로부근,승용,남,75세,상해없음,승용,남,77세,경상
2022090400100287,2022년 9월 4일 16시,일요일,부산광역시 수영구 망미동,경상사고,0,0,2,0,차대차 - 기타,신호위반,건조,맑음,교차로 - 교차로안,승용,남,27세,상해없음,승용,여,49세,경상
2022090400100321,2022년 9월 4일 17시,일요일,부산광역시 동구 초량동,경상사고,0,0,2,0,차대차 - 측면충돌,교차로운행방법위반,건조,맑음,교차로 - 교차로안,승용,남,62세,상해없음,승용,남,60세,경상
2022090400100322,2022년 9월 4일 17시,일요일,부산광역시 부산진구 범천동,중상사고,0,1,0,0,차대사람 - 기타,안전운전불이행,건조,맑음,단일로 - 기타,승용,남,57세,상해없음,보행자,남,65세,중상
2022090400100348,2022년 9월 4일 18시,일요일,부산광역시 서구 암남동,경상사고,0,0,2,0,차대차 - 기타,안전운전불이행,건조,맑음,단일로 - 기타,승용,남,44세,상해없음,승용,남,31세,경상
2022090400100371,2022년 9월 4일 19시,일요일,부산광역시 부산진구 가야동,경상사고,0,0,1,0,차대차 - 추돌,안전운전불이행,건조,맑음,교차로 - 교차로부근,이륜,남,27세,상해없음,이륜,남,41세,경상
2022090400100372,2022년 9월 4일 19시,일요일,부산광역시 사상구 괘법동,중상사고,0,1,0,0,차대차 - 측면충돌,중앙선침범,건조,맑음,단일로 - 기타,화물,남,57세,상해없음,이륜,남,33세,중상
2022090400100401,2022년 9월 4일 20시,일요일,부산광역시 해운대구 재송동,경상사고,0,0,1,0,차대차 - 기타,신호위반,젖음/습기,흐림,교차로 - 교차로안,승용,남,34세,상해없음,원동기,남,47세,경상
2022090400100402,2022년 9월 4일 20시,일요일,부산광역시 기장군 장안읍,경상사고,0,0,3,0,차대차 - 측면충돌,신호위반,건조,맑음,교차로 - 교차로안,승용,남,36세,상해없음,승용,여,48세,경상
2022090400100463,2022년 9월 4일 22시,일요일,부산광역시 금정구 오륜동,경상사고,0,0,1,0,차대차 - 측면충돌,안전거리미확보,건조,맑음,단일로 - 기타,승용,남,66세,상해없음,승용,남,29세,경상
2022090400100476,2022년 9월 4일 23시,일요일,부산광역시 사하구 장림동,경상사고,0,0,1,1,차대차 - 기타,신호위반,건조,맑음,교차로 - 교차로안,화물,남,29세,부상신고,승용,남,31세,경상
2022090400100477,2022년 9월 4일 23시,일요일,부산광역시 사상구 삼락동,경상사고,0,0,2,0,차대차 - 추돌,안전운전불이행,건조,맑음,교차로 - 교차로부근,화물,남,57세,상해없음,승용,남,63세,경상
2022090500100001,2022년 9월 5일 00시,월요일,부산광역시 동래구 온천동,중상사고,0,1,0,0,차대사람 - 횡단중,안전운전불이행,건조,맑음,교차로 - 교차로안,이륜,남,36세,상해없음,보행자,남,53세,중상
2022090500100002,2022년 9월 5일 00시,월요일,부산광역시 사하구 감천동,중상사고,0,1,0,0,차대사람 - 기타,안전운전불이행,건조,맑음,단일로 - 기타,승용,남,57세,상해없음,보행자,여,60세,중상
2022090500100013,2022년 9월 5일 01시,월요일,부산광역시 연제구 거제동,경상사고,0,0,1,0,차대차 - 기타,안전운전불이행,건조,맑음,단일로 - 기타,화물,남,40세,상해없음,승용,남,70세,경상
2022090500100014,2022년 9월 5일 01시,월요일,부산광역시 기장군 일광읍,경상사고,0,0,2,0,차대차 - 추돌,안전운전불이행,건조,맑음,교차로 - 교차로부근,승용,여,47세,상해없음,승용,남,55세,경상
2022090500100033,2022년 9월 5일 05시,월요일,부산광역시 강서구 명지동,경상사고,0,0,1,0,차대차 - 측면충돌,신호위반,건조,맑음,교차로 - 교차로안,승용,여,55세,상해없음,승용,남,67세,경상
2022090500100044,2022년 9월 5일 06시,월요일,부산광역시 동구 좌천동,경상사고,0,0,3,0,차대차 - 측면충돌,안전운전불이행,건조,맑음,단일로 - 기타,승용,남,31세,상해없음,화물,남,45세,경상
2022090500100045,2022년 9월 5일 06시,월요일,부산광역시 금정구 장전동,중상사고,0,1,1,0,차대차 - 추돌,차로위반,건조,맑음,단일로 - 기타,화물,남,46세,경상,승용,남,33세,중상
2022090500100059,2022년 9월 5일 07시,월요일,부산광역시 강서구 구랑동,중상사고,0,1,0,0,차대차 - 추돌,신호위반,건조,맑음,교차로 - 교차로부근,승용,남,32세,상해없음,승용,남,70세,중상
2022090500100087,2022년 9월 5일 08시,월요일,부산광역시 금정구 구서동,경상사고,0,0,2,0,차대차 - 기타,교차로운행방법위반,건조,맑음,교차로 - 교차로안,승용,여,74세,경상,승용,남,27세,경상
2022090500100088,2022년 9월 5일 08시,월요일,부산광역시 연제구 거제동,경상사고,0,0,1,0,차대사람 - 기타,안전운전불이행,건조,맑음,교차로 - 교차로안,승합,남,66세,상해없음,보행자,여,53세,경상
2022090500100133,2022년 9월 5일 09시,월요일,부산광역시 중구 부평동2가,경상사고,0,0,3,0,차대차 - 추돌,안전거리미확보,건조,맑음,교차로 - 교차로부근,승용,여,61세,경상,승용,남,48세,경상
2022090500100134,2022년 9월 5일 09시,월요일,부산광역시 동구 범일동,중상사고,0,1,0,0,차대차 - 측면충돌,안전운전불이행,건조,맑음,교차로 - 교차로부근,화물,남,54세,상해없음,승용,남,71세,중상
2022090500100135,2022년 9월 5일 09시,월요일,부산광역시 서구 부민동2가,중상사고,0,1,1,0,차대차 - 측면충돌,교차로운행방법위반,건조,흐림,교차로 - 교차로안,승용,여,20세,중상,승용,남,35세,경상
2022090500100136,2022년 9월 5일 09시,월요일,부산광역시 동래구 안락동,부상신고사고,0,0,0,1,차대차 - 추돌,안전운전불이행,건조,맑음,교차로 - 교차로안,화물,남,58세,상해없음,승용,여,66세,부상신고
2022090500100137,2022년 9월 5일 09시,월요일,부산광역시 사상구 감전동,중상사고,0,1,0,0,차대사람 - 횡단중,보행자보호의무위반,건조,맑음,교차로 - 교차로안,승용,여,50세,상해없음,보행자,여,64세,중상
2022090500100168,2022년 9월 5일 10시,월요일,부산광역시 동구 초량동,경상사고,0,0,1,0,차대차 - 추돌,안전운전불이행,건조,맑음,단일로 - 기타,승용,남,65세,상해없음,승용,여,48세,경상
2022090500100197,2022년 9월 5일 11시,월요일,부산광역시 연제구 연산동,경상사고,0,0,1,0,차대차 - 추돌,신호위반,건조,맑음,교차로 - 교차로안,이륜,남,40세,경상,승합,남,50세,상해없음
2022090500100230,2022년 9월 5일 12시,월요일,부산광역시 해운대구 우동,경상사고,0,0,1,0,차대차 - 기타,안전운전불이행,기타,맑음,단일로 - 기타,승용,여,49세,상해없음,자전거,남,66세,경상
2022090500100251,2022년 9월 5일 13시,월요일,부산광역시 해운대구 반여동,중상사고,0,1,0,0,차대차 - 기타,교차로운행방법위반,기타,맑음,교차로 - 교차로안,승용,남,72세,상해없음,승합,남,26세,상해없음
2022090500100252,2022년 9월 5일 13시,월요일,부산광역시 기장군 철마면,경상사고,0,0,1,0,차대차 - 기타,안전운전불이행,건조,맑음,기타 - 기타,승용,남,40세,상해없음,자전거,남,62세,경상
2022090500100283,2022년 9월 5일 14시,월요일,부산광역시 해운대구 재송동,경상사고,0,0,1,0,차대차 - 기타,차로위반,젖음/습기,흐림,단일로 - 기타,기타불명,기타불명,미분류,기타불명,승용,남,22세,상해없음
2022090500100284,2022년 9월 5일 14시,월요일,부산광역시 기장군 기장읍,부상신고사고,0,0,0,2,차대차 - 측면충돌,안전운전불이행,젖음/습기,흐림,교차로 - 교차로안,승용,남,53세,상해없음,승용,남,19세,부상신고
2022090500100337,2022년 9월 5일 16시,월요일,부산광역시 해운대구 반여동,경상사고,0,0,1,0,차대사람 - 횡단중,보행자보호의무위반,젖음/습기,비,교차로 - 교차로횡단보도내,승용,남,59세,상해없음,보행자,남,44세,경상
2022090500100338,2022년 9월 5일 16시,월요일,부산광역시 수영구 망미동,경상사고,0,0,1,0,차대차 - 측면충돌,교차로운행방법위반,젖음/습기,비,교차로 - 교차로안,화물,남,56세,상해없음,자전거,남,17세,경상
2022090500100377,2022년 9월 5일 17시,월요일,부산광역시 동래구 온천동,경상사고,0,0,3,0,차대차 - 후진중충돌,안전운전불이행,젖음/습기,비,단일로 - 기타,승용,여,46세,상해없음,승용,여,29세,경상
2022090500100378,2022년 9월 5일 17시,월요일,부산광역시 금정구 금사동,경상사고,0,0,1,0,차대사람 - 기타,안전운전불이행,젖음/습기,흐림,교차로 - 교차로안,승용,남,60세,상해없음,보행자,남,47세,경상
2022090500100421,2022년 9월 5일 18시,월요일,부산광역시 사하구 괴정동,중상사고,0,1,0,0,차대차 - 추돌,안전운전불이행,젖음/습기,비,교차로 - 교차로안,이륜,남,38세,기타불명,승합,남,52세,중상
2022090500100586,2022년 9월 5일 21시,월요일,부산광역시 해운대구 우동,경상사고,0,0,1,1,차대차 - 측면충돌,안전운전불이행,건조,맑음,단일로 - 교량,승용,남,37세,상해없음,승용,남,59세,부상신고
2022090500100587,2022년 9월 5일 21시,월요일,부산광역시 부산진구 초읍동,중상사고,0,1,0,0,차대사람 - 보도통행중,기타,젖음/습기,비,기타 - 기타,승용,여,54세,상해없음,보행자,남,45세,중상
2022090600100063,2022년 9월 6일 07시,화요일,부산광역시 부산진구 부전동,경상사고,0,0,1,1,차대차 - 기타,안전운전불이행,건조,맑음,교차로 - 교차로부근,승합,남,68세,경상,승용,남,67세,상해없음
2022090600100064,2022년 9월 6일 07시,화요일,부산광역시 강서구 명지동,경상사고,0,0,1,0,차대차 - 측면충돌,안전운전불이행,건조,맑음,주차장 - 주차장,승용,남,57세,기타불명,화물,남,36세,경상
2022090600100103,2022년 9월 6일 09시,화요일,부산광역시 사상구 엄궁동,부상신고사고,0,0,0,1,차대차 - 기타,교차로운행방법위반,젖음/습기,흐림,단일로 - 기타,이륜,여,38세,부상신고,화물,남,56세,기타불명
2022090600100126,2022년 9월 6일 10시,화요일,부산광역시 해운대구 재송동,부상신고사고,0,0,0,1,차대사람 - 기타,안전운전불이행,건조,맑음,단일로 - 기타,화물,남,54세,상해없음,보행자,남,41세,부상신고
2022090600100174,2022년 9월 6일 12시,화요일,부산광역시 수영구 광안동,경상사고,0,0,1,0,차대차 - 기타,안전거리미확보,건조,맑음,단일로 - 기타,이륜,남,36세,상해없음,승용,남,39세,경상
2022090600100175,2022년 9월 6일 12시,화요일,부산광역시 부산진구 부전동,중상사고,0,1,0,0,차대사람 - 기타,보행자보호의무위반,건조,맑음,교차로 - 교차로횡단보도내,이륜,남,36세,상해없음,보행자,남,19세,중상
2022090600100291,2022년 9월 6일 15시,화요일,부산광역시 금정구 서동,경상사고,0,0,1,0,차대사람 - 횡단중,안전운전불이행,건조,맑음,교차로 - 교차로안,화물,남,47세,상해없음,보행자,남,77세,경상
2022090600100327,2022년 9월 6일 16시,화요일,부산광역시 동래구 온천동,경상사고,0,0,1,0,차대차 - 측면충돌,안전운전불이행,건조,맑음,교차로 - 교차로안,원동기,남,27세,상해없음,화물,남,31세,경상
2022090600100328,2022년 9월 6일 16시,화요일,부산광역시 금정구 서동,중상사고,0,1,0,0,차대사람 - 횡단중,보행자보호의무위반,건조,맑음,교차로 - 교차로부근,화물,남,31세,상해없음,보행자,여,72세,중상
2022090600100329,2022년 9월 6일 16시,화요일,부산광역시 사상구 삼락동,사망사고,1,1,1,0,차대차 - 추돌,안전운전불이행,건조,맑음,단일로 - 기타,화물,남,65세,기타불명,화물,남,63세,사망
2022090600100369,2022년 9월 6일 17시,화요일,부산광역시 부산진구 부전동,중상사고,0,1,0,0,차대차 - 측면충돌,신호위반,건조,맑음,교차로 - 교차로안,승용,남,68세,상해없음,이륜,남,44세,중상
2022090600100370,2022년 9월 6일 17시,화요일,부산광역시 사하구 괴정동,중상사고,0,1,0,0,차대사람 - 횡단중,안전운전불이행,건조,맑음,단일로 - 기타,이륜,남,58세,상해없음,보행자,남,72세,중상
2022090600100371,2022년 9월 6일 17시,화요일,부산광역시 사하구 당리동,경상사고,0,0,1,0,차대차 - 추돌,교차로운행방법위반,건조,맑음,교차로 - 교차로안,승용,남,70세,상해없음,승용,여,55세,경상
2022090600100424,2022년 9월 6일 18시,화요일,부산광역시 서구 동대신동1가,경상사고,0,0,2,0,차대차 - 측면충돌,안전거리미확보,젖음/습기,비,단일로 - 지하차도(도로)내,화물,남,34세,상해없음,승용,남,26세,경상
2022090600100475,2022년 9월 6일 19시,화요일,부산광역시 서구 초장동,중상사고,0,1,0,0,차대차 - 기타,안전운전불이행,건조,맑음,단일로 - 기타,승용,남,62세,상해없음,이륜,남,37세,중상
2022090600100476,2022년 9월 6일 19시,화요일,부산광역시 남구 대연동,경상사고,0,0,2,0,차대차 - 기타,안전거리미확보,건조,맑음,단일로 - 교량,승용,남,31세,상해없음,승용,남,59세,경상
2022090600100477,2022년 9월 6일 19시,화요일,부산광역시 해운대구 좌동,경상사고,0,0,1,3,차대차 - 후진중충돌,기타,건조,맑음,단일로 - 교량,승용,남,66세,부상신고,승용,남,38세,경상
2022090600100561,2022년 9월 6일 22시,화요일,부산광역시 연제구 연산동,경상사고,0,0,1,0,차대차 - 추돌,안전거리미확보,건조,맑음,단일로 - 기타,승용,남,29세,상해없음,승용,여,71세,경상
2022090700100002,2022년 9월 7일 00시,수요일,부산광역시 수영구 민락동,경상사고,0,0,1,0,차대차 - 후진중충돌,안전운전불이행,건조,맑음,기타 - 기타,승용,남,42세,상해없음,승용,남,34세,경상
2022090700100025,2022년 9월 7일 02시,수요일,부산광역시 수영구 민락동,중상사고,0,1,0,0,차대사람 - 차도통행중,안전운전불이행,건조,맑음,단일로 - 기타,승용,여,24세,상해없음,보행자,여,24세,중상
2022090700100026,2022년 9월 7일 02시,수요일,부산광역시 수영구 광안동,중상사고,0,1,0,0,차대차 - 기타,교차로운행방법위반,건조,맑음,교차로 - 교차로안,승용,남,29세,상해없음,원동기,남,35세,중상
2022090700100034,2022년 9월 7일 03시,수요일,부산광역시 남구 문현동,경상사고,0,0,1,0,차량단독 - 공작물충돌,안전운전불이행,건조,맑음,단일로 - 기타,자전거,남,22세,경상,,,,
2022090700100040,2022년 9월 7일 04시,수요일,부산광역시 부산진구 개금동,부상신고사고,0,0,0,1,차대사람 - 기타,안전운전불이행,건조,맑음,교차로 - 교차로안,화물,남,39세,상해없음,보행자,남,78세,부상신고
2022090700100045,2022년 9월 7일 05시,수요일,부산광역시 강서구 강동동,중상사고,0,1,0,0,차대차 - 정면충돌,안전운전불이행,건조,맑음,교차로 - 교차로부근,자전거,여,61세,중상,화물,남,56세,상해없음
2022090700100058,2022년 9월 7일 06시,수요일,부산광역시 남구 대연동,경상사고,0,0,1,0,차대사람 - 횡단중,신호위반,건조,맑음,단일로 - 기타,승용,남,64세,상해없음,보행자,남,39세,경상
2022090700100067,2022년 9월 7일 07시,수요일,부산광역시 남구 용호동,중상사고,0,1,0,0,차대사람 - 기타,안전운전불이행,건조,맑음,단일로 - 기타,승합,남,66세,상해없음,보행자,남,56세,중상
2022090700100068,2022년 9월 7일 07시,수요일,부산광역시 남구 대연동,경상사고,0,0,1,0,차대차 - 추돌,안전운전불이행,건조,맑음,단일로 - 기타,승용,남,42세,상해없음,승용,남,28세,경상
2022090700100069,2022년 9월 7일 07시,수요일,부산광역시 영도구 청학동,중상사고,0,1,0,0,차대사람 - 기타,보행자보호의무위반,건조,맑음,단일로 - 기타,승용,여,37세,상해없음,보행자,여,80세,중상
2022090700100070,2022년 9월 7일 07시,수요일,부산광역시 부산진구 부전동,경상사고,0,0,1,0,차대사람 - 기타,안전운전불이행,건조,맑음,교차로 - 교차로부근,이륜,남,39세,상해없음,보행자,여,69세,경상
2022090700100071,2022년 9월 7일 07시,수요일,부산광역시 연제구 연산동,경상사고,0,0,1,0,차대차 - 추돌,안전운전불이행,건조,맑음,교차로 - 교차로부근,승용,남,50세,상해없음,승용,남,35세,경상
2022090700100072,2022년 9월 7일 07시,수요일,부산광역시 연제구 연산동,경상사고,0,0,1,0,차대사람 - 기타,안전운전불이행,건조,맑음,단일로 - 기타,승용,남,64세,상해없음,보행자,남,33세,경상
2022090700100110,2022년 9월 7일 08시,수요일,부산광역시 수영구 광안동,중상사고,0,1,1,0,차대차 - 기타,안전운전불이행,건조,맑음,단일로 - 기타,승용,여,58세,경상,이륜,남,44세,중상
2022090700100111,2022년 9월 7일 08시,수요일,부산광역시 해운대구 우동,경상사고,0,0,1,0,차대차 - 추돌,안전운전불이행,건조,맑음,교차로 - 교차로안,승용,남,25세,상해없음,승용,남,29세,경상
2022090700100112,2022년 9월 7일 08시,수요일,부산광역시 사상구 삼락동,중상사고,0,1,0,0,차량단독 - 기타,안전운전불이행,건조,맑음,단일로 - 기타,승용,남,66세,기타불명,,,,
2022090700100170,2022년 9월 7일 09시,수요일,부산광역시 영도구 영선동1가,경상사고,0,0,1,0,차대차 - 추돌,안전운전불이행,건조,맑음,단일로 - 기타,승용,남,75세,상해없음,승합,남,51세,경상
2022090700100171,2022년 9월 7일 09시,수요일,부산광역시 강서구 구랑동,중상사고,0,1,0,0,차대차 - 측면충돌,안전운전불이행,건조,맑음,교차로 - 교차로안,특수,남,49세,상해없음,승용,여,61세,중상
2022090700100221,2022년 9월 7일 10시,수요일,부산광역시 동래구 온천동,경상사고,0,0,1,0,차대차 - 후진중충돌,안전운전불이행,건조,맑음,단일로 - 기타,승합,남,62세,상해없음,승용,여,62세,경상
2022090700100264,2022년 9월 7일 11시,수요일,부산광역시 강서구 대저1동,중상사고,0,1,2,0,차대차 - 측면충돌,안전운전불이행,건조,맑음,단일로 - 기타,승용,남,56세,상해없음,승용,여,47세,경상
2022090700100293,2022년 9월 7일 12시,수요일,부산광역시 북구 화명동,경상사고,0,0,1,1,차대차 - 기타,신호위반,건조,맑음,교차로 - 교차로안,승용,남,49세,상해없음,승용,여,35세,경상
2022090700100294,2022년 9월 7일 12시,수요일,부산광역시 해운대구 중동,경상사고,0,0,1,0,차대차 - 기타,기타,건조,맑음,교차로 - 교차로안,승용,남,52세,상해없음,승용,여,65세,경상
2022090700100328,2022년 9월 7일 13시,수요일,부산광역시 동래구 온천동,경상사고,0,0,1,0,차대차 - 측면충돌,안전거리미확보,건조,맑음,교차로 - 교차로부근,승용,남,67세,상해없음,승용,남,70세,경상
2022090700100329,2022년 9월 7일 13시,수요일,부산광역시 부산진구 범천동,경상사고,0,0,1,0,차대사람 - 차도통행중,안전운전불이행,건조,맑음,단일로 - 기타,승용,남,30세,상해없음,보행자,남,36세,경상
2022090700100358,2022년 9월 7일 14시,수요일,부산광역시 남구 문현동,중상사고,0,1,0,0,차대차 - 측면충돌,안전운전불이행,건조,맑음,단일로 - 기타,이륜,남,70세,중상,승용,남,43세,상해없음