사고번호,사고일시,요일,시군구,사고내용,사망자수,중상자수,경상자수,부상신고자수,사고유형,법규위반,노면상태,기상상태,도로형태,가해운전자 차종,가해운전자 성별,가해운전자 연령,가해운전자 상해정도,피해운전자 차종,피해운전자 성별,피해운전자 연령,피해운전자 상해정도
2022092800100250,2022년 9월 28일 13시,수요일,부산광역시 남구 문현동,경상사고,0,0,2,0,차대차 - 추돌,안전운전불이행,건조,맑음,교차로 - 교차로안,승용,남,46세,상해없음,승용,남,44세,경상
2022092800100251,2022년 9월 28일 13시,수요일,부산광역시 부산진구 개금동,중상사고,0,1,0,0,차대사람 - 횡단중,보행자보호의무위반,건조,맑음,교차로 - 교차로횡단보도내,승용,남,62세,상해없음,보행자,남,67세,중상
2022092800100252,2022년 9월 28일 13시,수요일,부산광역시 연제구 연산동,경상사고,0,0,1,0,차대차 - 추돌,안전운전불이행,건조,맑음,단일로 - 기타,승용,남,68세,상해없음,승용,남,36세,경상
2022092800100275,2022년 9월 28일 14시,수요일,부산광역시 해운대구 중동,중상사고,0,1,0,0,차대사람 - 차도통행중,안전운전불이행,건조,맑음,단일로 - 기타,원동기,남,43세,상해없음,보행자,남,8세,중상
2022092800100311,2022년 9월 28일 15시,수요일,부산광역시 남구 용호동,경상사고,0,0,1,0,차대차 - 기타,안전운전불이행,건조,맑음,교차로 - 교차로안,승용,남,40세,상해없음,승용,여,46세,경상
2022092800100312,2022년 9월 28일 15시,수요일,부산광역시 해운대구 반여동,경상사고,0,0,1,0,차대차 - 추돌,안전운전불이행,건조,맑음,교차로 - 교차로부근,승용,여,33세,상해없음,승용,남,26세,경상
2022092800100313,2022년 9월 28일 15시,수요일,부산광역시 사하구 괴정동,부상신고사고,0,0,0,1,차량단독 - 기타,안전운전불이행,건조,맑음,단일로 - 기타,승합,남,47세,상해없음,,,,
2022092800100361,2022년 9월 28일 16시,수요일,부산광역시 부산진구 범천동,중상사고,0,1,0,0,차대사람 - 기타,안전운전불이행,건조,맑음,단일로 - 기타,승합,남,60세,상해없음,보행자,여,85세,중상
2022092800100395,2022년 9월 28일 17시,수요일,부산광역시 금정구 회동동,경상사고,0,0,1,0,차대사람 - 기타,안전운전불이행,건조,맑음,기타 - 기타,승용,남,73세,경상,보행자,여,59세,기타불명
2022092800100396,2022년 9월 28일 17시,수요일,부산광역시 사하구 장림동,중상사고,0,1,0,0,차대차 - 기타,안전운전불이행,건조,맑음,교차로 - 교차로안,특수,남,59세,상해없음,이륜,남,61세,중상
2022092800100446,2022년 9월 28일 18시,수요일,부산광역시 중구 보수동3가,경상사고,0,0,1,0,차대차 - 기타,안전운전불이행,건조,맑음,단일로 - 기타,승용,여,32세,상해없음,승용,여,24세,경상
2022092800100447,2022년 9월 28일 18시,수요일,부산광역시 사하구 다대동,중상사고,0,1,0,0,차대차 - 측면충돌,교차로운행방법위반,건조,맑음,교차로 - 교차로부근,승용,남,60세,상해없음,승용,여,61세,중상
2022092800100526,2022년 9월 28일 20시,수요일,부산광역시 사하구 괴정동,경상사고,0,0,1,0,차대사람 - 보도통행중,안전운전불이행,건조,맑음,단일로 - 지하차도(도로)내,기타불명,기타불명,미분류,기타불명,보행자,여,26세,경상
2022092800100551,2022년 9월 28일 21시,수요일,부산광역시 북구 덕천동,경상사고,0,0,1,0,차대차 - 기타,안전운전불이행,건조,맑음,단일로 - 기타,승용,남,55세,상해없음,승용,여,33세,경상
2022092800100552,2022년 9월 28일 21시,수요일,부산광역시 부산진구 부암동,중상사고,0,1,0,0,차대차 - 기타,신호위반,건조,맑음,교차로 - 교차로안,승용,남,31세,상해없음,이륜,남,52세,중상
2022092800100553,2022년 9월 28일 21시,수요일,부산광역시 사하구 신평동,경상사고,0,0,1,0,차대차 - 추돌,안전운전불이행,건조,맑음,단일로 - 기타,승용,여,57세,상해없음,승용,남,63세,경상
2022092800100597,2022년 9월 28일 23시,수요일,부산광역시 강서구 명지동,중상사고,0,1,0,0,차대차 - 측면충돌,신호위반,건조,맑음,교차로 - 교차로안,승용,남,57세,상해없음,승용,남,74세,중상
2022092900100001,2022년 9월 29일 00시,목요일,부산광역시 남구 대연동,중상사고,0,1,0,0,차대사람 - 기타,안전운전불이행,건조,맑음,단일로 - 기타,이륜,남,58세,상해없음,보행자,남,64세,중상
2022092900100023,2022년 9월 29일 03시,목요일,부산광역시 금정구 장전동,경상사고,0,0,3,0,차대차 - 측면충돌,신호위반,건조,맑음,교차로 - 교차로부근,승용,남,54세,경상,승용,남,42세,상해없음
2022092900100058,2022년 9월 29일 07시,목요일,부산광역시 금정구 오륜동,부상신고사고,0,0,0,1,차대차 - 측면충돌,안전거리미확보,건조,맑음,단일로 - 기타,승용,남,73세,상해없음,승용,남,30세,부상신고
2022092900100059,2022년 9월 29일 07시,목요일,부산광역시 강서구 대저1동,중상사고,0,1,0,0,차대차 - 측면충돌,안전거리미확보,건조,맑음,단일로 - 기타,승용,남,70세,상해없음,개인형이동수단(PM),남,56세,중상
2022092900100092,2022년 9월 29일 08시,목요일,부산광역시 남구 대연동,경상사고,0,0,2,1,차대차 - 측면충돌,중앙선침범,건조,맑음,단일로 - 기타,승용,남,69세,경상,승용,남,25세,경상
2022092900100136,2022년 9월 29일 09시,목요일,부산광역시 사상구 주례동,중상사고,0,1,0,0,차대사람 - 횡단중,신호위반,건조,맑음,교차로 - 교차로횡단보도내,승용,남,63세,상해없음,보행자,남,81세,중상
2022092900100167,2022년 9월 29일 10시,목요일,부산광역시 금정구 서동,중상사고,0,1,0,0,차대사람 - 횡단중,안전운전불이행,건조,맑음,교차로 - 교차로안,화물,남,39세,상해없음,보행자,여,72세,중상
2022092900100197,2022년 9월 29일 11시,목요일,부산광역시 남구 문현동,경상사고,0,0,1,0,차대차 - 측면충돌,안전거리미확보,건조,맑음,단일로 - 기타,승용,남,67세,상해없음,원동기,남,45세,경상
2022092900100198,2022년 9월 29일 11시,목요일,부산광역시 북구 만덕동,경상사고,0,0,1,0,차대차 - 측면충돌,안전운전불이행,건조,맑음,교차로 - 교차로부근,승용,남,57세,기타불명,승용,여,35세,경상
2022092900100229,2022년 9월 29일 12시,목요일,부산광역시 북구 화명동,중상사고,0,1,0,0,차대사람 - 기타,보행자보호의무위반,건조,맑음,교차로 - 교차로횡단보도내,승용,남,58세,상해없음,보행자,남,7세,중상
2022092900100230,2022년 9월 29일 12시,목요일,부산광역시 부산진구 개금동,경상사고,0,0,1,0,차대차 - 추돌,안전거리미확보,건조,맑음,단일로 - 기타,승용,남,74세,상해없음,승용,남,60세,경상
2022092900100231,2022년 9월 29일 12시,목요일,부산광역시 부산진구 양정동,중상사고,0,1,1,0,차대차 - 기타,안전운전불이행,건조,맑음,교차로 - 교차로부근,승합,남,75세,상해없음,이륜,남,21세,경상
2022092900100232,2022년 9월 29일 12시,목요일,부산광역시 사하구 장림동,중상사고,0,1,0,0,차대사람 - 기타,보행자보호의무위반,건조,맑음,교차로 - 교차로부근,화물,남,60세,상해없음,보행자,여,70세,중상
2022092900100263,2022년 9월 29일 13시,목요일,부산광역시 북구 만덕동,중상사고,0,1,0,0,차대차 - 기타,안전거리미확보,건조,맑음,단일로 - 기타,승용,남,76세,상해없음,이륜,남,47세,중상
2022092900100264,2022년 9월 29일 13시,목요일,부산광역시 동래구 온천동,경상사고,0,0,2,0,차대차 - 측면충돌,기타,건조,맑음,교차로 - 교차로부근,승용,여,45세,경상,화물,남,44세,경상
2022092900100265,2022년 9월 29일 13시,목요일,부산광역시 강서구 강동동,중상사고,0,1,0,0,차대차 - 기타,안전운전불이행,건조,맑음,단일로 - 기타,이륜,남,64세,중상,승용,남,59세,상해없음
2022092900100301,2022년 9월 29일 14시,목요일,부산광역시 해운대구 반송동,경상사고,0,0,1,0,차대사람 - 보도통행중,안전운전불이행,건조,맑음,기타 - 기타,기타불명,남,72세,상해없음,보행자,여,32세,경상
2022092900100346,2022년 9월 29일 15시,목요일,부산광역시 서구 남부민동,부상신고사고,0,0,0,1,차대사람 - 횡단중,보행자보호의무위반,건조,맑음,단일로 - 기타,화물,남,59세,상해없음,보행자,여,63세,부상신고
2022092900100347,2022년 9월 29일 15시,목요일,부산광역시 금정구 구서동,경상사고,0,0,1,1,차대차 - 기타,기타,건조,맑음,교차로 - 교차로부근,승용,여,51세,상해없음,이륜,남,57세,경상
2022092900100395,2022년 9월 29일 16시,목요일,부산광역시 서구 암남동,경상사고,0,0,1,0,차대사람 - 횡단중,안전운전불이행,건조,맑음,단일로 - 기타,승용,여,43세,상해없음,보행자,여,66세,경상
2022092900100431,2022년 9월 29일 17시,목요일,부산광역시 중구 남포동5가,경상사고,0,0,1,0,차대사람 - 기타,안전운전불이행,건조,맑음,단일로 - 기타,승용,여,28세,상해없음,보행자,남,70세,경상
2022092900100432,2022년 9월 29일 17시,목요일,부산광역시 남구 문현동,중상사고,0,1,0,0,차대사람 - 기타,안전운전불이행,건조,맑음,단일로 - 기타,원동기,남,38세,상해없음,보행자,남,46세,중상
2022092900100433,2022년 9월 29일 17시,목요일,부산광역시 금정구 구서동,경상사고,0,0,1,0,차대차 - 기타,안전운전불이행,건조,맑음,교차로 - 교차로안,승용,남,66세,상해없음,승용,남,34세,경상
2022092900100434,2022년 9월 29일 17시,목요일,부산광역시 금정구 장전동,부상신고사고,0,0,0,1,차대사람 - 횡단중,안전운전불이행,건조,맑음,단일로 - 기타,화물,남,42세,상해없음,보행자,남,20세,부상신고
2022092900100435,2022년 9월 29일 17시,목요일,부산광역시 수영구 망미동,경상사고,0,0,1,0,차대차 - 기타,안전운전불이행,건조,맑음,단일로 - 기타,승용,남,76세,상해없음,원동기,남,42세,경상
2022092900100436,2022년 9월 29일 17시,목요일,부산광역시 사상구 주례동,중상사고,0,1,0,0,차대차 - 추돌,안전운전불이행,건조,맑음,단일로 - 기타,승용,남,28세,기타불명,자전거,여,62세,중상
2022092900100480,2022년 9월 29일 18시,목요일,부산광역시 남구 문현동,경상사고,0,0,1,0,차대사람 - 차도통행중,보행자보호의무위반,건조,맑음,교차로 - 교차로안,승용,남,51세,상해없음,보행자,여,75세,경상
2022092900100481,2022년 9월 29일 18시,목요일,부산광역시 사상구 덕포동,중상사고,0,1,0,0,차대사람 - 횡단중,안전운전불이행,건조,맑음,단일로 - 기타,승용,남,54세,기타불명,보행자,남,32세,중상
2022092900100526,2022년 9월 29일 19시,목요일,부산광역시 동래구 온천동,경상사고,0,0,1,0,차대사람 - 차도통행중,안전운전불이행,건조,맑음,단일로 - 기타,승용,남,62세,상해없음,보행자,여,43세,경상
2022092900100527,2022년 9월 29일 19시,목요일,부산광역시 동래구 안락동,경상사고,0,0,1,0,차대차 - 추돌,안전운전불이행,건조,맑음,단일로 - 기타,승용,남,31세,상해없음,승용,남,75세,경상
2022092900100556,2022년 9월 29일 20시,목요일,부산광역시 해운대구 우동,경상사고,0,0,1,0,차대차 - 측면충돌,교차로운행방법위반,건조,맑음,교차로 - 교차로안,승용,여,21세,상해없음,이륜,남,40세,경상
2022092900100557,2022년 9월 29일 20시,목요일,부산광역시 해운대구 좌동,경상사고,0,0,1,0,차대차 - 측면충돌,안전거리미확보,건조,맑음,단일로 - 기타,승용,남,60세,상해없음,승용,남,35세,경상
2022092900100583,2022년 9월 29일 21시,목요일,부산광역시 서구 서대신동3가,중상사고,0,1,0,0,차대사람 - 횡단중,안전운전불이행,건조,맑음,단일로 - 기타,승용,남,62세,상해없음,보행자,여,80세,중상
2022092900100618,2022년 9월 29일 23시,목요일,부산광역시 사상구 덕포동,중상사고,0,1,0,0,차대사람 - 횡단중,안전운전불이행,건조,맑음,단일로 - 기타,승용,여,54세,기타불명,보행자,남,61세,중상
2022093000100042,2022년 9월 30일 03시,금요일,부산광역시 부산진구 당감동,경상사고,0,0,1,0,차대차 - 기타,교차로운행방법위반,건조,맑음,교차로 - 교차로안,승용,남,28세,상해없음,개인형이동수단(PM),남,22세,경상
2022093000100064,2022년 9월 30일 06시,금요일,부산광역시 서구 남부민동,중상사고,0,1,0,0,차량단독 - 공작물충돌,안전운전불이행,건조,맑음,단일로 - 기타,화물,남,55세,중상,,,,
2022093000100065,2022년 9월 30일 06시,금요일,부산광역시 금정구 부곡동,경상사고,0,0,1,0,차대차 - 기타,신호위반,건조,맑음,교차로 - 교차로안,승용,남,61세,상해없음,승용,남,68세,경상
2022093000100081,2022년 9월 30일 07시,금요일,부산광역시 금정구 금사동,경상사고,0,0,1,0,차대차 - 기타,안전운전불이행,건조,맑음,기타 - 기타,이륜,남,29세,상해없음,화물,남,56세,상해없음
2022093000100104,2022년 9월 30일 08시,금요일,부산광역시 남구 대연동,경상사고,0,0,2,0,차대차 - 기타,신호위반,건조,맑음,단일로 - 고가도로위,승용,여,28세,상해없음,승용,남,56세,경상
2022093000100105,2022년 9월 30일 08시,금요일,부산광역시 북구 덕천동,경상사고,0,0,1,0,차대사람 - 차도통행중,안전운전불이행,건조,맑음,교차로 - 교차로부근,화물,남,54세,상해없음,보행자,남,28세,경상
2022093000100106,2022년 9월 30일 08시,금요일,부산광역시 해운대구 우동,중상사고,0,1,0,0,차대사람 - 차도통행중,안전운전불이행,건조,맑음,단일로 - 기타,자전거,남,13세,상해없음,보행자,여,49세,중상
2022093000100107,2022년 9월 30일 08시,금요일,부산광역시 연제구 연산동,경상사고,0,0,2,0,차대차 - 측면충돌,차로위반,건조,맑음,단일로 - 기타,승용,여,59세,상해없음,화물,남,31세,경상
2022093000100108,2022년 9월 30일 08시,금요일,부산광역시 강서구 대저2동,경상사고,0,0,1,0,차대차 - 측면충돌,신호위반,건조,맑음,교차로 - 교차로안,화물,남,65세,상해없음,승용,여,47세,경상
2022093000100146,2022년 9월 30일 09시,금요일,부산광역시 남구 문현동,경상사고,0,0,2,0,차대차 - 기타,안전운전불이행,건조,맑음,기타 - 기타,승용,남,65세,경상,승용,남,59세,경상
2022093000100167,2022년 9월 30일 10시,금요일,부산광역시 서구 남부민동,경상사고,0,0,1,0,차대차 - 추돌,안전운전불이행,건조,맑음,교차로 - 교차로부근,승용,남,56세,상해없음,승용,남,65세,상해없음
2022093000100198,2022년 9월 30일 11시,금요일,부산광역시 북구 덕천동,중상사고,0,1,1,0,차대차 - 측면충돌,안전운전불이행,건조,맑음,교차로 - 교차로안,승용,여,47세,경상,이륜,남,33세,중상
2022093000100199,2022년 9월 30일 11시,금요일,부산광역시 영도구 영선동2가,경상사고,0,0,1,0,차대차 - 기타,기타,건조,맑음,교차로 - 교차로부근,승용,여,67세,상해없음,이륜,남,33세,경상
2022093000100234,2022년 9월 30일 12시,금요일,부산광역시 영도구 동삼동,중상사고,0,1,0,0,차대사람 - 기타,안전운전불이행,건조,맑음,단일로 - 기타,승합,남,54세,기타불명,보행자,여,77세,중상
2022093000100273,2022년 9월 30일 13시,금요일,부산광역시 기장군 철마면,경상사고,0,0,5,0,차대차 - 추돌,안전운전불이행,건조,맑음,단일로 - 기타,승용,여,56세,상해없음,승용,남,68세,경상
2022093000100305,2022년 9월 30일 14시,금요일,부산광역시 서구 초장동,부상신고사고,0,0,0,1,차대차 - 기타,안전거리미확보,건조,맑음,단일로 - 기타,승용,남,58세,상해없음,승합,남,41세,부상신고
2022093000100306,2022년 9월 30일 14시,금요일,부산광역시 금정구 부곡동,중상사고,0,1,0,0,차대사람 - 횡단중,보행자보호의무위반,건조,맑음,교차로 - 교차로부근,승용,남,60세,상해없음,보행자,남,13세,중상
2022093000100341,2022년 9월 30일 15시,금요일,부산광역시 사하구 감천동,경상사고,0,0,1,0,차대차 - 측면충돌,교차로운행방법위반,건조,맑음,교차로 - 교차로안,승용,남,78세,상해없음,이륜,남,47세,경상
2022093000100384,2022년 9월 30일 16시,금요일,부산광역시 북구 덕천동,중상사고,0,1,0,0,차대사람 - 기타,안전운전불이행,건조,맑음,단일로 - 기타,승용,남,66세,상해없음,보행자,남,48세,중상
2022093000100385,2022년 9월 30일 16시,금요일,부산광역시 금정구 장전동,부상신고사고,0,0,0,1,차대차 - 측면충돌,안전거리미확보,건조,맑음,단일로 - 기타,자전거,남,65세,부상신고,건설기계,남,62세,상해없음
2022093000100430,2022년 9월 30일 17시,금요일,부산광역시 중구 창선동1가,경상사고,0,0,1,0,차대차 - 기타,교차로운행방법위반,건조,맑음,단일로 - 기타,승용,남,30세,상해없음,자전거,남,64세,경상
2022093000100431,2022년 9월 30일 17시,금요일,부산광역시 부산진구 범천동,경상사고,0,0,1,0,차대차 - 기타,안전거리미확보,건조,맑음,단일로 - 기타,승용,여,69세,상해없음,승용,남,50세,경상
2022093000100432,2022년 9월 30일 17시,금요일,부산광역시 부산진구 양정동,경상사고,0,0,3,0,차대차 - 측면충돌,안전거리미확보,건조,맑음,교차로 - 교차로안,승용,남,70세,상해없음,건설기계,남,45세,경상
2022093000100433,2022년 9월 30일 17시,금요일,부산광역시 강서구 명지동,중상사고,0,1,1,0,차대차 - 측면충돌,직진우회전진행방해,건조,맑음,교차로 - 교차로안,승용,남,21세,기타불명,승용,남,54세,경상
2022093000100504,2022년 9월 30일 18시,금요일,부산광역시 남구 대연동,경상사고,0,0,1,0,차대차 - 추돌,안전운전불이행,건조,맑음,단일로 - 기타,승용,남,61세,상해없음,승용,여,61세,경상
2022093000100505,2022년 9월 30일 18시,금요일,부산광역시 북구 화명동,경상사고,0,0,1,0,차대사람 - 횡단중,보행자보호의무위반,건조,맑음,단일로 - 기타,승용,남,39세,상해없음,보행자,남,11세,경상
2022093000100506,2022년 9월 30일 18시,금요일,부산광역시 동래구 명륜동,중상사고,0,1,0,0,차대차 - 기타,안전운전불이행,건조,맑음,단일로 - 기타,이륜,남,18세,상해없음,승합,남,53세,상해없음
2022093000100507,2022년 9월 30일 18시,금요일,부산광역시 영도구 동삼동,경상사고,0,0,1,0,차대차 - 측면충돌,안전운전불이행,건조,흐림,교차로 - 교차로안,승용,여,43세,상해없음,이륜,남,38세,경상
2022093000100508,2022년 9월 30일 18시,금요일,부산광역시 해운대구 우동,경상사고,0,0,1,0,차대차 - 기타,안전거리미확보,건조,맑음,단일로 - 기타,승용,남,39세,상해없음,승용,남,55세,경상
2022093000100509,2022년 9월 30일 18시,금요일,부산광역시 수영구 망미동,경상사고,0,0,1,0,차대사람 - 횡단중,교차로운행방법위반,건조,맑음,교차로 - 교차로안,화물,남,56세,상해없음,보행자,여,41세,경상
2022093000100510,2022년 9월 30일 18시,금요일,부산광역시 사상구 주례동,경상사고,0,0,1,0,차대차 - 추돌,안전운전불이행,건조,맑음,단일로 - 기타,승용,여,28세,상해없음,승용,남,32세,경상
2022093000100511,2022년 9월 30일 18시,금요일,부산광역시 사상구 감전동,경상사고,0,0,1,0,차대차 - 측면충돌,안전운전불이행,건조,맑음,교차로 - 교차로안,승용,남,34세,상해없음,승용,여,45세,경상
2022093000100560,2022년 9월 30일 19시,금요일,부산광역시 동래구 명륜동,경상사고,0,0,1,0,차량단독 - 기타,안전운전불이행,건조,맑음,교차로 - 교차로안,승용,남,70세,상해없음,,,,
2022093000100561,2022년 9월 30일 19시,금요일,부산광역시 연제구 연산동,경상사고,0,0,1,0,차대차 - 추돌,안전거리미확보,건조,맑음,단일로 - 기타,화물,남,52세,상해없음,이륜,남,41세,경상
2022093000100562,2022년 9월 30일 19시,금요일,부산광역시 기장군 정관읍,경상사고,0,0,1,0,차대차 - 기타,교차로운행방법위반,건조,맑음,교차로 - 교차로부근,승용,여,41세,상해없음,이륜,여,33세,경상
2022093000100605,2022년 9월 30일 20시,금요일,부산광역시 사하구 괴정동,경상사고,0,0,1,0,차대차 - 추돌,안전운전불이행,건조,맑음,단일로 - 기타,승용,여,65세,상해없음,승용,여,34세,경상
2022093000100606,2022년 9월 30일 20시,금요일,부산광역시 강서구 송정동,경상사고,0,0,1,0,차대차 - 기타,안전운전불이행,건조,맑음,단일로 - 기타,승용,남,25세,기타불명,승용,남,40세,경상
2022093000100607,2022년 9월 30일 20시,금요일,부산광역시 강서구 신호동,경상사고,0,0,1,0,차대차 - 측면충돌,안전거리미확보,건조,맑음,단일로 - 기타,승용,남,62세,상해없음,승용,남,79세,경상
2022093000100638,2022년 9월 30일 21시,금요일,부산광역시 부산진구 당감동,경상사고,0,0,1,0,차대차 - 기타,안전거리미확보,건조,기타,단일로 - 기타,이륜,남,19세,경상,승용,남,67세,상해없음
2022093000100639,2022년 9월 30일 21시,금요일,부산광역시 부산진구 전포동,경상사고,0,0,2,0,차대차 - 기타,안전운전불이행,건조,맑음,기타 - 기타,승용,남,54세,상해없음,승용,남,30세,경상
2022093000100640,2022년 9월 30일 21시,금요일,부산광역시 금정구 구서동,경상사고,0,0,1,0,차대차 - 측면충돌,안전거리미확보,건조,맑음,교차로 - 교차로부근,화물,남,51세,상해없음,승용,남,26세,경상
2022093000100663,2022년 9월 30일 22시,금요일,부산광역시 금정구 노포동,경상사고,0,0,1,0,차대차 - 추돌,안전거리미확보,건조,맑음,교차로 - 교차로안,승용,남,29세,상해없음,승용,여,61세,경상
2022093000100686,2022년 9월 30일 23시,금요일,부산광역시 동래구 사직동,경상사고,0,0,1,0,차대차 - 측면충돌,기타,건조,맑음,교차로 - 교차로부근,승용,남,55세,상해없음,원동기,남,52세,경상
2022100100100018,2022년 10월 1일 01시,토요일,부산광역시 남구 용당동,경상사고,0,0,1,0,차대차 - 측면충돌,안전운전불이행,건조,맑음,주차장 - 주차장,건설기계,남,58세,상해없음,특수,남,58세,경상
2022100100100019,2022년 10월 1일 01시,토요일,부산광역시 부산진구 범천동,경상사고,0,0,1,0,차대차 - 추돌,안전운전불이행,건조,맑음,교차로 - 교차로부근,승용,남,63세,상해없음,승용,남,67세,상해없음
2022100100100020,2022년 10월 1일 01시,토요일,부산광역시 연제구 연산동,경상사고,0,0,3,0,차대차 - 추돌,안전운전불이행,건조,맑음,단일로 - 기타,승용,남,50세,상해없음,승용,남,30세,경상
2022100100100033,2022년 10월 1일 02시,토요일,부산광역시 남구 용호동,경상사고,0,0,1,0,차대사람 - 횡단중,신호위반,건조,맑음,교차로 - 교차로횡단보도내,승용,남,64세,상해없음,보행자,남,56세,경상
2022100100100034,2022년 10월 1일 02시,토요일,부산광역시 영도구 영선동2가,부상신고사고,0,0,0,1,차량단독 - 도로외이탈 - 추락,안전운전불이행,건조,기타,단일로 - 지하차도(도로)내,이륜,남,30세,부상신고,,,,
2022100100100100,2022년 10월 1일 07시,토요일,부산광역시 남구 용당동,중상사고,0,1,0,0,차대사람 - 횡단중,신호위반,건조,맑음,교차로 - 교차로안,이륜,남,69세,상해없음,보행자,여,56세,중상
2022100100100101,2022년 10월 1일 07시,토요일,부산광역시 사상구 덕포동,중상사고,0,1,0,0,차대차 - 측면충돌,신호위반,건조,맑음,교차로 - 교차로안,자전거,남,23세,중상,화물,남,55세,상해없음
2022100100100102,2022년 10월 1일 07시,토요일,부산광역시 사상구 엄궁동,경상사고,0,0,1,0,차대차 - 기타,안전운전불이행,건조,맑음,단일로 - 기타,승용,남,49세,상해없음,승용,여,49세,기타불명
2022100100100122,2022년 10월 1일 08시,토요일,부산광역시 강서구 강동동,경상사고,0,0,1,0,차대차 - 측면충돌,안전거리미확보,건조,맑음,단일로 - 기타,승용,남,25세,상해없음,승용,남,32세,경상
2022100100100145,2022년 10월 1일 09시,토요일,부산광역시 부산진구 양정동,중상사고,0,1,0,0,차대차 - 추돌,안전운전불이행,건조,맑음,교차로 - 교차로부근,승용,남,31세,상해없음,승용,남,57세,중상
2022100100100173,2022년 10월 1일 10시,토요일,부산광역시 북구 만덕동,경상사고,0,0,1,0,차대차 - 추돌,안전거리미확보,건조,맑음,단일로 - 기타,승용,남,42세,상해없음,승용,남,44세,경상
2022100100100174,2022년 10월 1일 10시,토요일,부산광역시 부산진구 범천동,경상사고,0,0,1,0,차대차 - 기타,안전운전불이행,건조,맑음,단일로 - 기타,승용,남,71세,상해없음,승용,여,61세,경상
2022100100100210,2022년 10월 1일 11시,토요일,부산광역시 서구 남부민동,경상사고,0,0,1,0,차대사람 - 기타,안전운전불이행,건조,맑음,기타 - 기타,이륜,남,33세,상해없음,보행자,남,78세,경상
2022100100100211,2022년 10월 1일 11시,토요일,부산광역시 북구 구포동,경상사고,0,0,1,0,차대차 - 기타,안전운전불이행,건조,맑음,교차로 - 교차로부근,승용,남,72세,상해없음,이륜,남,42세,상해없음
2022100100100212,2022년 10월 1일 11시,토요일,부산광역시 사하구 감천동,경상사고,0,0,2,0,차대차 - 후진중충돌,안전운전불이행,건조,맑음,단일로 - 기타,승합,남,62세,상해없음,승용,남,36세,경상
2022100100100241,2022년 10월 1일 12시,토요일,부산광역시 중구 영주동,경상사고,0,0,2,0,차대차 - 측면충돌,교차로운행방법위반,건조,맑음,교차로 - 교차로안,승용,남,72세,경상,승용,남,59세,경상
2022100100100242,2022년 10월 1일 12시,토요일,부산광역시 북구 화명동,경상사고,0,0,1,0,차대차 - 기타,안전운전불이행,건조,맑음,단일로 - 기타,승용,남,72세,상해없음,승용,남,59세,경상
2022100100100243,2022년 10월 1일 12시,토요일,부산광역시 연제구 연산동,중상사고,0,1,0,0,차대차 - 기타,안전운전불이행,건조,맑음,교차로 - 교차로부근,승용,남,61세,상해없음,자전거,남,61세,중상
2022100100100285,2022년 10월 1일 13시,토요일,부산광역시 해운대구 반송동,경상사고,0,0,1,0,차대사람 - 기타,신호위반,건조,맑음,교차로 - 교차로부근,승용,남,66세,상해없음,보행자,남,27세,경상
2022100100100286,2022년 10월 1일 13시,토요일,부산광역시 해운대구 중동,중상사고,0,1,0,0,차대차 - 측면충돌,안전운전불이행,건조,맑음,단일로 - 기타,승용,남,29세,상해없음,승용,여,41세,중상
2022100100100329,2022년 10월 1일 14시,토요일,부산광역시 동구 범일동,경상사고,0,0,1,1,차대차 - 측면충돌,신호위반,건조,맑음,교차로 - 교차로안,승용,여,42세,상해없음,승용,남,73세,경상
2022100100100330,2022년 10월 1일 14시,토요일,부산광역시 수영구 남천동,경상사고,0,0,2,0,차대차 - 추돌,안전운전불이행,건조,맑음,단일로 - 기타,화물,남,25세,상해없음,승용,남,53세,경상
2022100100100331,2022년 10월 1일 14시,토요일,부산광역시 사하구 다대동,경상사고,0,0,1,0,차대차 - 기타,안전운전불이행,건조,맑음,단일로 - 기타,승용,여,53세,상해없음,이륜,남,42세,경상
2022100100100364,2022년 10월 1일 15시,토요일,부산광역시 연제구 거제동,경상사고,0,0,2,0,차대차 - 기타,직진우회전진행방해,건조,맑음,교차로 - 교차로안,화물,남,53세,경상,승용,남,68세,경상
2022100100100442,2022년 10월 1일 17시,토요일,부산광역시 동구 초량동,경상사고,0,0,2,0,차대차 - 측면충돌,교차로운행방법위반,건조,맑음,교차로 - 교차로안,승용,남,57세,기타불명,승용,남,30세,경상
2022100100100444,2022년 10월 1일 17시,토요일,부산광역시 영도구 대평동1가,중상사고,0,1,0,0,차대사람 - 기타,신호위반,건조,맑음,단일로 - 기타,화물,남,60세,상해없음,보행자,여,2세,중상
2022100100100526,2022년 10월 1일 19시,토요일,부산광역시 남구 용호동,중상사고,0,1,0,0,차대차 - 기타,안전운전불이행,건조,맑음,교차로 - 교차로안,승용,남,38세,상해없음,이륜,남,18세,중상
2022100100100527,2022년 10월 1일 19시,토요일,부산광역시 기장군 일광읍,중상사고,0,1,0,0,차대차 - 측면충돌,중앙선침범,건조,맑음,단일로 - 기타,승용,남,42세,상해없음,승용,남,36세,중상
2022100100100604,2022년 10월 1일 21시,토요일,부산광역시 해운대구 중동,중상사고,0,1,0,0,차대사람 - 횡단중,안전운전불이행,건조,맑음,교차로 - 교차로횡단보도내,승용,남,44세,상해없음,보행자,남,74세,중상
2022100100100605,2022년 10월 1일 21시,토요일,부산광역시 부산진구 전포동,경상사고,0,0,3,0,차대차 - 기타,안전운전불이행,건조,맑음,단일로 - 기타,승용,남,30세,기타불명,승용,남,34세,경상