사고번호,사고일시,요일,시군구,사고내용,사망자수,중상자수,경상자수,부상신고자수,사고유형,법규위반,노면상태,기상상태,도로형태,가해운전자 차종,가해운전자 성별,가해운전자 연령,가해운전자 상해정도,피해운전자 차종,피해운전자 성별,피해운전자 연령,피해운전자 상해정도
2022100100100606,2022년 10월 1일 21시,토요일,부산광역시 연제구 연산동,중상사고,0,1,0,0,차대차 - 기타,신호위반,건조,맑음,교차로 - 교차로안,승용,남,52세,상해없음,이륜,남,27세,중상
2022100100100639,2022년 10월 1일 22시,토요일,부산광역시 수영구 광안동,경상사고,0,0,2,0,차대차 - 기타,안전운전불이행,건조,맑음,교차로 - 교차로안,승용,여,25세,상해없음,승용,남,24세,경상
2022100100100640,2022년 10월 1일 22시,토요일,부산광역시 부산진구 양정동,경상사고,0,0,2,0,차대차 - 기타,신호위반,건조,맑음,교차로 - 교차로안,승용,남,43세,상해없음,화물,여,32세,경상
2022100100100641,2022년 10월 1일 22시,토요일,부산광역시 부산진구 부전동,경상사고,0,0,1,0,차대사람 - 기타,안전운전불이행,건조,맑음,단일로 - 기타,이륜,남,26세,상해없음,보행자,남,27세,경상
2022100100100656,2022년 10월 1일 23시,토요일,부산광역시 북구 덕천동,경상사고,0,0,1,0,차대차 - 측면충돌,안전운전불이행,건조,맑음,교차로 - 교차로부근,승용,남,27세,상해없음,승용,남,68세,경상
2022100100100657,2022년 10월 1일 23시,토요일,부산광역시 북구 구포동,경상사고,0,0,2,0,차대차 - 추돌,안전운전불이행,건조,맑음,교차로 - 교차로부근,승용,남,38세,상해없음,승용,남,60세,경상
2022100200100003,2022년 10월 2일 00시,일요일,부산광역시 부산진구 전포동,경상사고,0,0,1,0,차대차 - 추돌,안전거리미확보,건조,맑음,단일로 - 기타,이륜,남,32세,상해없음,승용,남,53세,경상
2022100200100004,2022년 10월 2일 00시,일요일,부산광역시 금정구 장전동,경상사고,0,0,1,0,차대차 - 측면충돌,직진우회전진행방해,건조,맑음,교차로 - 교차로안,승용,남,29세,상해없음,승합,남,42세,경상
2022100200100050,2022년 10월 2일 05시,일요일,부산광역시 사하구 장림동,경상사고,0,0,1,0,차대차 - 기타,교차로운행방법위반,건조,맑음,교차로 - 교차로안,승용,남,79세,기타불명,승용,남,60세,경상
2022100200100062,2022년 10월 2일 07시,일요일,부산광역시 해운대구 좌동,경상사고,0,0,1,0,차대차 - 추돌,안전운전불이행,건조,맑음,단일로 - 기타,승용,남,21세,상해없음,승용,남,49세,경상
2022100200100078,2022년 10월 2일 09시,일요일,부산광역시 남구 대연동,경상사고,0,0,1,0,차대차 - 측면충돌,기타,건조,맑음,교차로 - 교차로부근,승용,남,79세,상해없음,자전거,남,38세,경상
2022100200100092,2022년 10월 2일 10시,일요일,부산광역시 기장군 장안읍,경상사고,0,0,3,0,차대차 - 측면충돌,안전운전불이행,건조,맑음,교차로 - 교차로부근,승용,남,49세,기타불명,승용,남,43세,경상
2022100200100185,2022년 10월 2일 14시,일요일,부산광역시 금정구 금사동,경상사고,0,0,2,0,차대차 - 추돌,안전운전불이행,건조,맑음,교차로 - 교차로부근,승용,남,67세,상해없음,승용,남,32세,경상
2022100200100186,2022년 10월 2일 14시,일요일,부산광역시 강서구 송정동,중상사고,0,2,0,0,차대차 - 측면충돌,신호위반,건조,맑음,교차로 - 교차로부근,승용,남,49세,상해없음,승용,남,47세,중상
2022100200100187,2022년 10월 2일 14시,일요일,부산광역시 사상구 감전동,경상사고,0,0,1,0,차대차 - 기타,안전운전불이행,건조,맑음,단일로 - 기타,이륜,남,34세,기타불명,승용,남,64세,경상
2022100200100219,2022년 10월 2일 15시,일요일,부산광역시 영도구 영선동4가,경상사고,0,0,4,0,차대차 - 측면충돌,안전운전불이행,건조,맑음,교차로 - 교차로부근,승용,남,36세,상해없음,승용,남,38세,경상
2022100200100220,2022년 10월 2일 15시,일요일,부산광역시 사상구 엄궁동,경상사고,0,0,4,0,차대차 - 측면충돌,안전거리미확보,건조,맑음,교차로 - 교차로부근,승용,남,71세,상해없음,승용,여,39세,경상
2022100200100248,2022년 10월 2일 16시,일요일,부산광역시 동구 초량동,경상사고,0,0,1,0,차대차 - 측면충돌,안전거리미확보,건조,맑음,단일로 - 기타,승용,남,60세,상해없음,승용,남,37세,경상
2022100200100249,2022년 10월 2일 16시,일요일,부산광역시 해운대구 우동,경상사고,0,0,1,0,차대차 - 측면충돌,안전운전불이행,건조,맑음,단일로 - 기타,승용,남,66세,상해없음,승용,남,26세,경상
2022100200100250,2022년 10월 2일 16시,일요일,부산광역시 기장군 기장읍,경상사고,0,0,2,6,차대차 - 추돌,안전거리미확보,건조,맑음,단일로 - 기타,승용,남,45세,상해없음,승용,남,45세,부상신고
2022100200100274,2022년 10월 2일 17시,일요일,부산광역시 북구 만덕동,경상사고,0,0,1,0,차대사람 - 기타,안전운전불이행,건조,맑음,교차로 - 교차로안,승용,여,60세,상해없음,보행자,여,28세,경상
2022100200100308,2022년 10월 2일 18시,일요일,부산광역시 해운대구 좌동,경상사고,0,0,1,0,차대차 - 측면충돌,안전운전불이행,건조,맑음,단일로 - 기타,승용,남,69세,상해없음,승용,남,30세,경상
2022100200100375,2022년 10월 2일 20시,일요일,부산광역시 중구 부평동2가,경상사고,0,0,1,0,차대사람 - 기타,안전운전불이행,건조,맑음,단일로 - 기타,승용,여,29세,상해없음,보행자,여,57세,경상
2022100200100376,2022년 10월 2일 20시,일요일,부산광역시 남구 대연동,경상사고,0,0,1,0,차대차 - 측면충돌,안전운전불이행,건조,맑음,교차로 - 교차로안,이륜,남,23세,경상,승용,남,60세,상해없음
2022100200100410,2022년 10월 2일 21시,일요일,부산광역시 남구 용호동,경상사고,0,0,1,0,차대사람 - 기타,보행자보호의무위반,건조,맑음,교차로 - 교차로안,승용,남,76세,상해없음,보행자,여,66세,경상
2022100200100411,2022년 10월 2일 21시,일요일,부산광역시 금정구 부곡동,중상사고,0,1,0,0,차대차 - 기타,신호위반,건조,맑음,단일로 - 터널,승용,여,49세,상해없음,이륜,남,23세,중상
2022100300100004,2022년 10월 3일 00시,월요일,부산광역시 부산진구 전포동,경상사고,0,0,2,0,차대차 - 측면충돌,안전운전불이행,건조,맑음,단일로 - 기타,승용,남,35세,상해없음,승용,여,33세,경상
2022100300100029,2022년 10월 3일 02시,월요일,부산광역시 남구 대연동,경상사고,0,0,1,0,차대차 - 측면충돌,안전거리미확보,건조,맑음,단일로 - 기타,화물,남,47세,상해없음,승용,남,63세,경상
2022100300100030,2022년 10월 3일 02시,월요일,부산광역시 수영구 광안동,경상사고,0,0,1,0,차대차 - 기타,교차로운행방법위반,건조,맑음,교차로 - 교차로안,화물,남,56세,상해없음,승용,남,28세,경상
2022100300100043,2022년 10월 3일 03시,월요일,부산광역시 사상구 괘법동,경상사고,0,0,1,0,차대차 - 정면충돌,신호위반,건조,맑음,교차로 - 교차로안,승용,남,51세,상해없음,승용,여,61세,경상
2022100300100080,2022년 10월 3일 08시,월요일,부산광역시 강서구 대저1동,경상사고,0,0,6,0,차대차 - 측면충돌,안전거리미확보,건조,맑음,단일로 - 기타,승용,여,65세,경상,건설기계,남,70세,경상
2022100300100139,2022년 10월 3일 11시,월요일,부산광역시 기장군 정관읍,경상사고,0,0,1,0,차대차 - 기타,직진우회전진행방해,건조,흐림,교차로 - 교차로안,승용,남,44세,상해없음,이륜,남,50세,경상
2022100300100164,2022년 10월 3일 12시,월요일,부산광역시 서구 남부민동,경상사고,0,0,4,0,차대차 - 기타,신호위반,젖음/습기,흐림,교차로 - 교차로부근,승용,남,64세,상해없음,승용,여,33세,경상
2022100300100165,2022년 10월 3일 12시,월요일,부산광역시 동래구 온천동,경상사고,0,0,1,0,차대사람 - 횡단중,보행자보호의무위반,건조,맑음,교차로 - 교차로횡단보도내,화물,남,49세,상해없음,보행자,남,45세,경상
2022100300100188,2022년 10월 3일 13시,월요일,부산광역시 사하구 괴정동,중상사고,0,1,0,0,차대사람 - 기타,안전운전불이행,건조,맑음,교차로 - 교차로부근,승용,남,56세,상해없음,보행자,여,74세,중상
2022100300100217,2022년 10월 3일 14시,월요일,부산광역시 서구 암남동,경상사고,0,0,1,0,차대차 - 추돌,안전거리미확보,젖음/습기,흐림,단일로 - 기타,화물,남,61세,상해없음,승용,남,48세,경상
2022100300100218,2022년 10월 3일 14시,월요일,부산광역시 동래구 안락동,경상사고,0,0,1,0,차대차 - 기타,안전운전불이행,젖음/습기,흐림,기타 - 기타,원동기,남,28세,상해없음,원동기,남,67세,경상
2022100300100219,2022년 10월 3일 14시,월요일,부산광역시 해운대구 우동,중상사고,0,2,5,0,차대차 - 기타,중앙선침범,젖음/습기,비,단일로 - 기타,승용,남,49세,상해없음,승용,남,47세,경상
2022100300100220,2022년 10월 3일 14시,월요일,부산광역시 기장군 정관읍,경상사고,0,0,1,0,차대사람 - 횡단중,신호위반,건조,흐림,교차로 - 교차로횡단보도내,이륜,남,43세,상해없음,보행자,남,7세,경상
2022100300100255,2022년 10월 3일 15시,월요일,부산광역시 강서구 명지동,경상사고,0,0,1,0,차량단독 - 공작물충돌,안전운전불이행,건조,맑음,단일로 - 기타,승합,남,42세,상해없음,,,,
2022100300100272,2022년 10월 3일 16시,월요일,부산광역시 연제구 연산동,부상신고사고,0,0,0,1,차대차 - 측면충돌,교차로운행방법위반,젖음/습기,흐림,교차로 - 교차로안,원동기,남,45세,부상신고,승용,남,66세,상해없음
2022100300100311,2022년 10월 3일 17시,월요일,부산광역시 부산진구 가야동,경상사고,0,0,1,0,차대차 - 기타,신호위반,젖음/습기,비,교차로 - 교차로안,승용,남,64세,상해없음,이륜,남,29세,경상
2022100300100339,2022년 10월 3일 18시,월요일,부산광역시 남구 대연동,부상신고사고,0,0,0,4,차대차 - 기타,신호위반,건조,맑음,교차로 - 교차로안,이륜,남,42세,상해없음,승용,여,42세,부상신고
2022100300100340,2022년 10월 3일 18시,월요일,부산광역시 부산진구 전포동,경상사고,0,0,1,0,차대차 - 기타,안전거리미확보,젖음/습기,흐림,단일로 - 기타,승용,여,23세,상해없음,승합,남,45세,상해없음
2022100300100341,2022년 10월 3일 18시,월요일,부산광역시 금정구 서동,중상사고,0,1,0,0,차대사람 - 횡단중,보행자보호의무위반,건조,맑음,교차로 - 교차로안,이륜,남,46세,상해없음,보행자,여,61세,중상
2022100300100409,2022년 10월 3일 20시,월요일,부산광역시 동구 초량동,경상사고,0,0,1,0,차대차 - 기타,안전운전불이행,건조,맑음,기타 - 기타,승용,남,63세,상해없음,승용,남,68세,경상
2022100300100410,2022년 10월 3일 20시,월요일,부산광역시 부산진구 부암동,경상사고,0,0,1,0,차대사람 - 기타,안전운전불이행,건조,맑음,단일로 - 기타,승용,남,72세,기타불명,보행자,여,19세,경상
2022100300100457,2022년 10월 3일 22시,월요일,부산광역시 기장군 철마면,경상사고,0,0,2,0,차대차 - 추돌,신호위반,건조,맑음,단일로 - 기타,승용,남,27세,경상,승용,남,22세,경상
2022100400100016,2022년 10월 4일 01시,화요일,부산광역시 부산진구 개금동,중상사고,0,1,1,1,차대차 - 기타,차로위반,건조,맑음,단일로 - 기타,개인형이동수단(PM),남,23세,부상신고,승용,남,65세,상해없음
2022100400100058,2022년 10월 4일 07시,화요일,부산광역시 사하구 장림동,경상사고,0,0,2,0,차대차 - 측면충돌,안전거리미확보,젖음/습기,비,교차로 - 교차로부근,화물,남,47세,상해없음,승용,여,48세,경상
2022100400100059,2022년 10월 4일 07시,화요일,부산광역시 강서구 명지동,경상사고,0,0,1,0,차대차 - 측면충돌,신호위반,건조,맑음,단일로 - 기타,승용,남,28세,상해없음,승용,남,26세,경상
2022100400100074,2022년 10월 4일 08시,화요일,부산광역시 강서구 성북동,중상사고,0,1,0,0,차대차 - 측면충돌,중앙선침범,건조,맑음,단일로 - 기타,승합,남,56세,상해없음,승용,남,35세,중상
2022100400100112,2022년 10월 4일 09시,화요일,부산광역시 동래구 온천동,경상사고,0,0,1,0,차대차 - 측면충돌,안전운전불이행,건조,맑음,교차로 - 교차로안,승용,남,67세,상해없음,이륜,남,25세,경상
2022100400100113,2022년 10월 4일 09시,화요일,부산광역시 사상구 주례동,경상사고,0,0,1,0,차대사람 - 기타,안전운전불이행,건조,맑음,기타 - 기타,승합,남,63세,상해없음,보행자,여,20세,경상
2022100400100144,2022년 10월 4일 10시,화요일,부산광역시 남구 감만동,경상사고,0,0,3,0,차대차 - 추돌,안전거리미확보,건조,맑음,교차로 - 교차로부근,화물,남,63세,기타불명,승용,남,34세,경상
2022100400100179,2022년 10월 4일 11시,화요일,부산광역시 연제구 연산동,경상사고,0,0,1,0,차대사람 - 길가장자리구역통행중,안전운전불이행,젖음/습기,비,단일로 - 기타,승용,남,39세,상해없음,보행자,여,24세,경상
2022100400100221,2022년 10월 4일 12시,화요일,부산광역시 부산진구 양정동,경상사고,0,0,1,0,차대사람 - 기타,안전운전불이행,젖음/습기,비,단일로 - 기타,승용,남,79세,상해없음,보행자,남,38세,경상
2022100400100222,2022년 10월 4일 12시,화요일,부산광역시 연제구 연산동,중상사고,0,1,0,0,차대차 - 기타,안전운전불이행,젖음/습기,흐림,교차로 - 교차로안,승용,남,65세,상해없음,이륜,남,23세,중상
2022100400100223,2022년 10월 4일 12시,화요일,부산광역시 사상구 감전동,경상사고,0,0,2,0,차대차 - 추돌,안전운전불이행,건조,맑음,단일로 - 기타,승용,남,53세,상해없음,승용,남,21세,경상
2022100400100250,2022년 10월 4일 13시,화요일,부산광역시 남구 대연동,경상사고,0,0,1,0,차대차 - 측면충돌,안전운전불이행,건조,맑음,단일로 - 기타,승용,남,81세,상해없음,특수,남,50세,상해없음
2022100400100276,2022년 10월 4일 14시,화요일,부산광역시 부산진구 부전동,경상사고,0,0,1,0,차대차 - 측면충돌,안전운전불이행,건조,맑음,단일로 - 기타,승용,남,42세,상해없음,이륜,남,38세,경상
2022100400100318,2022년 10월 4일 15시,화요일,부산광역시 연제구 연산동,경상사고,0,0,1,0,차대차 - 기타,직진우회전진행방해,건조,맑음,단일로 - 기타,승용,남,64세,상해없음,이륜,남,25세,경상
2022100400100352,2022년 10월 4일 16시,화요일,부산광역시 해운대구 송정동,경상사고,0,0,1,0,차대사람 - 횡단중,안전운전불이행,젖음/습기,비,교차로 - 교차로부근,승합,남,51세,상해없음,보행자,남,77세,경상
2022100400100353,2022년 10월 4일 16시,화요일,부산광역시 금정구 장전동,중상사고,0,1,0,0,차대차 - 기타,안전운전불이행,건조,맑음,단일로 - 기타,승용,여,66세,상해없음,승용,남,29세,중상
2022100400100386,2022년 10월 4일 17시,화요일,부산광역시 동구 좌천동,중상사고,0,1,0,0,차대사람 - 횡단중,안전운전불이행,건조,맑음,교차로 - 교차로안,화물,남,53세,상해없음,보행자,여,57세,중상
2022100400100387,2022년 10월 4일 17시,화요일,부산광역시 수영구 광안동,경상사고,0,0,1,0,차량단독 - 기타,기타,젖음/습기,비,단일로 - 기타,승합,남,59세,기타불명,,,,
2022100400100388,2022년 10월 4일 17시,화요일,부산광역시 해운대구 재송동,경상사고,0,0,2,0,차대차 - 기타,안전운전불이행,건조,맑음,단일로 - 기타,승용,여,49세,상해없음,화물,남,22세,경상
2022100400100422,2022년 10월 4일 18시,화요일,부산광역시 사하구 구평동,경상사고,0,0,1,0,차대차 - 측면충돌,안전거리미확보,젖음/습기,비,단일로 - 기타,승용,남,50세,상해없음,이륜,남,25세,경상
2022100400100423,2022년 10월 4일 18시,화요일,부산광역시 연제구 연산동,중상사고,0,1,1,0,차대차 - 추돌,안전운전불이행,젖음/습기,비,단일로 - 기타,승용,남,53세,상해없음,이륜,남,38세,중상
2022100400100424,2022년 10월 4일 18시,화요일,부산광역시 기장군 정관읍,중상사고,0,1,1,0,차대차 - 기타,직진우회전진행방해,젖음/습기,흐림,교차로 - 교차로안,승용,여,51세,상해없음,승용,남,40세,상해없음
2022100400100463,2022년 10월 4일 19시,화요일,부산광역시 연제구 연산동,경상사고,0,0,1,0,차대차 - 기타,교차로운행방법위반,젖음/습기,맑음,교차로 - 교차로안,승합,남,48세,상해없음,승용,여,29세,경상
2022100400100559,2022년 10월 4일 23시,화요일,부산광역시 연제구 연산동,경상사고,0,0,1,0,차대사람 - 길가장자리구역통행중,안전운전불이행,건조,맑음,단일로 - 기타,승용,남,60세,상해없음,보행자,남,59세,경상
2022100400100560,2022년 10월 4일 23시,화요일,부산광역시 사상구 괘법동,경상사고,0,0,1,0,차대차 - 정면충돌,신호위반,건조,맑음,단일로 - 기타,승용,남,44세,상해없음,승용,남,26세,경상
2022100500100013,2022년 10월 5일 01시,수요일,부산광역시 연제구 연산동,부상신고사고,0,0,0,1,차대사람 - 길가장자리구역통행중,안전운전불이행,건조,맑음,단일로 - 기타,승용,남,71세,상해없음,보행자,여,58세,부상신고
2022100500100024,2022년 10월 5일 03시,수요일,부산광역시 강서구 신호동,사망사고,1,0,0,0,차대사람 - 기타,중앙선침범,건조,맑음,단일로 - 기타,승용,남,25세,상해없음,보행자,남,33세,사망
2022100500100033,2022년 10월 5일 05시,수요일,부산광역시 동래구 온천동,중상사고,0,1,0,0,차대사람 - 횡단중,보행자보호의무위반,건조,맑음,교차로 - 교차로안,승용,남,73세,상해없음,보행자,남,70세,중상
2022100500100044,2022년 10월 5일 06시,수요일,부산광역시 동래구 온천동,경상사고,0,0,1,0,차대차 - 추돌,안전운전불이행,건조,맑음,교차로 - 교차로부근,승용,남,54세,상해없음,화물,남,65세,경상
2022100500100084,2022년 10월 5일 08시,수요일,부산광역시 사상구 괘법동,경상사고,0,0,1,0,차대차 - 측면충돌,안전거리미확보,건조,맑음,교차로 - 교차로안,승용,남,65세,상해없음,승용,남,67세,경상
2022100500100124,2022년 10월 5일 09시,수요일,부산광역시 중구 영주동,부상신고사고,0,0,0,1,차량단독 - 공작물충돌,안전운전불이행,건조,맑음,단일로 - 기타,승합,남,44세,상해없음,,,,
2022100500100125,2022년 10월 5일 09시,수요일,부산광역시 강서구 녹산동,중상사고,0,1,0,0,차대차 - 측면충돌,신호위반,건조,맑음,교차로 - 교차로안,승용,여,68세,상해없음,이륜,남,74세,중상
2022100500100156,2022년 10월 5일 10시,수요일,부산광역시 사하구 장림동,경상사고,0,0,1,0,차대차 - 기타,직진우회전진행방해,건조,맑음,단일로 - 지하차도(도로)내,화물,남,53세,상해없음,승용,남,67세,경상
2022100500100183,2022년 10월 5일 11시,수요일,부산광역시 부산진구 부전동,경상사고,0,0,1,0,차대차 - 추돌,안전거리미확보,건조,흐림,단일로 - 기타,승용,여,64세,상해없음,이륜,남,66세,경상
2022100500100184,2022년 10월 5일 11시,수요일,부산광역시 사하구 하단동,경상사고,0,0,3,0,차대차 - 추돌,안전운전불이행,건조,맑음,교차로 - 교차로부근,건설기계,남,63세,상해없음,승용,여,59세,경상
2022100500100209,2022년 10월 5일 12시,수요일,부산광역시 남구 용당동,경상사고,0,0,1,0,차대사람 - 기타,안전운전불이행,건조,맑음,단일로 - 기타,건설기계,남,58세,상해없음,보행자,남,22세,경상
2022100500100210,2022년 10월 5일 12시,수요일,부산광역시 강서구 강동동,경상사고,0,0,1,0,차대사람 - 길가장자리구역통행중,안전운전불이행,건조,맑음,교차로 - 교차로부근,화물,남,46세,상해없음,보행자,여,65세,경상
2022100500100248,2022년 10월 5일 13시,수요일,부산광역시 중구 영주동,경상사고,0,0,1,0,차대차 - 측면충돌,안전운전불이행,건조,맑음,단일로 - 기타,화물,남,80세,상해없음,승용,여,59세,경상
2022100500100272,2022년 10월 5일 14시,수요일,부산광역시 남구 용호동,중상사고,0,1,0,0,차대사람 - 기타,안전운전불이행,건조,맑음,교차로 - 교차로부근,승용,여,44세,상해없음,보행자,여,79세,중상
2022100500100273,2022년 10월 5일 14시,수요일,부산광역시 남구 용호동,경상사고,0,0,1,0,차대사람 - 기타,안전운전불이행,건조,맑음,단일로 - 기타,승용,남,55세,상해없음,보행자,여,81세,경상
2022100500100274,2022년 10월 5일 14시,수요일,부산광역시 강서구 대저2동,경상사고,0,0,1,0,차대차 - 기타,안전운전불이행,건조,맑음,교차로 - 교차로부근,승용,남,69세,상해없음,화물,남,51세,경상
2022100500100356,2022년 10월 5일 16시,수요일,부산광역시 사하구 신평동,부상신고사고,0,0,0,4,차대차 - 기타,안전거리미확보,건조,맑음,단일로 - 기타,건설기계,남,50세,기타불명,승용,남,35세,부상신고
2022100500100393,2022년 10월 5일 17시,수요일,부산광역시 동구 초량동,중상사고,0,1,0,0,차대차 - 측면충돌,교차로운행방법위반,건조,맑음,교차로 - 교차로부근,이륜,남,22세,중상,승용,남,66세,상해없음
2022100500100394,2022년 10월 5일 17시,수요일,부산광역시 수영구 남천동,경상사고,0,0,1,0,차대사람 - 길가장자리구역통행중,안전운전불이행,건조,맑음,단일로 - 기타,화물,남,82세,상해없음,보행자,여,14세,경상
2022100500100395,2022년 10월 5일 17시,수요일,부산광역시 해운대구 우동,경상사고,0,0,1,0,차대차 - 추돌,안전운전불이행,건조,맑음,단일로 - 기타,승용,남,67세,상해없음,이륜,남,39세,경상
2022100500100396,2022년 10월 5일 17시,수요일,부산광역시 부산진구 당감동,중상사고,0,1,0,0,차대차 - 측면충돌,신호위반,건조,맑음,교차로 - 교차로안,승용,남,61세,상해없음,이륜,남,21세,중상
2022100500100434,2022년 10월 5일 18시,수요일,부산광역시 북구 만덕동,부상신고사고,0,0,0,1,차대사람 - 기타,안전운전불이행,건조,맑음,단일로 - 기타,승용,여,60세,상해없음,보행자,남,41세,부상신고
2022100500100489,2022년 10월 5일 19시,수요일,부산광역시 남구 대연동,중상사고,0,1,0,0,차대차 - 추돌,안전운전불이행,건조,맑음,교차로 - 교차로안,승용,남,29세,상해없음,승용,여,24세,중상
2022100500100490,2022년 10월 5일 19시,수요일,부산광역시 영도구 청학동,중상사고,0,1,0,0,차대사람 - 횡단중,안전운전불이행,건조,맑음,기타 - 기타,승용,남,38세,상해없음,보행자,여,61세,중상
2022100500100535,2022년 10월 5일 20시,수요일,부산광역시 부산진구 당감동,경상사고,0,0,1,0,차대차 - 정면충돌,안전운전불이행,건조,맑음,단일로 - 기타,이륜,남,27세,경상,승용,남,64세,상해없음
2022100500100536,2022년 10월 5일 20시,수요일,부산광역시 강서구 대저2동,경상사고,0,0,1,0,차대차 - 측면충돌,안전운전불이행,건조,맑음,교차로 - 교차로안,승용,여,58세,상해없음,승용,남,40세,경상
2022100500100558,2022년 10월 5일 21시,수요일,부산광역시 영도구 영선동3가,경상사고,0,0,1,0,차대차 - 추돌,중앙선침범,건조,맑음,미분류 - 미분류,승용,남,28세,상해없음,승용,남,51세,상해없음
2022100500100559,2022년 10월 5일 21시,수요일,부산광역시 해운대구 우동,중상사고,0,1,0,0,차대사람 - 횡단중,안전운전불이행,건조,맑음,단일로 - 기타,승용,남,69세,상해없음,보행자,여,13세,중상
2022100500100560,2022년 10월 5일 21시,수요일,부산광역시 해운대구 중동,경상사고,0,0,1,0,차대차 - 기타,안전거리미확보,건조,맑음,단일로 - 기타,승용,남,63세,상해없음,승용,남,44세,경상
2022100500100596,2022년 10월 5일 23시,수요일,부산광역시 해운대구 재송동,경상사고,0,0,1,0,차대차 - 추돌,안전운전불이행,건조,맑음,교차로 - 교차로부근,승용,남,41세,상해없음,승용,남,21세,경상
2022100600100006,2022년 10월 6일 01시,목요일,부산광역시 부산진구 전포동,경상사고,0,0,1,1,차량단독 - 전도전복 - 전도,안전운전불이행,건조,기타,단일로 - 터널,이륜,남,26세,부상신고,,,,
2022100600100034,2022년 10월 6일 06시,목요일,부산광역시 중구 중앙동4가,경상사고,0,0,2,0,차대차 - 측면충돌,차로위반,건조,맑음,교차로 - 교차로안,화물,남,72세,상해없음,화물,남,22세,경상
2022100600100035,2022년 10월 6일 06시,목요일,부산광역시 사하구 하단동,부상신고사고,0,0,0,1,차대차 - 측면충돌,직진우회전진행방해,건조,맑음,교차로 - 교차로안,승용,남,65세,상해없음,승용,남,62세,상해없음
2022100600100055,2022년 10월 6일 07시,목요일,부산광역시 남구 대연동,중상사고,0,1,0,0,차대사람 - 차도통행중,안전운전불이행,젖음/습기,맑음,교차로 - 교차로부근,건설기계,남,49세,상해없음,보행자,남,74세,중상
2022100600100083,2022년 10월 6일 08시,목요일,부산광역시 서구 동대신동1가,경상사고,0,0,1,0,차대사람 - 기타,안전운전불이행,건조,맑음,교차로 - 교차로부근,화물,남,61세,상해없음,보행자,여,69세,경상
2022100600100084,2022년 10월 6일 08시,목요일,부산광역시 금정구 구서동,경상사고,0,0,1,0,차대차 - 측면충돌,안전운전불이행,건조,맑음,교차로 - 교차로안,승용,여,31세,상해없음,승용,남,48세,경상
2022100600100129,2022년 10월 6일 09시,목요일,부산광역시 남구 대연동,중상사고,0,2,0,0,차대차 - 측면충돌,안전운전불이행,건조,맑음,교차로 - 교차로부근,승용,남,63세,상해없음,승용,남,37세,중상
2022100600100162,2022년 10월 6일 10시,목요일,부산광역시 금정구 서동,경상사고,0,0,1,0,차대사람 - 기타,안전운전불이행,건조,맑음,단일로 - 기타,승용,여,33세,상해없음,보행자,여,74세,경상
2022100600100163,2022년 10월 6일 10시,목요일,부산광역시 사하구 하단동,경상사고,0,0,1,0,차대차 - 측면충돌,안전운전불이행,건조,맑음,교차로 - 교차로부근,이륜,남,48세,경상,화물,남,31세,상해없음
2022100600100230,2022년 10월 6일 12시,목요일,부산광역시 부산진구 범천동,경상사고,0,0,4,0,차대차 - 기타,안전운전불이행,건조,맑음,교차로 - 교차로안,승용,남,48세,기타불명,승용,여,35세,경상
2022100600100231,2022년 10월 6일 12시,목요일,부산광역시 사하구 장림동,경상사고,0,0,2,0,차대차 - 기타,안전운전불이행,건조,맑음,교차로 - 교차로안,승용,남,60세,기타불명,승용,남,38세,경상
2022100600100275,2022년 10월 6일 14시,목요일,부산광역시 부산진구 범천동,경상사고,0,0,1,0,차량단독 - 기타,안전운전불이행,건조,맑음,단일로 - 기타,승합,남,34세,상해없음,,,,
2022100600100276,2022년 10월 6일 14시,목요일,부산광역시 사하구 감천동,경상사고,0,0,1,0,차대차 - 측면충돌,안전운전불이행,건조,맑음,교차로 - 교차로안,화물,남,74세,상해없음,화물,남,30세,경상
2022100600100309,2022년 10월 6일 15시,목요일,부산광역시 북구 구포동,경상사고,0,0,1,0,차대사람 - 횡단중,보행자보호의무위반,건조,맑음,교차로 - 교차로횡단보도내,승용,여,67세,상해없음,보행자,여,48세,경상
2022100600100351,2022년 10월 6일 16시,목요일,부산광역시 동구 수정동,중상사고,0,1,0,0,차대사람 - 차도통행중,보행자보호의무위반,건조,맑음,단일로 - 기타,자전거,남,47세,상해없음,보행자,여,73세,중상
2022100600100391,2022년 10월 6일 17시,목요일,부산광역시 부산진구 전포동,중상사고,0,1,0,0,차대사람 - 횡단중,보행자보호의무위반,건조,맑음,단일로 - 기타,이륜,여,22세,상해없음,보행자,여,49세,중상
2022100600100426,2022년 10월 6일 18시,목요일,부산광역시 기장군 정관읍,경상사고,0,0,1,0,차대사람 - 기타,안전운전불이행,건조,맑음,기타 - 기타,승용,남,53세,상해없음,보행자,남,7세,경상
2022100600100482,2022년 10월 6일 19시,목요일,부산광역시 남구 용호동,경상사고,0,0,1,0,차대사람 - 차도통행중,안전운전불이행,건조,맑음,단일로 - 기타,화물,남,67세,상해없음,보행자,남,16세,경상
2022100600100483,2022년 10월 6일 19시,목요일,부산광역시 해운대구 우동,경상사고,0,0,1,0,차대차 - 추돌,안전거리미확보,건조,맑음,단일로 - 고가도로위,승용,남,70세,상해없음,승용,여,61세,경상
2022100600100549,2022년 10월 6일 21시,목요일,부산광역시 동래구 사직동,경상사고,0,0,1,0,차대차 - 추돌,안전거리미확보,건조,맑음,단일로 - 기타,승용,여,54세,상해없음,이륜,남,55세,경상