사고번호,사고일시,요일,시군구,사고내용,사망자수,중상자수,경상자수,부상신고자수,사고유형,법규위반,노면상태,기상상태,도로형태,가해운전자 차종,가해운전자 성별,가해운전자 연령,가해운전자 상해정도,피해운전자 차종,피해운전자 성별,피해운전자 연령,피해운전자 상해정도
2022100600100550,2022년 10월 6일 21시,목요일,부산광역시 사하구 괴정동,경상사고,0,0,1,0,차대사람 - 기타,안전운전불이행,건조,맑음,단일로 - 지하차도(도로)내,승용,남,43세,상해없음,보행자,남,34세,경상
2022100600100576,2022년 10월 6일 22시,목요일,부산광역시 해운대구 우동,경상사고,0,0,2,0,차대차 - 측면충돌,안전운전불이행,건조,맑음,단일로 - 기타,승용,남,29세,상해없음,승용,여,42세,경상
2022100600100577,2022년 10월 6일 22시,목요일,부산광역시 연제구 연산동,중상사고,0,1,0,0,차대사람 - 기타,중앙선침범,건조,맑음,단일로 - 기타,승용,남,30세,상해없음,보행자,남,64세,중상
2022100700100004,2022년 10월 7일 00시,금요일,부산광역시 북구 구포동,중상사고,0,1,0,0,차대사람 - 횡단중,안전운전불이행,건조,맑음,단일로 - 기타,승용,남,51세,상해없음,보행자,여,38세,중상
2022100700100016,2022년 10월 7일 02시,금요일,부산광역시 서구 남부민동,경상사고,0,0,1,0,차량단독 - 공작물충돌,안전운전불이행,젖음/습기,맑음,교차로 - 교차로안,승용,여,31세,경상,,,,
2022100700100017,2022년 10월 7일 02시,금요일,부산광역시 해운대구 반여동,경상사고,0,0,1,0,차대차 - 추돌,안전운전불이행,건조,맑음,교차로 - 교차로부근,승용,남,38세,상해없음,승용,남,48세,경상
2022100700100029,2022년 10월 7일 04시,금요일,부산광역시 서구 초장동,중상사고,0,1,0,0,차대사람 - 횡단중,신호위반,젖음/습기,비,교차로 - 교차로안,승용,남,69세,상해없음,보행자,여,72세,중상
2022100700100039,2022년 10월 7일 05시,금요일,부산광역시 부산진구 부전동,경상사고,0,0,3,0,차대차 - 측면충돌,신호위반,건조,맑음,교차로 - 교차로안,승용,남,73세,상해없음,승합,남,63세,경상
2022100700100052,2022년 10월 7일 06시,금요일,부산광역시 강서구 명지동,중상사고,0,1,1,0,차대차 - 추돌,안전운전불이행,건조,맑음,단일로 - 기타,화물,남,63세,상해없음,승용,남,40세,중상
2022100700100072,2022년 10월 7일 07시,금요일,부산광역시 사하구 괴정동,중상사고,0,1,0,0,차대사람 - 기타,안전운전불이행,건조,맑음,단일로 - 기타,승용,여,41세,상해없음,보행자,남,73세,중상
2022100700100108,2022년 10월 7일 08시,금요일,부산광역시 남구 용호동,중상사고,0,1,0,0,차대사람 - 횡단중,안전운전불이행,건조,맑음,교차로 - 교차로안,승용,여,48세,상해없음,보행자,남,83세,중상
2022100700100109,2022년 10월 7일 08시,금요일,부산광역시 동래구 사직동,중상사고,0,1,0,0,차대사람 - 횡단중,보행자보호의무위반,건조,맑음,교차로 - 교차로횡단보도내,승용,남,44세,상해없음,보행자,남,13세,중상
2022100700100110,2022년 10월 7일 08시,금요일,부산광역시 해운대구 재송동,경상사고,0,0,1,0,차대차 - 측면충돌,안전운전불이행,젖음/습기,맑음,단일로 - 기타,자전거,남,17세,경상,승용,남,64세,상해없음
2022100700100162,2022년 10월 7일 09시,금요일,부산광역시 동래구 안락동,중상사고,0,1,0,0,차대차 - 측면충돌,안전거리미확보,건조,맑음,교차로 - 교차로부근,화물,남,62세,상해없음,화물,남,43세,중상
2022100700100163,2022년 10월 7일 09시,금요일,부산광역시 사하구 신평동,중상사고,0,1,0,0,차대차 - 기타,안전운전불이행,건조,맑음,교차로 - 교차로안,승용,여,48세,기타불명,승용,여,62세,중상
2022100700100261,2022년 10월 7일 12시,금요일,부산광역시 사하구 다대동,경상사고,0,0,1,0,차대차 - 추돌,안전운전불이행,건조,맑음,교차로 - 교차로부근,승용,여,20세,상해없음,승용,남,45세,경상
2022100700100262,2022년 10월 7일 12시,금요일,부산광역시 강서구 명지동,경상사고,0,0,1,0,차대차 - 추돌,안전운전불이행,건조,맑음,교차로 - 교차로부근,승용,남,41세,기타불명,승용,여,37세,경상
2022100700100263,2022년 10월 7일 12시,금요일,부산광역시 사상구 주례동,경상사고,0,0,1,0,차대차 - 측면충돌,신호위반,건조,맑음,교차로 - 교차로부근,승용,남,63세,상해없음,승합,남,27세,경상
2022100700100300,2022년 10월 7일 13시,금요일,부산광역시 수영구 남천동,중상사고,0,1,0,0,차대차 - 추돌,안전운전불이행,건조,맑음,단일로 - 기타,승용,남,80세,상해없음,승용,여,50세,중상
2022100700100302,2022년 10월 7일 13시,금요일,부산광역시 금정구 남산동,경상사고,0,0,1,0,차대차 - 측면충돌,차로위반,건조,맑음,교차로 - 교차로부근,승용,여,36세,상해없음,승용,여,45세,경상
2022100700100343,2022년 10월 7일 14시,금요일,부산광역시 해운대구 재송동,경상사고,0,0,1,0,차대차 - 후진중충돌,안전운전불이행,건조,맑음,단일로 - 기타,승용,남,41세,상해없음,승용,남,40세,경상
2022100700100382,2022년 10월 7일 15시,금요일,부산광역시 해운대구 반여동,경상사고,0,0,2,0,차대차 - 측면충돌,기타,건조,맑음,교차로 - 교차로안,승용,남,49세,상해없음,승용,여,46세,경상
2022100700100383,2022년 10월 7일 15시,금요일,부산광역시 부산진구 부전동,경상사고,0,0,2,0,차대차 - 측면충돌,신호위반,건조,맑음,단일로 - 기타,승용,여,48세,상해없음,승용,남,39세,경상
2022100700100384,2022년 10월 7일 15시,금요일,부산광역시 사상구 감전동,경상사고,0,0,1,0,차대차 - 측면충돌,안전거리미확보,건조,맑음,단일로 - 기타,승용,남,58세,상해없음,화물,남,50세,경상
2022100700100415,2022년 10월 7일 16시,금요일,부산광역시 남구 문현동,중상사고,0,1,0,0,차대사람 - 기타,안전운전불이행,건조,맑음,단일로 - 기타,승용,여,58세,상해없음,보행자,여,65세,중상
2022100700100416,2022년 10월 7일 16시,금요일,부산광역시 영도구 영선동2가,중상사고,0,1,0,0,차대사람 - 횡단중,보행자보호의무위반,건조,맑음,교차로 - 교차로부근,승용,남,33세,상해없음,보행자,여,9세,중상
2022100700100417,2022년 10월 7일 16시,금요일,부산광역시 부산진구 양정동,경상사고,0,0,2,0,차대차 - 측면충돌,직진우회전진행방해,건조,맑음,교차로 - 교차로안,화물,남,58세,상해없음,승용,여,53세,경상
2022100700100418,2022년 10월 7일 16시,금요일,부산광역시 사하구 하단동,경상사고,0,0,1,0,차대사람 - 기타,기타,건조,맑음,기타 - 기타,승용,남,71세,기타불명,보행자,남,67세,경상
2022100700100419,2022년 10월 7일 16시,금요일,부산광역시 사하구 신평동,경상사고,0,0,1,0,차대차 - 추돌,중앙선침범,건조,맑음,단일로 - 기타,승용,여,30세,경상,승용,남,62세,상해없음
2022100700100420,2022년 10월 7일 16시,금요일,부산광역시 사상구 덕포동,중상사고,0,1,0,0,차대사람 - 횡단중,보행자보호의무위반,건조,맑음,교차로 - 교차로횡단보도내,승용,여,41세,상해없음,보행자,여,77세,중상
2022100700100465,2022년 10월 7일 17시,금요일,부산광역시 동래구 온천동,경상사고,0,0,1,0,차대차 - 측면충돌,기타,건조,맑음,단일로 - 기타,승용,남,45세,상해없음,승용,남,56세,경상
2022100700100466,2022년 10월 7일 17시,금요일,부산광역시 영도구 봉래동3가,경상사고,0,0,1,0,차대차 - 기타,안전운전불이행,건조,맑음,교차로 - 교차로안,승용,여,62세,상해없음,승용,남,30세,경상
2022100700100467,2022년 10월 7일 17시,금요일,부산광역시 강서구 송정동,경상사고,0,0,2,0,차대차 - 측면충돌,안전운전불이행,건조,맑음,교차로 - 교차로부근,승용,여,53세,상해없음,승용,여,44세,경상
2022100700100505,2022년 10월 7일 18시,금요일,부산광역시 부산진구 전포동,경상사고,0,0,1,0,차대차 - 측면충돌,신호위반,건조,맑음,교차로 - 교차로안,화물,남,43세,상해없음,자전거,남,33세,경상
2022100700100506,2022년 10월 7일 18시,금요일,부산광역시 부산진구 부전동,경상사고,0,0,4,1,차대차 - 측면충돌,교차로운행방법위반,건조,맑음,교차로 - 교차로안,승용,남,46세,상해없음,승용,남,30세,경상
2022100700100507,2022년 10월 7일 18시,금요일,부산광역시 강서구 명지동,중상사고,0,1,0,0,차대차 - 기타,중앙선침범,건조,맑음,교차로 - 교차로부근,승용,남,41세,상해없음,원동기,남,39세,중상
2022100700100508,2022년 10월 7일 18시,금요일,부산광역시 사상구 감전동,중상사고,0,1,0,0,차대사람 - 횡단중,안전운전불이행,건조,맑음,교차로 - 교차로안,승용,남,50세,상해없음,보행자,남,70세,중상
2022100700100565,2022년 10월 7일 19시,금요일,부산광역시 부산진구 전포동,중상사고,0,1,0,0,차대사람 - 횡단중,안전운전불이행,건조,맑음,교차로 - 교차로안,승용,남,32세,상해없음,보행자,여,70세,중상
2022100700100566,2022년 10월 7일 19시,금요일,부산광역시 부산진구 양정동,중상사고,0,1,0,0,차대사람 - 기타,안전운전불이행,건조,맑음,단일로 - 기타,승용,여,60세,상해없음,보행자,남,13세,중상
2022100700100567,2022년 10월 7일 19시,금요일,부산광역시 사하구 감천동,경상사고,0,0,1,0,차대차 - 측면충돌,안전거리미확보,건조,맑음,단일로 - 기타,승용,여,59세,상해없음,이륜,남,21세,경상
2022100700100606,2022년 10월 7일 20시,금요일,부산광역시 사하구 괴정동,경상사고,0,0,1,1,차대차 - 측면충돌,안전운전불이행,건조,맑음,단일로 - 기타,이륜,남,31세,부상신고,승용,남,67세,경상
2022100700100607,2022년 10월 7일 20시,금요일,부산광역시 연제구 연산동,경상사고,0,0,1,0,차대사람 - 보도통행중,기타,건조,맑음,기타 - 기타,개인형이동수단(PM),남,18세,상해없음,보행자,여,52세,경상
2022100700100638,2022년 10월 7일 21시,금요일,부산광역시 사하구 괴정동,경상사고,0,0,1,0,차량단독 - 기타,안전운전불이행,건조,맑음,단일로 - 기타,승용,여,61세,상해없음,,,,
2022100700100674,2022년 10월 7일 22시,금요일,부산광역시 해운대구 재송동,중상사고,0,1,1,0,차대차 - 추돌,안전운전불이행,건조,맑음,단일로 - 기타,승용,남,37세,상해없음,승용,남,60세,경상
2022100800100035,2022년 10월 8일 02시,토요일,부산광역시 동래구 명륜동,경상사고,0,0,1,0,차대차 - 기타,안전운전불이행,건조,맑음,교차로 - 교차로안,승용,남,69세,상해없음,승용,남,51세,경상
2022100800100046,2022년 10월 8일 03시,토요일,부산광역시 사하구 다대동,부상신고사고,0,0,0,1,차대차 - 추돌,안전운전불이행,건조,맑음,단일로 - 기타,승용,남,25세,부상신고,승합,남,미분류,기타불명
2022100800100060,2022년 10월 8일 05시,토요일,부산광역시 부산진구 부전동,경상사고,0,0,1,0,차대차 - 측면충돌,신호위반,건조,맑음,교차로 - 교차로안,승합,남,74세,상해없음,승용,남,60세,경상
2022100800100076,2022년 10월 8일 06시,토요일,부산광역시 수영구 광안동,사망사고,1,0,0,0,차대사람 - 횡단중,기타,건조,맑음,단일로 - 기타,승용,남,61세,상해없음,보행자,남,76세,사망
2022100800100077,2022년 10월 8일 06시,토요일,부산광역시 강서구 대저2동,중상사고,0,1,0,0,차대차 - 측면충돌,교차로운행방법위반,건조,맑음,교차로 - 교차로안,승용,남,45세,상해없음,화물,남,71세,중상
2022100800100090,2022년 10월 8일 07시,토요일,부산광역시 중구 남포동6가,중상사고,0,1,0,0,차대사람 - 기타,안전운전불이행,건조,맑음,단일로 - 기타,자전거,남,77세,상해없음,보행자,여,60세,중상
2022100800100110,2022년 10월 8일 08시,토요일,부산광역시 해운대구 재송동,중상사고,0,1,0,0,차대사람 - 기타,안전운전불이행,건조,맑음,기타 - 기타,화물,남,73세,상해없음,보행자,남,55세,중상
2022100800100130,2022년 10월 8일 09시,토요일,부산광역시 북구 만덕동,부상신고사고,0,0,0,1,차대차 - 기타,안전거리미확보,건조,맑음,단일로 - 기타,승용,남,77세,상해없음,승용,여,39세,부상신고
2022100800100131,2022년 10월 8일 09시,토요일,부산광역시 강서구 신호동,경상사고,0,0,1,0,차대차 - 기타,보행자보호의무위반,건조,맑음,교차로 - 교차로횡단보도내,승용,남,44세,상해없음,자전거,남,6세,경상
2022100800100240,2022년 10월 8일 12시,토요일,부산광역시 동래구 칠산동,경상사고,0,0,1,0,차대차 - 측면충돌,안전운전불이행,건조,맑음,단일로 - 기타,승용,여,37세,상해없음,승용,여,53세,경상
2022100800100241,2022년 10월 8일 12시,토요일,부산광역시 사하구 장림동,부상신고사고,0,0,0,1,차대차 - 측면충돌,안전운전불이행,건조,맑음,교차로 - 교차로안,이륜,남,70세,부상신고,승용,남,42세,상해없음
2022100800100293,2022년 10월 8일 13시,토요일,부산광역시 수영구 광안동,경상사고,0,0,1,0,차대사람 - 횡단중,안전운전불이행,건조,맑음,교차로 - 교차로안,승용,남,61세,상해없음,보행자,여,20세,경상
2022100800100336,2022년 10월 8일 14시,토요일,부산광역시 동래구 안락동,중상사고,0,1,1,0,차대차 - 추돌,안전운전불이행,건조,맑음,교차로 - 교차로부근,승용,남,52세,상해없음,승용,남,33세,경상
2022100800100337,2022년 10월 8일 14시,토요일,부산광역시 기장군 정관읍,경상사고,0,0,1,0,차대차 - 측면충돌,안전운전불이행,건조,맑음,교차로 - 교차로부근,승용,여,46세,상해없음,승합,남,60세,상해없음
2022100800100364,2022년 10월 8일 15시,토요일,부산광역시 해운대구 우동,부상신고사고,0,0,0,1,차대차 - 측면충돌,안전운전불이행,건조,맑음,단일로 - 기타,자전거,남,14세,상해없음,자전거,남,85세,부상신고
2022100800100402,2022년 10월 8일 16시,토요일,부산광역시 서구 토성동3가,경상사고,0,0,1,0,차대차 - 측면충돌,교차로운행방법위반,건조,맑음,교차로 - 교차로안,승용,남,76세,상해없음,이륜,남,83세,경상
2022100800100403,2022년 10월 8일 16시,토요일,부산광역시 강서구 대저2동,경상사고,0,0,1,1,차대차 - 기타,기타,건조,맑음,단일로 - 기타,승용,남,26세,부상신고,승용,남,61세,경상
2022100800100445,2022년 10월 8일 17시,토요일,부산광역시 부산진구 부암동,경상사고,0,0,3,0,차대차 - 기타,교차로운행방법위반,건조,맑음,교차로 - 교차로안,승용,남,76세,경상,승용,여,34세,경상
2022100800100446,2022년 10월 8일 17시,토요일,부산광역시 사하구 하단동,경상사고,0,0,1,0,차대차 - 측면충돌,신호위반,건조,맑음,교차로 - 교차로안,화물,여,51세,상해없음,이륜,남,51세,경상
2022100800100447,2022년 10월 8일 17시,토요일,부산광역시 사하구 신평동,경상사고,0,0,1,0,차대차 - 측면충돌,교차로운행방법위반,건조,맑음,교차로 - 교차로부근,승용,남,46세,경상,이륜,남,20세,기타불명
2022100800100490,2022년 10월 8일 18시,토요일,부산광역시 수영구 망미동,중상사고,0,1,0,0,차대차 - 기타,교차로운행방법위반,건조,맑음,교차로 - 교차로안,화물,남,37세,상해없음,승용,남,70세,상해없음
2022100800100491,2022년 10월 8일 18시,토요일,부산광역시 사상구 모라동,경상사고,0,0,2,0,차대차 - 추돌,안전거리미확보,건조,맑음,교차로 - 교차로부근,승합,남,55세,상해없음,화물,남,50세,경상
2022100800100539,2022년 10월 8일 19시,토요일,부산광역시 서구 초장동,경상사고,0,0,1,0,차대사람 - 기타,안전운전불이행,건조,맑음,단일로 - 기타,승용,남,57세,상해없음,보행자,남,25세,경상
2022100800100540,2022년 10월 8일 19시,토요일,부산광역시 수영구 광안동,경상사고,0,0,3,0,차대차 - 측면충돌,안전거리미확보,건조,맑음,단일로 - 기타,승용,남,67세,상해없음,승용,여,45세,경상
2022100800100541,2022년 10월 8일 19시,토요일,부산광역시 동래구 명륜동,경상사고,0,0,1,0,차대차 - 측면충돌,안전운전불이행,건조,맑음,단일로 - 기타,승용,남,75세,상해없음,화물,남,28세,경상
2022100800100542,2022년 10월 8일 19시,토요일,부산광역시 강서구 명지동,중상사고,0,1,1,0,차대차 - 측면충돌,신호위반,건조,맑음,단일로 - 기타,승용,남,37세,상해없음,승용,남,74세,경상
2022100800100580,2022년 10월 8일 20시,토요일,부산광역시 남구 대연동,경상사고,0,0,1,1,차대차 - 측면충돌,신호위반,건조,맑음,단일로 - 기타,이륜,남,35세,부상신고,이륜,남,26세,경상
2022100800100581,2022년 10월 8일 20시,토요일,부산광역시 수영구 민락동,경상사고,0,0,1,0,차대사람 - 기타,기타,건조,맑음,단일로 - 기타,자전거,여,31세,상해없음,보행자,여,32세,경상
2022100800100582,2022년 10월 8일 20시,토요일,부산광역시 기장군 정관읍,중상사고,0,4,3,0,차대차 - 추돌,안전운전불이행,건조,맑음,교차로 - 교차로부근,건설기계,남,55세,상해없음,승용,여,41세,중상
2022100800100611,2022년 10월 8일 21시,토요일,부산광역시 북구 만덕동,중상사고,0,1,0,0,차대사람 - 횡단중,안전운전불이행,건조,맑음,교차로 - 교차로안,이륜,남,33세,상해없음,보행자,남,61세,중상
2022100800100612,2022년 10월 8일 21시,토요일,부산광역시 사하구 하단동,경상사고,0,0,1,0,차대사람 - 차도통행중,안전운전불이행,건조,맑음,교차로 - 교차로안,화물,남,57세,상해없음,보행자,남,41세,경상
2022100800100613,2022년 10월 8일 21시,토요일,부산광역시 강서구 지사동,부상신고사고,0,0,0,1,차량단독 - 공작물충돌,안전운전불이행,건조,맑음,교차로 - 교차로부근,승용,남,73세,상해없음,,,,
2022100800100633,2022년 10월 8일 22시,토요일,부산광역시 중구 남포동5가,중상사고,0,1,0,0,차대사람 - 횡단중,안전운전불이행,건조,맑음,단일로 - 기타,이륜,남,27세,기타불명,보행자,남,71세,중상
2022100800100634,2022년 10월 8일 22시,토요일,부산광역시 해운대구 중동,중상사고,0,2,0,0,차대차 - 기타,안전운전불이행,기타,맑음,단일로 - 기타,개인형이동수단(PM),남,15세,중상,이륜,남,37세,중상
2022100800100647,2022년 10월 8일 23시,토요일,부산광역시 부산진구 양정동,경상사고,0,0,1,0,차대차 - 기타,안전운전불이행,건조,맑음,단일로 - 기타,승용,남,55세,상해없음,이륜,남,41세,경상
2022100900100016,2022년 10월 9일 01시,일요일,부산광역시 동래구 온천동,경상사고,0,0,1,0,차대차 - 측면충돌,신호위반,건조,맑음,교차로 - 교차로안,자전거,남,31세,상해없음,승용,남,66세,상해없음
2022100900100017,2022년 10월 9일 01시,일요일,부산광역시 기장군 기장읍,경상사고,0,0,1,0,차대차 - 측면충돌,안전운전불이행,건조,맑음,단일로 - 기타,승용,남,28세,상해없음,승용,여,70세,경상
2022100900100031,2022년 10월 9일 02시,일요일,부산광역시 부산진구 전포동,중상사고,0,1,0,0,차대차 - 측면충돌,신호위반,건조,맑음,교차로 - 교차로안,승용,남,28세,상해없음,이륜,남,29세,중상
2022100900100039,2022년 10월 9일 03시,일요일,부산광역시 남구 용호동,경상사고,0,0,1,0,차대차 - 정면충돌,중앙선침범,건조,맑음,단일로 - 기타,승용,남,17세,기타불명,승용,남,23세,경상
2022100900100105,2022년 10월 9일 10시,일요일,부산광역시 해운대구 중동,경상사고,0,0,2,0,차대차 - 측면충돌,안전거리미확보,건조,맑음,교차로 - 교차로안,승용,여,57세,상해없음,승용,여,38세,경상
2022100900100127,2022년 10월 9일 11시,일요일,부산광역시 금정구 장전동,경상사고,0,0,1,0,차대차 - 측면충돌,안전거리미확보,건조,맑음,교차로 - 교차로부근,승용,남,67세,상해없음,승용,남,25세,경상
2022100900100149,2022년 10월 9일 12시,일요일,부산광역시 수영구 남천동,경상사고,0,0,1,0,차대차 - 측면충돌,기타,건조,맑음,단일로 - 기타,승용,남,63세,상해없음,승용,남,37세,경상
2022100900100150,2022년 10월 9일 12시,일요일,부산광역시 기장군 기장읍,경상사고,0,0,1,0,차대차 - 측면충돌,안전운전불이행,건조,맑음,교차로 - 교차로안,승합,남,63세,상해없음,이륜,여,25세,경상
2022100900100186,2022년 10월 9일 13시,일요일,부산광역시 부산진구 부전동,경상사고,0,0,2,0,차대차 - 측면충돌,교차로운행방법위반,건조,맑음,교차로 - 교차로안,화물,남,48세,상해없음,승용,남,47세,경상
2022100900100213,2022년 10월 9일 14시,일요일,부산광역시 동래구 사직동,중상사고,0,1,0,0,차대차 - 기타,안전운전불이행,건조,맑음,단일로 - 기타,이륜,남,50세,중상,승용,남,58세,상해없음
2022100900100247,2022년 10월 9일 15시,일요일,부산광역시 강서구 범방동,중상사고,0,2,0,0,차대차 - 기타,교차로운행방법위반,건조,맑음,교차로 - 교차로안,승용,남,40세,상해없음,승용,남,55세,상해없음
2022100900100248,2022년 10월 9일 15시,일요일,부산광역시 기장군 기장읍,경상사고,0,0,2,0,차대차 - 추돌,안전운전불이행,건조,맑음,교차로 - 교차로부근,승용,남,66세,상해없음,승용,남,39세,경상
2022100900100278,2022년 10월 9일 16시,일요일,부산광역시 북구 덕천동,경상사고,0,0,1,0,차대차 - 측면충돌,안전거리미확보,건조,맑음,교차로 - 교차로부근,이륜,남,27세,상해없음,이륜,남,34세,경상
2022100900100297,2022년 10월 9일 17시,일요일,부산광역시 기장군 철마면,경상사고,0,0,2,0,차대차 - 기타,안전운전불이행,건조,맑음,단일로 - 기타,승용,남,70세,기타불명,승합,남,62세,상해없음
2022100900100334,2022년 10월 9일 18시,일요일,부산광역시 금정구 남산동,경상사고,0,0,1,0,차대차 - 추돌,안전운전불이행,건조,맑음,기타 - 기타,승용,남,42세,상해없음,승용,남,29세,경상
2022100900100437,2022년 10월 9일 20시,일요일,부산광역시 중구 보수동1가,경상사고,0,0,1,0,차대사람 - 보도통행중,신호위반,젖음/습기,비,교차로 - 교차로안,이륜,남,31세,상해없음,보행자,남,32세,경상
2022100900100438,2022년 10월 9일 20시,일요일,부산광역시 남구 대연동,중상사고,0,1,0,0,차대사람 - 보도통행중,안전운전불이행,젖음/습기,비,단일로 - 기타,이륜,남,36세,상해없음,보행자,여,68세,중상
2022100900100469,2022년 10월 9일 21시,일요일,부산광역시 수영구 민락동,경상사고,0,0,4,0,차대차 - 추돌,안전운전불이행,젖음/습기,비,단일로 - 기타,승용,남,56세,상해없음,승용,여,51세,경상
2022100900100470,2022년 10월 9일 21시,일요일,부산광역시 사하구 장림동,경상사고,0,0,1,0,차대사람 - 횡단중,보행자보호의무위반,젖음/습기,비,단일로 - 기타,승용,여,40세,상해없음,보행자,여,24세,경상
2022101000100025,2022년 10월 10일 03시,월요일,부산광역시 금정구 남산동,중상사고,0,1,0,0,차대차 - 기타,신호위반,건조,맑음,교차로 - 교차로안,승용,남,54세,기타불명,이륜,남,33세,중상
2022101000100035,2022년 10월 10일 04시,월요일,부산광역시 해운대구 우동,중상사고,0,1,0,0,차량단독 - 공작물충돌,안전운전불이행,건조,맑음,단일로 - 기타,이륜,남,15세,중상,,,,
2022101000100096,2022년 10월 10일 10시,월요일,부산광역시 사하구 신평동,경상사고,0,0,1,0,차대차 - 기타,기타,건조,맑음,단일로 - 교량,화물,남,44세,상해없음,건설기계,남,38세,경상
2022101000100167,2022년 10월 10일 13시,월요일,부산광역시 강서구 구랑동,경상사고,0,0,5,0,차대차 - 측면충돌,신호위반,건조,맑음,교차로 - 교차로안,승용,남,46세,상해없음,승용,남,32세,경상
2022101000100168,2022년 10월 10일 13시,월요일,부산광역시 사상구 모라동,경상사고,0,0,1,0,차대차 - 측면충돌,안전운전불이행,건조,맑음,단일로 - 터널,승용,남,42세,기타불명,승용,남,58세,경상
2022101000100200,2022년 10월 10일 14시,월요일,부산광역시 해운대구 반여동,경상사고,0,0,3,0,차대차 - 기타,신호위반,건조,맑음,교차로 - 교차로부근,원동기,남,68세,상해없음,승용,남,38세,상해없음
2022101000100201,2022년 10월 10일 14시,월요일,부산광역시 금정구 장전동,경상사고,0,0,1,0,차대사람 - 차도통행중,안전운전불이행,건조,맑음,단일로 - 기타,승용,여,42세,상해없음,보행자,남,32세,경상
2022101000100202,2022년 10월 10일 14시,월요일,부산광역시 금정구 노포동,부상신고사고,0,0,0,1,차대차 - 측면충돌,안전거리미확보,건조,맑음,단일로 - 기타,화물,남,50세,상해없음,승용,여,43세,부상신고
2022101000100240,2022년 10월 10일 15시,월요일,부산광역시 기장군 기장읍,중상사고,0,1,0,0,차대사람 - 기타,안전운전불이행,건조,맑음,기타 - 기타,승용,여,44세,상해없음,보행자,여,38세,중상
2022101000100284,2022년 10월 10일 16시,월요일,부산광역시 금정구 구서동,사망사고,1,0,0,0,차대차 - 추돌,안전운전불이행,건조,맑음,단일로 - 기타,원동기,남,76세,사망,승용,여,72세,기타불명
2022101000100285,2022년 10월 10일 16시,월요일,부산광역시 금정구 구서동,경상사고,0,0,1,0,차대사람 - 기타,보행자보호의무위반,건조,맑음,교차로 - 교차로안,승합,남,61세,상해없음,보행자,남,36세,경상
2022101000100286,2022년 10월 10일 16시,월요일,부산광역시 연제구 연산동,중상사고,0,1,0,0,차대차 - 측면충돌,안전운전불이행,건조,맑음,단일로 - 기타,이륜,남,33세,상해없음,이륜,남,29세,중상
2022101000100318,2022년 10월 10일 17시,월요일,부산광역시 동래구 안락동,경상사고,0,0,1,0,차대차 - 추돌,안전운전불이행,건조,맑음,단일로 - 교량,승용,남,66세,상해없음,승합,남,57세,상해없음
2022101000100319,2022년 10월 10일 17시,월요일,부산광역시 금정구 남산동,경상사고,0,0,1,0,차대차 - 측면충돌,안전운전불이행,건조,맑음,단일로 - 기타,승용,남,73세,상해없음,이륜,남,54세,경상
2022101000100320,2022년 10월 10일 17시,월요일,부산광역시 수영구 망미동,경상사고,0,0,1,0,차대차 - 기타,안전운전불이행,건조,맑음,단일로 - 기타,이륜,남,40세,상해없음,이륜,남,21세,경상
2022101000100351,2022년 10월 10일 18시,월요일,부산광역시 북구 구포동,경상사고,0,0,1,0,차대차 - 측면충돌,중앙선침범,건조,맑음,단일로 - 기타,승용,여,61세,상해없음,이륜,남,18세,경상
2022101000100352,2022년 10월 10일 18시,월요일,부산광역시 강서구 명지동,경상사고,0,0,1,0,차대사람 - 보도통행중,기타,건조,맑음,기타 - 기타,자전거,남,12세,상해없음,보행자,여,31세,경상
2022101000100386,2022년 10월 10일 19시,월요일,부산광역시 사상구 괘법동,중상사고,0,1,0,0,차대사람 - 기타,안전운전불이행,건조,맑음,교차로 - 교차로부근,승용,남,35세,기타불명,보행자,남,77세,중상
2022101000100387,2022년 10월 10일 19시,월요일,부산광역시 사상구 삼락동,중상사고,0,1,0,0,차대차 - 추돌,안전운전불이행,건조,맑음,단일로 - 기타,승용,여,51세,기타불명,승용,남,44세,중상
2022101000100416,2022년 10월 10일 20시,월요일,부산광역시 사하구 장림동,경상사고,0,0,1,0,차대사람 - 횡단중,보행자보호의무위반,건조,맑음,교차로 - 교차로횡단보도내,승용,남,52세,상해없음,보행자,남,56세,경상
2022101000100464,2022년 10월 10일 22시,월요일,부산광역시 기장군 기장읍,경상사고,0,0,1,0,차대사람 - 기타,안전운전불이행,건조,맑음,기타 - 기타,기타불명,기타불명,미분류,기타불명,보행자,남,30세,경상
2022101100100001,2022년 10월 11일 00시,화요일,부산광역시 수영구 광안동,경상사고,0,0,1,0,차대차 - 기타,중앙선침범,건조,맑음,단일로 - 기타,이륜,남,44세,기타불명,이륜,남,54세,경상
2022101100100027,2022년 10월 11일 05시,화요일,부산광역시 동구 좌천동,경상사고,0,0,1,0,차대차 - 추돌,기타,건조,맑음,단일로 - 기타,승용,남,50세,상해없음,승용,남,64세,경상
2022101100100028,2022년 10월 11일 05시,화요일,부산광역시 수영구 망미동,중상사고,0,1,0,0,차대차 - 기타,기타,건조,맑음,단일로 - 기타,화물,남,57세,상해없음,승용,남,32세,중상
2022101100100038,2022년 10월 11일 06시,화요일,부산광역시 사상구 학장동,경상사고,0,0,1,0,차대차 - 추돌,안전운전불이행,건조,맑음,단일로 - 기타,승용,남,60세,상해없음,승용,여,59세,경상