사고번호,사고일시,요일,시군구,사고내용,사망자수,중상자수,경상자수,부상신고자수,사고유형,법규위반,노면상태,기상상태,도로형태,가해운전자 차종,가해운전자 성별,가해운전자 연령,가해운전자 상해정도,피해운전자 차종,피해운전자 성별,피해운전자 연령,피해운전자 상해정도
2022101800100410,2022년 10월 18일 16시,화요일,부산광역시 강서구 천성동,경상사고,0,0,2,0,차대차 - 추돌,안전운전불이행,건조,맑음,단일로 - 교량,승용,여,59세,상해없음,승용,남,32세,경상
2022101800100411,2022년 10월 18일 16시,화요일,부산광역시 강서구 대저2동,경상사고,0,0,2,0,차대차 - 측면충돌,안전운전불이행,건조,맑음,단일로 - 기타,승용,남,65세,상해없음,승용,남,33세,경상
2022101800100460,2022년 10월 18일 17시,화요일,부산광역시 중구 동광동3가,경상사고,0,0,1,0,차대사람 - 보도통행중,기타,건조,맑음,단일로 - 기타,이륜,남,24세,상해없음,보행자,여,22세,경상
2022101800100461,2022년 10월 18일 17시,화요일,부산광역시 수영구 광안동,경상사고,0,0,1,0,차대차 - 측면충돌,안전운전불이행,건조,맑음,단일로 - 기타,이륜,남,32세,경상,승용,여,40세,상해없음
2022101800100501,2022년 10월 18일 18시,화요일,부산광역시 수영구 민락동,경상사고,0,0,1,0,차대차 - 추돌,안전운전불이행,건조,맑음,단일로 - 기타,승용,여,28세,상해없음,승용,남,64세,경상
2022101800100502,2022년 10월 18일 18시,화요일,부산광역시 연제구 거제동,경상사고,0,0,1,0,차대차 - 기타,신호위반,건조,맑음,단일로 - 기타,승용,여,48세,상해없음,승용,여,37세,경상
2022101800100601,2022년 10월 18일 20시,화요일,부산광역시 서구 서대신동2가,경상사고,0,0,1,0,차대차 - 측면충돌,안전거리미확보,건조,맑음,단일로 - 기타,승합,남,49세,상해없음,승용,여,34세,경상
2022101800100602,2022년 10월 18일 20시,화요일,부산광역시 동래구 온천동,경상사고,0,0,1,0,차대사람 - 횡단중,안전운전불이행,건조,맑음,단일로 - 기타,승용,남,76세,상해없음,보행자,남,77세,경상
2022101800100603,2022년 10월 18일 20시,화요일,부산광역시 금정구 노포동,경상사고,0,0,1,1,차대차 - 추돌,안전거리미확보,건조,맑음,단일로 - 기타,화물,남,56세,상해없음,승용,남,69세,부상신고
2022101900100002,2022년 10월 19일 00시,수요일,부산광역시 북구 구포동,경상사고,0,0,1,0,차대사람 - 차도통행중,안전운전불이행,건조,맑음,기타 - 기타,원동기,남,26세,상해없음,보행자,여,71세,경상
2022101900100003,2022년 10월 19일 00시,수요일,부산광역시 동래구 명륜동,중상사고,0,1,2,0,차대차 - 기타,안전운전불이행,건조,맑음,교차로 - 교차로안,승용,남,23세,상해없음,승용,남,60세,경상
2022101900100010,2022년 10월 19일 01시,수요일,부산광역시 부산진구 양정동,중상사고,0,1,0,0,차대사람 - 횡단중,보행자보호의무위반,건조,맑음,단일로 - 기타,승용,남,66세,상해없음,보행자,남,55세,중상
2022101900100049,2022년 10월 19일 07시,수요일,부산광역시 동래구 명장동,경상사고,0,0,1,0,차대차 - 측면충돌,안전운전불이행,건조,맑음,단일로 - 기타,승용,여,62세,상해없음,이륜,남,35세,경상
2022101900100088,2022년 10월 19일 08시,수요일,부산광역시 남구 용당동,경상사고,0,0,1,0,차대차 - 측면충돌,안전운전불이행,건조,맑음,단일로 - 기타,특수,남,53세,상해없음,승용,여,65세,경상
2022101900100089,2022년 10월 19일 08시,수요일,부산광역시 부산진구 개금동,경상사고,0,0,1,0,차대차 - 기타,안전거리미확보,건조,맑음,단일로 - 기타,승용,남,59세,상해없음,승용,남,25세,경상
2022101900100139,2022년 10월 19일 09시,수요일,부산광역시 해운대구 송정동,경상사고,0,0,2,0,차대차 - 기타,안전운전불이행,건조,맑음,단일로 - 기타,건설기계,남,70세,상해없음,승용,여,64세,경상
2022101900100209,2022년 10월 19일 11시,수요일,부산광역시 해운대구 반여동,경상사고,0,0,1,0,차대차 - 측면충돌,교차로운행방법위반,건조,맑음,교차로 - 교차로안,승용,남,71세,상해없음,승용,남,54세,경상
2022101900100241,2022년 10월 19일 12시,수요일,부산광역시 서구 부용동2가,경상사고,0,0,1,0,차대차 - 정면충돌,안전운전불이행,건조,맑음,교차로 - 교차로안,승용,남,62세,상해없음,이륜,남,40세,경상
2022101900100242,2022년 10월 19일 12시,수요일,부산광역시 부산진구 개금동,경상사고,0,0,1,0,차대차 - 추돌,안전거리미확보,건조,맑음,교차로 - 교차로부근,승용,여,35세,상해없음,승용,여,51세,경상
2022101900100243,2022년 10월 19일 12시,수요일,부산광역시 사하구 신평동,중상사고,0,1,0,0,차대차 - 기타,안전운전불이행,건조,맑음,교차로 - 교차로부근,승용,남,68세,상해없음,이륜,남,52세,중상
2022101900100277,2022년 10월 19일 13시,수요일,부산광역시 영도구 남항동1가,경상사고,0,0,1,0,차대차 - 추돌,안전운전불이행,건조,맑음,단일로 - 지하차도(도로)내,이륜,남,48세,기타불명,이륜,남,27세,경상
2022101900100278,2022년 10월 19일 13시,수요일,부산광역시 해운대구 우동,중상사고,0,1,0,0,차대사람 - 기타,안전운전불이행,건조,맑음,교차로 - 교차로안,승용,남,27세,상해없음,보행자,여,61세,중상
2022101900100318,2022년 10월 19일 14시,수요일,부산광역시 해운대구 석대동,중상사고,0,1,1,0,차대차 - 추돌,안전운전불이행,건조,맑음,단일로 - 기타,건설기계,남,65세,상해없음,승용,여,38세,경상
2022101900100319,2022년 10월 19일 14시,수요일,부산광역시 부산진구 양정동,경상사고,0,0,1,0,차대차 - 추돌,안전거리미확보,건조,맑음,단일로 - 기타,화물,남,23세,상해없음,승용,여,55세,경상
2022101900100320,2022년 10월 19일 14시,수요일,부산광역시 연제구 연산동,중상사고,0,1,0,0,차대차 - 추돌,신호위반,건조,맑음,교차로 - 교차로안,승용,여,63세,상해없음,이륜,남,44세,중상
2022101900100356,2022년 10월 19일 15시,수요일,부산광역시 연제구 연산동,경상사고,0,0,2,0,차대차 - 추돌,신호위반,건조,맑음,교차로 - 교차로안,승용,여,33세,상해없음,승용,남,62세,경상
2022101900100386,2022년 10월 19일 16시,수요일,부산광역시 수영구 민락동,중상사고,0,1,0,0,차대사람 - 횡단중,보행자보호의무위반,건조,맑음,교차로 - 교차로안,화물,남,47세,상해없음,보행자,남,72세,중상
2022101900100387,2022년 10월 19일 16시,수요일,부산광역시 해운대구 우동,중상사고,0,1,0,0,차대사람 - 차도통행중,안전운전불이행,건조,맑음,단일로 - 기타,승용,남,46세,상해없음,보행자,여,76세,중상
2022101900100388,2022년 10월 19일 16시,수요일,부산광역시 부산진구 부암동,중상사고,0,1,0,0,차대차 - 기타,교차로운행방법위반,건조,맑음,교차로 - 교차로안,개인형이동수단(PM),남,15세,상해없음,이륜,여,29세,중상
2022101900100433,2022년 10월 19일 17시,수요일,부산광역시 동래구 온천동,경상사고,0,0,1,0,차대사람 - 횡단중,보행자보호의무위반,건조,맑음,교차로 - 교차로안,승용,여,67세,상해없음,보행자,여,70세,경상
2022101900100434,2022년 10월 19일 17시,수요일,부산광역시 영도구 동삼동,중상사고,0,1,0,0,차대사람 - 차도통행중,안전운전불이행,건조,맑음,교차로 - 교차로안,승용,여,70세,상해없음,보행자,여,67세,중상
2022101900100435,2022년 10월 19일 17시,수요일,부산광역시 해운대구 재송동,경상사고,0,0,1,0,차대사람 - 기타,안전운전불이행,건조,맑음,단일로 - 기타,승용,남,66세,상해없음,보행자,여,48세,경상
2022101900100436,2022년 10월 19일 17시,수요일,부산광역시 사하구 감천동,경상사고,0,0,1,0,차대차 - 추돌,안전운전불이행,건조,맑음,단일로 - 기타,승용,남,43세,상해없음,승용,여,38세,경상
2022101900100475,2022년 10월 19일 18시,수요일,부산광역시 동구 좌천동,경상사고,0,0,2,0,차대차 - 측면충돌,신호위반,건조,맑음,단일로 - 기타,승용,여,73세,상해없음,승용,여,49세,경상
2022101900100476,2022년 10월 19일 18시,수요일,부산광역시 남구 용호동,경상사고,0,0,1,0,차대차 - 기타,안전운전불이행,건조,맑음,교차로 - 교차로부근,승용,여,73세,상해없음,승용,여,43세,경상
2022101900100478,2022년 10월 19일 18시,수요일,부산광역시 부산진구 부전동,중상사고,0,1,0,0,차대차 - 정면충돌,중앙선침범,건조,맑음,단일로 - 기타,승용,남,52세,상해없음,이륜,남,31세,중상
2022101900100479,2022년 10월 19일 18시,수요일,부산광역시 연제구 거제동,경상사고,0,0,1,0,차대차 - 측면충돌,안전거리미확보,건조,맑음,단일로 - 기타,이륜,남,57세,상해없음,승용,남,69세,상해없음
2022101900100480,2022년 10월 19일 18시,수요일,부산광역시 기장군 일광읍,경상사고,0,0,1,0,차대차 - 측면충돌,안전운전불이행,건조,맑음,교차로 - 교차로부근,승용,남,41세,상해없음,승용,남,61세,상해없음
2022101900100548,2022년 10월 19일 19시,수요일,부산광역시 서구 부용동1가,경상사고,0,0,1,1,차대차 - 기타,안전운전불이행,건조,맑음,교차로 - 교차로안,이륜,남,46세,경상,승용,남,46세,부상신고
2022101900100549,2022년 10월 19일 19시,수요일,부산광역시 남구 대연동,경상사고,0,0,1,0,차대차 - 기타,안전운전불이행,건조,맑음,단일로 - 기타,개인형이동수단(PM),남,31세,상해없음,자전거,여,44세,경상
2022101900100550,2022년 10월 19일 19시,수요일,부산광역시 부산진구 개금동,경상사고,0,0,2,0,차대차 - 측면충돌,안전운전불이행,건조,맑음,교차로 - 교차로부근,이륜,남,30세,상해없음,승용,남,60세,경상
2022101900100551,2022년 10월 19일 19시,수요일,부산광역시 연제구 연산동,경상사고,0,0,1,0,차대차 - 측면충돌,안전거리미확보,건조,맑음,교차로 - 교차로안,승용,여,42세,기타불명,승용,남,54세,경상
2022101900100552,2022년 10월 19일 19시,수요일,부산광역시 사상구 감전동,경상사고,0,0,2,0,차대차 - 기타,안전운전불이행,건조,맑음,교차로 - 교차로안,승용,여,44세,상해없음,승용,남,45세,경상
2022101900100587,2022년 10월 19일 20시,수요일,부산광역시 중구 동광동5가,경상사고,0,0,1,0,차대차 - 측면충돌,교차로운행방법위반,건조,맑음,단일로 - 기타,승용,여,41세,상해없음,이륜,남,24세,경상
2022101900100651,2022년 10월 19일 23시,수요일,부산광역시 서구 서대신동1가,경상사고,0,0,2,0,차대차 - 기타,안전거리미확보,건조,맑음,교차로 - 교차로부근,승용,여,67세,상해없음,승용,남,24세,경상
2022102000100015,2022년 10월 20일 01시,목요일,부산광역시 부산진구 범천동,경상사고,0,0,2,0,차대차 - 측면충돌,신호위반,건조,맑음,교차로 - 교차로안,승용,남,53세,기타불명,승용,남,63세,경상
2022102000100021,2022년 10월 20일 03시,목요일,부산광역시 해운대구 우동,중상사고,0,1,1,1,차대차 - 측면충돌,신호위반,건조,맑음,교차로 - 교차로안,원동기,남,20세,중상,승용,남,62세,경상
2022102000100025,2022년 10월 20일 04시,목요일,부산광역시 부산진구 부전동,경상사고,0,0,1,0,차대사람 - 보도통행중,기타,건조,맑음,단일로 - 기타,화물,남,55세,상해없음,보행자,남,36세,경상
2022102000100056,2022년 10월 20일 07시,목요일,부산광역시 수영구 광안동,경상사고,0,0,1,0,차대차 - 측면충돌,안전운전불이행,건조,맑음,단일로 - 기타,승용,남,74세,상해없음,승용,남,28세,경상
2022102000100057,2022년 10월 20일 07시,목요일,부산광역시 동래구 안락동,경상사고,0,0,1,0,차대차 - 추돌,안전거리미확보,건조,맑음,단일로 - 기타,승용,남,60세,상해없음,승용,남,69세,상해없음
2022102000100058,2022년 10월 20일 07시,목요일,부산광역시 해운대구 우동,경상사고,0,0,1,0,차대차 - 기타,차로위반,기타,맑음,단일로 - 기타,승용,여,48세,상해없음,승용,여,44세,경상
2022102000100085,2022년 10월 20일 08시,목요일,부산광역시 서구 서대신동2가,중상사고,0,1,0,0,차대차 - 기타,안전운전불이행,건조,맑음,단일로 - 기타,승합,남,63세,상해없음,승용,여,59세,상해없음
2022102000100086,2022년 10월 20일 08시,목요일,부산광역시 사하구 하단동,중상사고,0,1,0,0,차대사람 - 기타,안전운전불이행,건조,맑음,단일로 - 기타,승용,여,35세,상해없음,보행자,여,60세,중상
2022102000100087,2022년 10월 20일 08시,목요일,부산광역시 사하구 괴정동,경상사고,0,0,3,0,차대차 - 측면충돌,안전운전불이행,건조,맑음,교차로 - 교차로부근,승용,남,78세,상해없음,승용,남,46세,경상
2022102000100088,2022년 10월 20일 08시,목요일,부산광역시 강서구 생곡동,중상사고,0,1,0,0,차대차 - 기타,신호위반,건조,맑음,교차로 - 교차로횡단보도내,승용,남,58세,상해없음,승용,남,67세,중상
2022102000100089,2022년 10월 20일 08시,목요일,부산광역시 사상구 감전동,경상사고,0,0,1,0,차대차 - 기타,교차로운행방법위반,건조,맑음,교차로 - 교차로안,승용,여,56세,기타불명,승용,남,41세,경상
2022102000100142,2022년 10월 20일 09시,목요일,부산광역시 동래구 사직동,경상사고,0,0,1,0,차대차 - 측면충돌,안전운전불이행,건조,맑음,교차로 - 교차로부근,화물,남,83세,상해없음,승용,여,40세,경상
2022102000100143,2022년 10월 20일 09시,목요일,부산광역시 해운대구 좌동,경상사고,0,0,1,0,차대차 - 측면충돌,안전운전불이행,건조,맑음,교차로 - 교차로부근,승용,여,61세,상해없음,승용,남,48세,경상
2022102000100144,2022년 10월 20일 09시,목요일,부산광역시 사하구 구평동,경상사고,0,0,1,0,차대차 - 추돌,안전운전불이행,건조,맑음,단일로 - 기타,승용,여,34세,상해없음,화물,남,54세,경상
2022102000100145,2022년 10월 20일 09시,목요일,부산광역시 강서구 강동동,경상사고,0,0,1,0,차대차 - 기타,안전운전불이행,건조,맑음,교차로 - 교차로안,화물,남,65세,상해없음,건설기계,남,59세,경상
2022102000100183,2022년 10월 20일 10시,목요일,부산광역시 영도구 동삼동,중상사고,0,1,1,0,차대차 - 추돌,신호위반,건조,맑음,단일로 - 지하차도(도로)내,승용,여,68세,경상,화물,남,25세,기타불명
2022102000100184,2022년 10월 20일 10시,목요일,부산광역시 해운대구 재송동,중상사고,0,1,1,0,차대차 - 기타,안전거리미확보,건조,맑음,단일로 - 기타,승용,남,44세,상해없음,승용,여,31세,경상
2022102000100185,2022년 10월 20일 10시,목요일,부산광역시 해운대구 반여동,경상사고,0,0,1,0,차대차 - 추돌,안전운전불이행,건조,맑음,교차로 - 교차로부근,승합,남,52세,상해없음,승용,여,33세,경상
2022102000100213,2022년 10월 20일 11시,목요일,부산광역시 사상구 주례동,중상사고,0,1,0,0,차대사람 - 횡단중,신호위반,건조,맑음,교차로 - 교차로부근,화물,남,78세,상해없음,보행자,남,71세,중상
2022102000100247,2022년 10월 20일 12시,목요일,부산광역시 동구 초량동,경상사고,0,0,1,0,차대사람 - 횡단중,보행자보호의무위반,건조,맑음,교차로 - 교차로부근,승용,남,64세,상해없음,보행자,여,30세,경상
2022102000100248,2022년 10월 20일 12시,목요일,부산광역시 동래구 온천동,중상사고,0,1,0,0,차대사람 - 횡단중,신호위반,건조,맑음,교차로 - 교차로부근,화물,남,58세,상해없음,보행자,여,83세,중상
2022102000100249,2022년 10월 20일 12시,목요일,부산광역시 부산진구 범천동,경상사고,0,0,2,0,차대차 - 측면충돌,안전운전불이행,건조,맑음,교차로 - 교차로부근,승용,남,40세,상해없음,승용,남,78세,경상
2022102000100292,2022년 10월 20일 13시,목요일,부산광역시 부산진구 연지동,경상사고,0,0,1,0,차대차 - 측면충돌,안전운전불이행,건조,맑음,교차로 - 교차로안,이륜,남,44세,경상,승용,여,41세,상해없음
2022102000100293,2022년 10월 20일 13시,목요일,부산광역시 금정구 금사동,경상사고,0,0,1,0,차대차 - 기타,안전운전불이행,건조,맑음,단일로 - 기타,승용,남,37세,상해없음,승합,남,41세,상해없음
2022102000100369,2022년 10월 20일 15시,목요일,부산광역시 동래구 온천동,경상사고,0,0,2,1,차대차 - 측면충돌,교차로운행방법위반,건조,맑음,교차로 - 교차로부근,승합,남,70세,상해없음,승용,남,45세,경상
2022102000100370,2022년 10월 20일 15시,목요일,부산광역시 해운대구 좌동,경상사고,0,0,1,0,차대사람 - 기타,안전운전불이행,건조,맑음,단일로 - 기타,승용,남,31세,상해없음,보행자,남,45세,경상
2022102000100371,2022년 10월 20일 15시,목요일,부산광역시 금정구 부곡동,경상사고,0,0,1,0,차대차 - 기타,안전운전불이행,건조,맑음,단일로 - 기타,승용,여,33세,상해없음,이륜,남,64세,경상
2022102000100372,2022년 10월 20일 15시,목요일,부산광역시 연제구 연산동,경상사고,0,0,1,0,차대사람 - 기타,안전운전불이행,건조,맑음,단일로 - 기타,승용,여,54세,상해없음,보행자,남,70세,경상
2022102000100419,2022년 10월 20일 16시,목요일,부산광역시 남구 용호동,경상사고,0,0,1,0,차대사람 - 횡단중,보행자보호의무위반,건조,맑음,교차로 - 교차로부근,승용,여,42세,상해없음,보행자,남,69세,경상
2022102000100420,2022년 10월 20일 16시,목요일,부산광역시 연제구 거제동,중상사고,0,1,0,0,차대차 - 기타,교차로운행방법위반,건조,맑음,단일로 - 기타,승용,남,55세,상해없음,이륜,남,49세,중상
2022102000100421,2022년 10월 20일 16시,목요일,부산광역시 사상구 학장동,중상사고,0,1,0,0,차대차 - 기타,안전운전불이행,건조,맑음,교차로 - 교차로안,승용,남,28세,상해없음,이륜,남,44세,중상
2022102000100456,2022년 10월 20일 17시,목요일,부산광역시 동래구 낙민동,경상사고,0,0,1,0,차대차 - 기타,안전운전불이행,건조,맑음,교차로 - 교차로안,원동기,남,33세,경상,승용,여,46세,상해없음
2022102000100457,2022년 10월 20일 17시,목요일,부산광역시 기장군 일광읍,경상사고,0,0,1,0,차대차 - 측면충돌,교차로운행방법위반,건조,맑음,단일로 - 기타,이륜,남,23세,상해없음,자전거,남,59세,경상
2022102000100507,2022년 10월 20일 18시,목요일,부산광역시 수영구 남천동,경상사고,0,0,1,0,차대차 - 측면충돌,불법유턴,건조,맑음,단일로 - 기타,이륜,남,53세,상해없음,이륜,남,27세,경상
2022102000100563,2022년 10월 20일 19시,목요일,부산광역시 수영구 민락동,경상사고,0,0,1,0,차대차 - 기타,안전운전불이행,건조,맑음,단일로 - 기타,자전거,남,35세,경상,승용,남,52세,상해없음
2022102000100564,2022년 10월 20일 19시,목요일,부산광역시 사하구 당리동,중상사고,0,1,0,0,차대사람 - 횡단중,보행자보호의무위반,건조,맑음,교차로 - 교차로횡단보도내,승용,남,70세,상해없음,보행자,여,61세,중상
2022102000100565,2022년 10월 20일 19시,목요일,부산광역시 사하구 신평동,중상사고,0,1,0,0,차대차 - 기타,안전운전불이행,건조,맑음,교차로 - 교차로부근,승용,남,66세,기타불명,이륜,남,62세,중상
2022102000100566,2022년 10월 20일 19시,목요일,부산광역시 강서구 명지동,중상사고,0,1,0,0,차대차 - 기타,안전운전불이행,건조,맑음,단일로 - 기타,승용,남,80세,상해없음,자전거,여,41세,중상
2022102000100607,2022년 10월 20일 20시,목요일,부산광역시 기장군 기장읍,경상사고,0,0,2,0,차대차 - 측면충돌,신호위반,건조,맑음,교차로 - 교차로안,승용,남,48세,상해없음,승용,남,51세,경상
2022102000100637,2022년 10월 20일 21시,목요일,부산광역시 남구 용호동,경상사고,0,0,2,0,차대차 - 추돌,기타,건조,맑음,기타 - 기타,승용,남,28세,상해없음,승용,남,18세,경상
2022102000100638,2022년 10월 20일 21시,목요일,부산광역시 해운대구 우동,경상사고,0,0,3,0,차대차 - 추돌,안전운전불이행,기타,맑음,단일로 - 기타,승용,남,61세,상해없음,승용,여,53세,경상
2022102000100666,2022년 10월 20일 22시,목요일,부산광역시 수영구 광안동,경상사고,0,0,2,0,차대차 - 측면충돌,안전운전불이행,건조,기타,단일로 - 기타,승용,남,36세,경상,승용,남,65세,경상
2022102000100667,2022년 10월 20일 22시,목요일,부산광역시 부산진구 범천동,경상사고,0,0,2,0,차대사람 - 기타,안전운전불이행,건조,맑음,단일로 - 기타,승용,남,51세,상해없음,보행자,남,40세,경상
2022102000100688,2022년 10월 20일 23시,목요일,부산광역시 연제구 연산동,경상사고,0,0,1,0,차대차 - 측면충돌,기타,건조,맑음,교차로 - 교차로부근,승용,남,62세,상해없음,이륜,남,29세,경상
2022102100100004,2022년 10월 21일 00시,금요일,부산광역시 해운대구 중동,경상사고,0,0,1,0,차대차 - 기타,중앙선침범,기타,맑음,교차로 - 교차로부근,승용,여,27세,상해없음,승용,남,64세,경상
2022102100100048,2022년 10월 21일 06시,금요일,부산광역시 부산진구 부전동,경상사고,0,0,2,0,차대차 - 측면충돌,신호위반,건조,맑음,교차로 - 교차로안,승용,남,67세,상해없음,승합,남,60세,경상
2022102100100049,2022년 10월 21일 06시,금요일,부산광역시 사하구 신평동,경상사고,0,0,1,0,차대차 - 기타,안전거리미확보,건조,맑음,단일로 - 기타,승용,남,79세,상해없음,승용,남,32세,경상
2022102100100050,2022년 10월 21일 06시,금요일,부산광역시 사상구 괘법동,경상사고,0,0,1,0,차대차 - 기타,안전거리미확보,건조,맑음,단일로 - 기타,승용,남,58세,기타불명,승용,남,68세,상해없음
2022102100100069,2022년 10월 21일 07시,금요일,부산광역시 서구 충무동1가,경상사고,0,0,1,0,차대차 - 측면충돌,안전거리미확보,건조,맑음,교차로 - 교차로부근,화물,남,59세,상해없음,승용,여,37세,경상
2022102100100070,2022년 10월 21일 07시,금요일,부산광역시 동래구 온천동,중상사고,0,1,0,0,차대차 - 측면충돌,안전운전불이행,건조,맑음,단일로 - 기타,화물,남,49세,상해없음,이륜,남,42세,중상
2022102100100071,2022년 10월 21일 07시,금요일,부산광역시 사상구 주례동,경상사고,0,0,1,0,차대사람 - 횡단중,보행자보호의무위반,건조,맑음,단일로 - 기타,이륜,남,26세,상해없음,보행자,여,37세,경상
2022102100100103,2022년 10월 21일 08시,금요일,부산광역시 동구 초량동,중상사고,0,1,0,0,차대사람 - 횡단중,보행자보호의무위반,건조,맑음,교차로 - 교차로횡단보도내,승용,남,37세,상해없음,보행자,남,40세,중상
2022102100100104,2022년 10월 21일 08시,금요일,부산광역시 북구 구포동,경상사고,0,0,1,1,차대차 - 기타,기타,건조,맑음,단일로 - 교량,승용,남,25세,부상신고,화물,남,43세,경상
2022102100100105,2022년 10월 21일 08시,금요일,부산광역시 금정구 장전동,경상사고,0,0,1,0,차대차 - 기타,신호위반,건조,맑음,교차로 - 교차로안,승용,남,25세,상해없음,승용,여,37세,경상
2022102100100151,2022년 10월 21일 09시,금요일,부산광역시 부산진구 부전동,경상사고,0,0,1,0,차대차 - 기타,안전운전불이행,건조,맑음,교차로 - 교차로부근,승용,여,72세,상해없음,화물,남,30세,경상
2022102100100152,2022년 10월 21일 09시,금요일,부산광역시 부산진구 범천동,경상사고,0,0,1,1,차대차 - 측면충돌,안전운전불이행,건조,맑음,단일로 - 기타,원동기,남,49세,부상신고,승용,여,55세,경상
2022102100100153,2022년 10월 21일 09시,금요일,부산광역시 연제구 거제동,중상사고,0,1,0,0,차대차 - 측면충돌,안전운전불이행,건조,맑음,교차로 - 교차로부근,승용,남,48세,상해없음,승용,여,42세,중상
2022102100100238,2022년 10월 21일 12시,금요일,부산광역시 부산진구 부전동,경상사고,0,0,2,0,차대차 - 측면충돌,안전거리미확보,건조,맑음,단일로 - 기타,승용,여,53세,경상,승용,남,32세,경상
2022102100100239,2022년 10월 21일 12시,금요일,부산광역시 부산진구 개금동,경상사고,0,0,1,0,차대차 - 측면충돌,직진우회전진행방해,건조,맑음,교차로 - 교차로안,승합,여,49세,상해없음,이륜,남,38세,경상
2022102100100296,2022년 10월 21일 14시,금요일,부산광역시 동래구 온천동,경상사고,0,0,2,0,차대차 - 기타,신호위반,건조,맑음,교차로 - 교차로안,승용,남,72세,상해없음,승용,여,29세,경상
2022102100100297,2022년 10월 21일 14시,금요일,부산광역시 부산진구 범천동,경상사고,0,0,1,0,차대차 - 추돌,안전운전불이행,건조,맑음,단일로 - 기타,승용,남,40세,상해없음,화물,남,41세,경상
2022102100100360,2022년 10월 21일 16시,금요일,부산광역시 사하구 하단동,부상신고사고,0,0,0,1,차대차 - 기타,안전운전불이행,건조,맑음,단일로 - 지하차도(도로)내,승용,남,31세,기타불명,승용,여,29세,부상신고
2022102100100361,2022년 10월 21일 16시,금요일,부산광역시 강서구 지사동,중상사고,0,1,1,1,차량단독 - 공작물충돌,안전운전불이행,건조,맑음,단일로 - 기타,승용,여,50세,경상,,,,
2022102100100392,2022년 10월 21일 17시,금요일,부산광역시 동구 좌천동,중상사고,0,1,0,0,차대사람 - 횡단중,보행자보호의무위반,건조,맑음,교차로 - 교차로부근,승용,남,42세,상해없음,보행자,여,56세,중상
2022102100100393,2022년 10월 21일 17시,금요일,부산광역시 수영구 광안동,경상사고,0,0,3,0,차대차 - 기타,기타,건조,맑음,기타 - 기타,승용,남,44세,경상,승용,여,76세,상해없음
2022102100100394,2022년 10월 21일 17시,금요일,부산광역시 동래구 안락동,경상사고,0,0,1,0,차대차 - 기타,안전운전불이행,건조,맑음,단일로 - 기타,이륜,남,68세,상해없음,이륜,남,18세,경상
2022102100100395,2022년 10월 21일 17시,금요일,부산광역시 동래구 수안동,경상사고,0,0,1,0,차대차 - 기타,안전운전불이행,건조,맑음,단일로 - 기타,승용,남,47세,상해없음,승용,남,32세,경상
2022102100100396,2022년 10월 21일 17시,금요일,부산광역시 해운대구 좌동,중상사고,0,1,0,0,차대차 - 측면충돌,교차로운행방법위반,건조,맑음,교차로 - 교차로부근,승용,남,74세,상해없음,자전거,여,28세,중상
2022102100100397,2022년 10월 21일 17시,금요일,부산광역시 강서구 범방동,경상사고,0,0,1,0,차대차 - 기타,중앙선침범,건조,맑음,단일로 - 기타,승용,여,31세,기타불명,승용,남,47세,경상
2022102100100459,2022년 10월 21일 18시,금요일,부산광역시 동래구 명륜동,경상사고,0,0,1,0,차량단독 - 기타,안전운전불이행,건조,맑음,단일로 - 기타,승합,남,50세,상해없음,,,,
2022102100100460,2022년 10월 21일 18시,금요일,부산광역시 연제구 연산동,중상사고,0,1,0,0,차대사람 - 기타,보행자보호의무위반,건조,맑음,기타 - 기타,승용,남,54세,상해없음,보행자,여,77세,중상
2022102100100530,2022년 10월 21일 19시,금요일,부산광역시 사하구 괴정동,경상사고,0,0,2,0,차대차 - 측면충돌,교차로운행방법위반,건조,맑음,교차로 - 교차로안,화물,남,72세,상해없음,자전거,남,28세,경상
2022102100100531,2022년 10월 21일 19시,금요일,부산광역시 연제구 거제동,경상사고,0,0,1,0,차대차 - 기타,교차로운행방법위반,건조,맑음,단일로 - 기타,이륜,남,56세,기타불명,승용,남,30세,경상
2022102100100570,2022년 10월 21일 20시,금요일,부산광역시 해운대구 재송동,중상사고,0,1,0,0,차대차 - 정면충돌,안전운전불이행,건조,맑음,교차로 - 교차로안,승합,여,60세,상해없음,이륜,남,29세,중상
2022102100100571,2022년 10월 21일 20시,금요일,부산광역시 연제구 연산동,경상사고,0,0,1,0,차대사람 - 횡단중,보행자보호의무위반,건조,맑음,단일로 - 기타,승용,여,56세,상해없음,보행자,남,11세,경상
2022102100100572,2022년 10월 21일 20시,금요일,부산광역시 강서구 신호동,경상사고,0,0,3,0,차대차 - 추돌,안전운전불이행,건조,맑음,교차로 - 교차로부근,승용,남,49세,상해없음,승용,남,27세,경상
2022102100100573,2022년 10월 21일 20시,금요일,부산광역시 강서구 대저2동,경상사고,0,0,1,0,차대차 - 추돌,안전운전불이행,건조,맑음,단일로 - 기타,이륜,남,26세,경상,승용,남,54세,상해없음
2022102100100615,2022년 10월 21일 21시,금요일,부산광역시 연제구 거제동,경상사고,0,0,1,0,차대차 - 기타,신호위반,건조,맑음,교차로 - 교차로횡단보도내,이륜,남,30세,상해없음,자전거,여,56세,경상