사고번호,사고일시,요일,시군구,사고내용,사망자수,중상자수,경상자수,부상신고자수,사고유형,법규위반,노면상태,기상상태,도로형태,가해운전자 차종,가해운전자 성별,가해운전자 연령,가해운전자 상해정도,피해운전자 차종,피해운전자 성별,피해운전자 연령,피해운전자 상해정도
2022102100100660,2022년 10월 21일 23시,금요일,부산광역시 수영구 광안동,중상사고,0,1,0,0,차대사람 - 기타,기타,건조,맑음,단일로 - 기타,승합,남,54세,상해없음,보행자,남,24세,중상
2022102200100020,2022년 10월 22일 01시,토요일,부산광역시 부산진구 부전동,부상신고사고,0,0,0,1,차대사람 - 기타,안전운전불이행,건조,맑음,단일로 - 기타,승용,남,38세,상해없음,보행자,여,20세,부상신고
2022102200100060,2022년 10월 22일 05시,토요일,부산광역시 부산진구 전포동,중상사고,0,1,0,0,차대사람 - 기타,보행자보호의무위반,건조,맑음,교차로 - 교차로횡단보도내,승용,여,56세,상해없음,보행자,남,73세,중상
2022102200100061,2022년 10월 22일 05시,토요일,부산광역시 부산진구 범전동,경상사고,0,0,1,0,차대차 - 측면충돌,안전운전불이행,건조,맑음,단일로 - 기타,승용,여,57세,상해없음,승용,남,30세,경상
2022102200100062,2022년 10월 22일 05시,토요일,부산광역시 사상구 감전동,중상사고,0,2,2,0,차대차 - 기타,신호위반,건조,맑음,교차로 - 교차로안,승합,남,74세,상해없음,승용,남,22세,중상
2022102200100073,2022년 10월 22일 06시,토요일,부산광역시 부산진구 부전동,중상사고,0,1,0,0,차대차 - 측면충돌,신호위반,건조,맑음,교차로 - 교차로안,이륜,남,51세,중상,승합,남,45세,상해없음
2022102200100074,2022년 10월 22일 06시,토요일,부산광역시 부산진구 부암동,중상사고,0,1,0,0,차대사람 - 기타,안전운전불이행,건조,맑음,단일로 - 기타,승합,남,48세,상해없음,보행자,남,33세,중상
2022102200100075,2022년 10월 22일 06시,토요일,부산광역시 부산진구 부전동,경상사고,0,0,1,0,차대차 - 기타,안전거리미확보,건조,맑음,단일로 - 기타,승합,남,57세,상해없음,승용,남,74세,상해없음
2022102200100077,2022년 10월 22일 06시,토요일,부산광역시 연제구 연산동,경상사고,0,0,1,0,차대차 - 기타,신호위반,건조,맑음,교차로 - 교차로안,승용,남,54세,상해없음,이륜,남,17세,경상
2022102200100094,2022년 10월 22일 07시,토요일,부산광역시 해운대구 반여동,중상사고,0,1,0,0,차대차 - 측면충돌,기타,건조,맑음,교차로 - 교차로안,승합,남,37세,상해없음,이륜,남,77세,상해없음
2022102200100104,2022년 10월 22일 08시,토요일,부산광역시 동래구 명장동,경상사고,0,0,1,0,차량단독 - 공작물충돌,안전운전불이행,건조,맑음,교차로 - 교차로안,이륜,남,39세,경상,,,,
2022102200100128,2022년 10월 22일 09시,토요일,부산광역시 해운대구 반여동,경상사고,0,0,2,1,차대차 - 추돌,안전운전불이행,건조,맑음,교차로 - 교차로부근,승용,여,49세,상해없음,승용,남,45세,경상
2022102200100129,2022년 10월 22일 09시,토요일,부산광역시 금정구 선동,경상사고,0,0,1,0,차대차 - 기타,안전거리미확보,건조,맑음,교차로 - 교차로안,승용,남,43세,경상,승용,남,34세,상해없음
2022102200100130,2022년 10월 22일 09시,토요일,부산광역시 사하구 하단동,경상사고,0,0,1,0,차대차 - 측면충돌,안전운전불이행,건조,맑음,단일로 - 기타,승용,남,81세,상해없음,자전거,남,71세,경상
2022102200100161,2022년 10월 22일 10시,토요일,부산광역시 동래구 안락동,경상사고,0,0,1,0,차대차 - 측면충돌,교차로운행방법위반,건조,맑음,교차로 - 교차로부근,승용,여,42세,상해없음,이륜,남,27세,경상
2022102200100162,2022년 10월 22일 10시,토요일,부산광역시 해운대구 중동,경상사고,0,0,1,0,차대사람 - 차도통행중,안전운전불이행,건조,맑음,단일로 - 기타,승용,여,39세,상해없음,보행자,여,46세,경상
2022102200100196,2022년 10월 22일 11시,토요일,부산광역시 해운대구 좌동,경상사고,0,0,1,0,차대차 - 측면충돌,안전거리미확보,건조,맑음,단일로 - 기타,승용,남,28세,상해없음,원동기,남,77세,경상
2022102200100197,2022년 10월 22일 11시,토요일,부산광역시 사하구 다대동,경상사고,0,0,1,0,차대사람 - 횡단중,신호위반,건조,맑음,단일로 - 기타,화물,남,52세,상해없음,보행자,여,68세,경상
2022102200100231,2022년 10월 22일 12시,토요일,부산광역시 금정구 서동,경상사고,0,0,2,0,차대차 - 측면충돌,신호위반,건조,맑음,교차로 - 교차로안,화물,여,62세,상해없음,승용,남,53세,경상
2022102200100232,2022년 10월 22일 12시,토요일,부산광역시 연제구 연산동,경상사고,0,0,1,2,차대차 - 추돌,안전운전불이행,건조,맑음,단일로 - 기타,이륜,남,37세,상해없음,승용,여,30세,부상신고
2022102200100271,2022년 10월 22일 13시,토요일,부산광역시 해운대구 재송동,경상사고,0,0,4,0,차대차 - 기타,안전운전불이행,건조,맑음,교차로 - 교차로안,승용,남,39세,상해없음,승용,남,35세,경상
2022102200100272,2022년 10월 22일 13시,토요일,부산광역시 사하구 하단동,부상신고사고,0,0,0,1,차대차 - 정면충돌,중앙선침범,건조,맑음,교차로 - 교차로부근,자전거,남,85세,부상신고,이륜,남,19세,상해없음
2022102200100273,2022년 10월 22일 13시,토요일,부산광역시 사상구 주례동,경상사고,0,0,2,0,차대차 - 측면충돌,안전운전불이행,건조,맑음,단일로 - 기타,승용,남,61세,기타불명,승용,여,48세,경상
2022102200100313,2022년 10월 22일 14시,토요일,부산광역시 부산진구 가야동,경상사고,0,0,1,0,차대차 - 기타,안전거리미확보,건조,맑음,단일로 - 기타,승용,여,70세,상해없음,원동기,남,26세,경상
2022102200100356,2022년 10월 22일 15시,토요일,부산광역시 수영구 광안동,경상사고,0,0,1,0,차대사람 - 기타,보행자보호의무위반,건조,맑음,교차로 - 교차로횡단보도내,승용,여,63세,상해없음,보행자,여,21세,경상
2022102200100357,2022년 10월 22일 15시,토요일,부산광역시 부산진구 전포동,경상사고,0,0,1,0,차대사람 - 횡단중,보행자보호의무위반,건조,맑음,교차로 - 교차로횡단보도내,이륜,남,18세,상해없음,보행자,여,27세,경상
2022102200100358,2022년 10월 22일 15시,토요일,부산광역시 금정구 구서동,중상사고,0,1,0,0,차대사람 - 기타,안전운전불이행,건조,맑음,단일로 - 기타,승용,여,55세,상해없음,보행자,남,7세,중상
2022102200100397,2022년 10월 22일 16시,토요일,부산광역시 동구 초량동,경상사고,0,0,1,0,차대차 - 측면충돌,안전거리미확보,건조,맑음,단일로 - 기타,승용,남,54세,상해없음,승용,여,43세,경상
2022102200100398,2022년 10월 22일 16시,토요일,부산광역시 북구 구포동,부상신고사고,0,0,0,1,차대차 - 기타,직진우회전진행방해,건조,맑음,교차로 - 교차로안,원동기,여,54세,부상신고,승용,남,71세,상해없음
2022102200100399,2022년 10월 22일 16시,토요일,부산광역시 동래구 명륜동,경상사고,0,0,1,0,차대차 - 측면충돌,안전운전불이행,건조,맑음,단일로 - 기타,승용,남,55세,상해없음,승용,남,33세,경상
2022102200100487,2022년 10월 22일 18시,토요일,부산광역시 영도구 청학동,경상사고,0,0,2,0,차대차 - 측면충돌,기타,건조,맑음,단일로 - 기타,승용,여,31세,상해없음,승용,남,26세,경상
2022102200100488,2022년 10월 22일 18시,토요일,부산광역시 금정구 노포동,중상사고,0,1,0,0,차대차 - 측면충돌,차로위반,건조,맑음,단일로 - 기타,승용,여,51세,상해없음,화물,남,77세,중상
2022102200100489,2022년 10월 22일 18시,토요일,부산광역시 강서구 명지동,경상사고,0,0,1,2,차대차 - 추돌,안전운전불이행,건조,맑음,교차로 - 교차로부근,기타불명,기타불명,미분류,기타불명,승용,여,45세,경상
2022102200100525,2022년 10월 22일 19시,토요일,부산광역시 남구 대연동,중상사고,0,1,0,0,차대차 - 기타,신호위반,건조,맑음,교차로 - 교차로안,이륜,남,45세,상해없음,이륜,남,19세,중상
2022102200100526,2022년 10월 22일 19시,토요일,부산광역시 수영구 수영동,경상사고,0,0,1,0,차대사람 - 길가장자리구역통행중,안전운전불이행,건조,맑음,단일로 - 기타,승용,남,34세,상해없음,보행자,여,54세,경상
2022102200100565,2022년 10월 22일 20시,토요일,부산광역시 해운대구 재송동,중상사고,0,1,0,0,차대사람 - 기타,안전운전불이행,건조,맑음,단일로 - 기타,승용,남,38세,상해없음,보행자,남,60세,중상
2022102200100589,2022년 10월 22일 21시,토요일,부산광역시 금정구 부곡동,경상사고,0,0,1,0,차대사람 - 기타,안전운전불이행,건조,맑음,교차로 - 교차로안,이륜,남,33세,상해없음,보행자,남,66세,경상
2022102200100613,2022년 10월 22일 22시,토요일,부산광역시 동래구 안락동,중상사고,0,1,0,1,차대차 - 추돌,안전거리미확보,건조,맑음,단일로 - 기타,이륜,남,48세,중상,승용,남,69세,부상신고
2022102200100637,2022년 10월 22일 23시,토요일,부산광역시 수영구 광안동,경상사고,0,0,3,0,차대차 - 측면충돌,중앙선침범,건조,맑음,단일로 - 기타,승용,남,29세,상해없음,승용,남,28세,경상
2022102200100638,2022년 10월 22일 23시,토요일,부산광역시 북구 금곡동,경상사고,0,0,2,0,차대차 - 추돌,안전운전불이행,건조,맑음,단일로 - 기타,승용,남,54세,상해없음,승용,남,31세,경상
2022102300100002,2022년 10월 23일 00시,일요일,부산광역시 수영구 광안동,중상사고,0,1,0,0,차대사람 - 기타,안전운전불이행,건조,맑음,단일로 - 기타,승용,남,45세,상해없음,보행자,여,23세,중상
2022102300100018,2022년 10월 23일 01시,일요일,부산광역시 해운대구 재송동,경상사고,0,0,1,0,차대차 - 측면충돌,안전운전불이행,건조,맑음,교차로 - 교차로부근,승용,남,30세,상해없음,승용,남,22세,기타불명
2022102300100023,2022년 10월 23일 02시,일요일,부산광역시 연제구 연산동,경상사고,0,0,1,0,차대차 - 기타,신호위반,건조,맑음,교차로 - 교차로안,원동기,남,19세,상해없음,승용,남,57세,경상
2022102300100044,2022년 10월 23일 05시,일요일,부산광역시 남구 대연동,경상사고,0,0,3,0,차대차 - 기타,교차로운행방법위반,건조,맑음,교차로 - 교차로안,승용,여,37세,경상,승용,남,61세,경상
2022102300100045,2022년 10월 23일 05시,일요일,부산광역시 부산진구 전포동,부상신고사고,0,0,0,1,차대사람 - 횡단중,중앙선침범,건조,맑음,교차로 - 교차로안,이륜,남,19세,상해없음,보행자,남,25세,부상신고
2022102300100057,2022년 10월 23일 07시,일요일,부산광역시 서구 동대신동3가,경상사고,0,0,1,0,차대차 - 측면충돌,교차로운행방법위반,건조,맑음,교차로 - 교차로안,승용,남,32세,기타불명,승용,남,48세,상해없음
2022102300100068,2022년 10월 23일 08시,일요일,부산광역시 부산진구 연지동,경상사고,0,0,1,0,차대차 - 추돌,안전거리미확보,건조,맑음,교차로 - 교차로부근,승용,남,25세,상해없음,승용,남,39세,경상
2022102300100084,2022년 10월 23일 09시,일요일,부산광역시 서구 서대신동1가,중상사고,0,1,0,0,차대사람 - 횡단중,안전운전불이행,건조,맑음,단일로 - 기타,승용,여,68세,상해없음,보행자,여,8세,중상
2022102300100102,2022년 10월 23일 10시,일요일,부산광역시 남구 감만동,경상사고,0,0,1,0,차대차 - 측면충돌,안전운전불이행,건조,맑음,단일로 - 기타,승용,남,68세,상해없음,이륜,여,24세,경상
2022102300100103,2022년 10월 23일 10시,일요일,부산광역시 남구 대연동,경상사고,0,0,1,0,차대차 - 추돌,안전거리미확보,건조,맑음,단일로 - 고가도로위,승용,남,66세,기타불명,승용,여,49세,경상
2022102300100104,2022년 10월 23일 10시,일요일,부산광역시 강서구 녹산동,경상사고,0,0,1,0,차대차 - 측면충돌,안전거리미확보,건조,맑음,단일로 - 기타,승용,남,27세,기타불명,승용,남,51세,경상
2022102300100147,2022년 10월 23일 12시,일요일,부산광역시 서구 암남동,중상사고,0,1,0,0,차대사람 - 보도통행중,보행자보호의무위반,건조,맑음,단일로 - 기타,승용,남,53세,상해없음,보행자,여,49세,중상
2022102300100148,2022년 10월 23일 12시,일요일,부산광역시 부산진구 부전동,부상신고사고,0,0,0,1,차대사람 - 차도통행중,안전운전불이행,건조,맑음,단일로 - 기타,승용,남,64세,상해없음,보행자,남,60세,부상신고
2022102300100149,2022년 10월 23일 12시,일요일,부산광역시 강서구 대저2동,중상사고,0,1,1,0,차대차 - 측면충돌,안전운전불이행,건조,맑음,교차로 - 교차로안,승합,남,53세,중상,승용,남,45세,경상
2022102300100180,2022년 10월 23일 13시,일요일,부산광역시 중구 중앙동4가,경상사고,0,0,4,0,차대차 - 측면충돌,안전거리미확보,건조,맑음,교차로 - 교차로부근,승용,여,62세,상해없음,승용,남,27세,경상
2022102300100200,2022년 10월 23일 14시,일요일,부산광역시 동구 수정동,중상사고,0,1,0,0,차대차 - 기타,안전운전불이행,건조,맑음,단일로 - 기타,화물,남,74세,상해없음,자전거,남,74세,중상
2022102300100201,2022년 10월 23일 14시,일요일,부산광역시 금정구 구서동,경상사고,0,0,2,0,차대차 - 측면충돌,신호위반,건조,맑음,교차로 - 교차로안,승용,남,53세,상해없음,승용,남,26세,경상
2022102300100202,2022년 10월 23일 14시,일요일,부산광역시 사하구 괴정동,경상사고,0,0,1,0,차대차 - 기타,중앙선침범,건조,맑음,기타 - 기타,승용,남,25세,상해없음,이륜,남,32세,경상
2022102300100203,2022년 10월 23일 14시,일요일,부산광역시 수영구 망미동,경상사고,0,0,2,0,차대차 - 추돌,안전운전불이행,건조,맑음,교차로 - 교차로안,승합,남,48세,상해없음,승용,남,26세,경상
2022102300100241,2022년 10월 23일 15시,일요일,부산광역시 북구 화명동,경상사고,0,0,5,0,차대차 - 측면충돌,신호위반,건조,맑음,교차로 - 교차로안,승용,여,66세,상해없음,승용,남,62세,경상
2022102300100242,2022년 10월 23일 15시,일요일,부산광역시 부산진구 개금동,중상사고,0,1,0,0,차대차 - 측면충돌,안전운전불이행,건조,맑음,단일로 - 기타,이륜,남,19세,중상,화물,남,50세,상해없음
2022102300100299,2022년 10월 23일 17시,일요일,부산광역시 서구 서대신동2가,경상사고,0,0,1,0,차대차 - 측면충돌,안전거리미확보,건조,맑음,단일로 - 기타,화물,남,28세,상해없음,승용,남,63세,경상
2022102300100333,2022년 10월 23일 18시,일요일,부산광역시 동구 범일동,중상사고,0,1,0,0,차대차 - 측면충돌,안전운전불이행,건조,맑음,단일로 - 기타,이륜,남,54세,중상,승합,남,55세,상해없음
2022102300100334,2022년 10월 23일 18시,일요일,부산광역시 사상구 주례동,중상사고,0,1,0,0,차대차 - 측면충돌,안전운전불이행,건조,맑음,단일로 - 기타,승용,남,26세,기타불명,이륜,남,33세,중상
2022102300100335,2022년 10월 23일 18시,일요일,부산광역시 기장군 기장읍,중상사고,0,1,0,0,차대차 - 측면충돌,신호위반,건조,맑음,교차로 - 교차로부근,승용,여,29세,기타불명,이륜,남,27세,중상
2022102300100363,2022년 10월 23일 19시,일요일,부산광역시 수영구 광안동,경상사고,0,0,2,0,차대사람 - 횡단중,보행자보호의무위반,건조,맑음,교차로 - 교차로부근,승용,여,27세,상해없음,보행자,남,28세,경상
2022102300100364,2022년 10월 23일 19시,일요일,부산광역시 금정구 서동,경상사고,0,0,1,0,차대사람 - 횡단중,안전운전불이행,건조,맑음,교차로 - 교차로안,승용,여,56세,상해없음,보행자,남,53세,경상
2022102300100365,2022년 10월 23일 19시,일요일,부산광역시 사하구 장림동,중상사고,0,1,1,0,차대차 - 추돌,안전운전불이행,건조,맑음,교차로 - 교차로안,승용,여,27세,상해없음,승용,남,64세,경상
2022102300100410,2022년 10월 23일 21시,일요일,부산광역시 북구 만덕동,경상사고,0,0,1,0,차대차 - 기타,안전운전불이행,건조,맑음,단일로 - 기타,승용,남,67세,상해없음,승합,남,63세,경상
2022102300100411,2022년 10월 23일 21시,일요일,부산광역시 부산진구 범천동,경상사고,0,0,2,0,차대차 - 추돌,안전운전불이행,건조,맑음,단일로 - 기타,승용,남,65세,상해없음,승용,여,44세,경상
2022102300100412,2022년 10월 23일 21시,일요일,부산광역시 강서구 송정동,경상사고,0,0,1,0,차대차 - 추돌,안전운전불이행,건조,맑음,단일로 - 기타,승용,남,39세,상해없음,화물,남,46세,경상
2022102400100012,2022년 10월 24일 02시,월요일,부산광역시 사하구 하단동,경상사고,0,0,1,0,차대차 - 추돌,안전거리미확보,건조,맑음,교차로 - 교차로부근,승용,여,36세,기타불명,화물,남,70세,경상
2022102400100017,2022년 10월 24일 04시,월요일,부산광역시 강서구 대저2동,중상사고,0,1,0,0,차대차 - 추돌,안전운전불이행,건조,맑음,교차로 - 교차로부근,승용,남,35세,상해없음,승용,남,57세,중상
2022102400100033,2022년 10월 24일 06시,월요일,부산광역시 해운대구 석대동,경상사고,0,0,1,1,차대차 - 측면충돌,신호위반,건조,맑음,교차로 - 교차로안,화물,남,36세,상해없음,화물,남,65세,경상
2022102400100052,2022년 10월 24일 07시,월요일,부산광역시 해운대구 우동,경상사고,0,0,1,0,차대차 - 측면충돌,기타,건조,맑음,단일로 - 기타,화물,남,64세,상해없음,화물,남,50세,경상
2022102400100053,2022년 10월 24일 07시,월요일,부산광역시 부산진구 연지동,중상사고,0,1,0,0,차대사람 - 길가장자리구역통행중,안전운전불이행,건조,맑음,단일로 - 기타,승용,남,75세,상해없음,보행자,남,71세,중상
2022102400100054,2022년 10월 24일 07시,월요일,부산광역시 부산진구 가야동,경상사고,0,0,1,0,차대사람 - 기타,안전운전불이행,건조,맑음,단일로 - 기타,승용,남,32세,상해없음,보행자,여,37세,경상
2022102400100055,2022년 10월 24일 07시,월요일,부산광역시 사하구 하단동,경상사고,0,0,1,0,차대차 - 측면충돌,안전운전불이행,건조,맑음,단일로 - 기타,승용,남,33세,상해없음,자전거,남,48세,경상
2022102400100056,2022년 10월 24일 07시,월요일,부산광역시 사상구 감전동,중상사고,0,1,0,0,차대차 - 추돌,안전거리미확보,건조,맑음,단일로 - 지하차도(도로)내,승용,남,54세,기타불명,승용,남,34세,중상
2022102400100057,2022년 10월 24일 07시,월요일,부산광역시 사상구 덕포동,경상사고,0,0,1,0,차대차 - 측면충돌,안전운전불이행,건조,맑음,교차로 - 교차로부근,화물,남,57세,상해없음,승용,여,37세,경상
2022102400100101,2022년 10월 24일 08시,월요일,부산광역시 부산진구 당감동,경상사고,0,0,2,0,차대차 - 기타,안전거리미확보,건조,맑음,단일로 - 기타,화물,남,67세,상해없음,승용,여,57세,경상
2022102400100102,2022년 10월 24일 08시,월요일,부산광역시 강서구 신호동,중상사고,0,1,0,0,차대차 - 기타,신호위반,건조,맑음,교차로 - 교차로안,승용,여,62세,상해없음,이륜,남,33세,중상
2022102400100156,2022년 10월 24일 09시,월요일,부산광역시 금정구 남산동,중상사고,0,1,0,0,차대차 - 정면충돌,신호위반,건조,맑음,교차로 - 교차로안,승용,여,22세,상해없음,이륜,남,29세,중상
2022102400100198,2022년 10월 24일 10시,월요일,부산광역시 남구 문현동,중상사고,0,1,0,0,차대사람 - 횡단중,보행자보호의무위반,건조,맑음,교차로 - 교차로부근,승합,남,49세,상해없음,보행자,여,82세,중상
2022102400100242,2022년 10월 24일 11시,월요일,부산광역시 수영구 광안동,중상사고,0,1,0,0,차대사람 - 기타,안전운전불이행,건조,맑음,단일로 - 기타,승용,남,74세,상해없음,보행자,여,54세,중상
2022102400100243,2022년 10월 24일 11시,월요일,부산광역시 사하구 구평동,부상신고사고,0,0,0,1,차량단독 - 기타,안전운전불이행,건조,맑음,기타 - 기타,승용,남,69세,부상신고,,,,
2022102400100244,2022년 10월 24일 11시,월요일,부산광역시 사하구 괴정동,중상사고,0,1,0,0,차대차 - 기타,안전운전불이행,건조,맑음,단일로 - 기타,승용,남,34세,상해없음,승용,남,67세,상해없음
2022102400100275,2022년 10월 24일 12시,월요일,부산광역시 서구 서대신동2가,경상사고,0,0,1,0,차대차 - 기타,기타,건조,맑음,단일로 - 지하차도(도로)내,승용,남,69세,상해없음,이륜,남,34세,경상
2022102400100276,2022년 10월 24일 12시,월요일,부산광역시 영도구 대교동1가,중상사고,0,1,1,0,차대차 - 추돌,안전운전불이행,건조,맑음,단일로 - 기타,승합,남,58세,기타불명,화물,남,39세,경상
2022102400100312,2022년 10월 24일 13시,월요일,부산광역시 강서구 대저1동,중상사고,0,1,0,0,차대차 - 기타,신호위반,건조,맑음,교차로 - 교차로부근,승용,여,61세,기타불명,승용,남,51세,중상
2022102400100349,2022년 10월 24일 14시,월요일,부산광역시 서구 동대신동3가,경상사고,0,0,1,0,차대사람 - 차도통행중,안전운전불이행,건조,맑음,단일로 - 지하차도(도로)내,승용,여,75세,상해없음,보행자,여,55세,경상
2022102400100350,2022년 10월 24일 14시,월요일,부산광역시 부산진구 양정동,중상사고,0,1,0,0,차대차 - 기타,안전운전불이행,건조,맑음,교차로 - 교차로안,승용,남,69세,상해없음,승합,남,63세,상해없음
2022102400100388,2022년 10월 24일 15시,월요일,부산광역시 동래구 안락동,경상사고,0,0,1,0,차대사람 - 기타,불법유턴,건조,맑음,단일로 - 기타,승용,남,49세,상해없음,보행자,남,69세,경상
2022102400100389,2022년 10월 24일 15시,월요일,부산광역시 사하구 괴정동,중상사고,0,1,0,0,차대사람 - 길가장자리구역통행중,안전운전불이행,건조,맑음,단일로 - 기타,승용,남,60세,상해없음,보행자,여,64세,중상
2022102400100421,2022년 10월 24일 16시,월요일,부산광역시 중구 부평동3가,중상사고,0,1,0,0,차대차 - 측면충돌,안전거리미확보,건조,맑음,교차로 - 교차로부근,승용,남,58세,기타불명,이륜,남,61세,중상
2022102400100422,2022년 10월 24일 16시,월요일,부산광역시 부산진구 양정동,경상사고,0,0,3,1,차대차 - 기타,신호위반,건조,맑음,교차로 - 교차로안,승용,여,44세,부상신고,승용,여,58세,경상
2022102400100460,2022년 10월 24일 17시,월요일,부산광역시 동구 초량동,경상사고,0,0,1,0,차대사람 - 횡단중,보행자보호의무위반,건조,맑음,교차로 - 교차로횡단보도내,승용,남,44세,상해없음,보행자,남,58세,경상
2022102400100461,2022년 10월 24일 17시,월요일,부산광역시 금정구 부곡동,경상사고,0,0,1,0,차대사람 - 횡단중,보행자보호의무위반,건조,맑음,단일로 - 지하차도(도로)내,승용,남,52세,상해없음,보행자,여,60세,경상
2022102400100501,2022년 10월 24일 18시,월요일,부산광역시 사상구 주례동,경상사고,0,0,2,0,차대차 - 추돌,안전운전불이행,건조,맑음,단일로 - 지하차도(도로)내,승용,남,57세,상해없음,승용,남,43세,경상
2022102400100502,2022년 10월 24일 18시,월요일,부산광역시 강서구 강동동,경상사고,0,0,1,0,차대차 - 추돌,안전운전불이행,건조,맑음,단일로 - 기타,승용,남,65세,상해없음,승용,남,35세,경상
2022102400100565,2022년 10월 24일 19시,월요일,부산광역시 수영구 남천동,부상신고사고,0,0,0,1,차대차 - 기타,차로위반,건조,맑음,단일로 - 교량,승용,여,66세,상해없음,승용,남,46세,부상신고
2022102400100620,2022년 10월 24일 21시,월요일,부산광역시 금정구 구서동,경상사고,0,0,2,0,차대차 - 기타,교차로운행방법위반,건조,맑음,단일로 - 교량,승용,여,35세,상해없음,승용,여,43세,경상
2022102400100632,2022년 10월 24일 22시,월요일,부산광역시 금정구 남산동,경상사고,0,0,1,0,차대차 - 측면충돌,안전운전불이행,건조,맑음,기타 - 기타,이륜,남,21세,기타불명,승용,여,52세,경상
2022102500100003,2022년 10월 25일 00시,화요일,부산광역시 수영구 광안동,경상사고,0,0,1,1,차대차 - 추돌,안전운전불이행,건조,맑음,교차로 - 교차로안,승용,남,43세,기타불명,승용,남,65세,경상
2022102500100004,2022년 10월 25일 00시,화요일,부산광역시 부산진구 부암동,경상사고,0,0,2,0,차대차 - 기타,안전운전불이행,건조,맑음,단일로 - 기타,승용,남,58세,상해없음,승용,남,35세,경상
2022102500100005,2022년 10월 25일 00시,화요일,부산광역시 강서구 강동동,경상사고,0,0,1,0,차대차 - 추돌,안전운전불이행,건조,맑음,단일로 - 기타,승용,남,30세,상해없음,승용,여,65세,경상
2022102500100056,2022년 10월 25일 07시,화요일,부산광역시 강서구 대저1동,중상사고,0,1,0,0,차대차 - 기타,안전거리미확보,건조,맑음,단일로 - 기타,승용,남,38세,상해없음,화물,남,27세,중상
2022102500100083,2022년 10월 25일 08시,화요일,부산광역시 남구 대연동,경상사고,0,0,1,0,차대차 - 기타,안전운전불이행,건조,맑음,교차로 - 교차로안,승용,여,67세,상해없음,이륜,남,29세,경상
2022102500100084,2022년 10월 25일 08시,화요일,부산광역시 수영구 광안동,경상사고,0,0,1,0,차대차 - 기타,안전운전불이행,건조,맑음,교차로 - 교차로안,화물,남,75세,상해없음,승용,여,49세,경상
2022102500100085,2022년 10월 25일 08시,화요일,부산광역시 북구 만덕동,경상사고,0,0,1,0,차대차 - 기타,안전거리미확보,건조,맑음,단일로 - 기타,화물,남,58세,상해없음,승용,남,29세,경상
2022102500100086,2022년 10월 25일 08시,화요일,부산광역시 부산진구 개금동,경상사고,0,0,3,0,차대차 - 측면충돌,교차로운행방법위반,건조,맑음,교차로 - 교차로안,승용,여,22세,상해없음,승용,여,40세,경상
2022102500100087,2022년 10월 25일 08시,화요일,부산광역시 금정구 오륜동,중상사고,0,1,0,0,차대차 - 추돌,안전거리미확보,건조,맑음,단일로 - 터널,화물,남,55세,상해없음,승용,남,49세,중상
2022102500100088,2022년 10월 25일 08시,화요일,부산광역시 금정구 구서동,경상사고,0,0,1,0,차대차 - 측면충돌,교차로운행방법위반,건조,맑음,교차로 - 교차로부근,승용,여,47세,상해없음,화물,남,47세,경상
2022102500100136,2022년 10월 25일 09시,화요일,부산광역시 부산진구 부전동,경상사고,0,0,1,0,차대차 - 정면충돌,신호위반,건조,맑음,교차로 - 교차로안,이륜,남,71세,상해없음,승용,여,36세,경상
2022102500100137,2022년 10월 25일 09시,화요일,부산광역시 강서구 대저1동,경상사고,0,0,1,0,차대차 - 기타,중앙선침범,건조,맑음,교차로 - 교차로부근,자전거,남,83세,경상,화물,남,52세,상해없음
2022102500100196,2022년 10월 25일 11시,화요일,부산광역시 수영구 광안동,중상사고,0,1,1,0,차대차 - 추돌,안전운전불이행,건조,맑음,교차로 - 교차로부근,승용,남,81세,상해없음,승용,남,45세,경상
2022102500100197,2022년 10월 25일 11시,화요일,부산광역시 금정구 부곡동,중상사고,0,1,1,0,차대차 - 측면충돌,교차로운행방법위반,건조,맑음,교차로 - 교차로안,승용,남,54세,중상,화물,남,30세,경상
2022102500100198,2022년 10월 25일 11시,화요일,부산광역시 연제구 연산동,경상사고,0,0,1,0,차대차 - 기타,교차로운행방법위반,건조,맑음,교차로 - 교차로안,승용,여,71세,상해없음,원동기,남,59세,경상
2022102500100261,2022년 10월 25일 13시,화요일,부산광역시 부산진구 당감동,경상사고,0,0,1,0,차량단독 - 기타,안전운전불이행,건조,맑음,단일로 - 기타,승합,남,54세,상해없음,,,,
2022102500100262,2022년 10월 25일 13시,화요일,부산광역시 부산진구 양정동,경상사고,0,0,2,0,차대차 - 기타,안전거리미확보,건조,맑음,단일로 - 기타,승용,남,78세,상해없음,승용,여,67세,경상
2022102500100263,2022년 10월 25일 13시,화요일,부산광역시 수영구 망미동,경상사고,0,0,1,0,차대차 - 기타,안전운전불이행,건조,맑음,단일로 - 기타,승합,남,67세,상해없음,승용,여,31세,경상
2022102500100296,2022년 10월 25일 14시,화요일,부산광역시 북구 구포동,경상사고,0,0,1,0,차대사람 - 기타,보행자보호의무위반,건조,맑음,교차로 - 교차로횡단보도내,승용,남,34세,상해없음,보행자,여,55세,경상
2022102500100297,2022년 10월 25일 14시,화요일,부산광역시 기장군 기장읍,경상사고,0,0,1,0,차대차 - 측면충돌,안전운전불이행,건조,맑음,교차로 - 교차로부근,승용,남,미분류,상해없음,화물,남,50세,경상