사고번호,사고일시,요일,시군구,사고내용,사망자수,중상자수,경상자수,부상신고자수,사고유형,법규위반,노면상태,기상상태,도로형태,가해운전자 차종,가해운전자 성별,가해운전자 연령,가해운전자 상해정도,피해운전자 차종,피해운전자 성별,피해운전자 연령,피해운전자 상해정도
2022110800100551,2022년 11월 8일 19시,화요일,부산광역시 사하구 다대동,경상사고,0,0,1,0,차대사람 - 보도통행중,안전운전불이행,건조,맑음,단일로 - 지하차도(도로)내,이륜,남,17세,상해없음,보행자,남,51세,경상
2022110800100552,2022년 11월 8일 19시,화요일,부산광역시 강서구 구랑동,경상사고,0,0,1,0,차대차 - 측면충돌,안전운전불이행,건조,맑음,교차로 - 교차로부근,승용,여,56세,상해없음,승용,남,41세,경상
2022110800100553,2022년 11월 8일 19시,화요일,부산광역시 사상구 모라동,부상신고사고,0,0,0,1,차대차 - 추돌,안전거리미확보,건조,맑음,단일로 - 기타,개인형이동수단(PM),남,59세,부상신고,승용,남,65세,상해없음
2022110800100612,2022년 11월 8일 21시,화요일,부산광역시 동래구 낙민동,경상사고,0,0,1,0,차대차 - 후진중충돌,불법유턴,건조,맑음,단일로 - 기타,승합,남,60세,상해없음,화물,남,65세,경상
2022110800100613,2022년 11월 8일 21시,화요일,부산광역시 연제구 연산동,중상사고,0,1,0,0,차대차 - 측면충돌,중앙선침범,건조,맑음,단일로 - 기타,화물,남,53세,상해없음,이륜,남,41세,중상
2022110900100003,2022년 11월 9일 00시,수요일,부산광역시 연제구 연산동,경상사고,0,0,1,0,차대차 - 측면충돌,안전운전불이행,건조,맑음,단일로 - 기타,승용,남,37세,상해없음,승용,남,73세,경상
2022110900100022,2022년 11월 9일 04시,수요일,부산광역시 부산진구 부전동,경상사고,0,0,1,0,차대차 - 측면충돌,신호위반,건조,맑음,교차로 - 교차로안,이륜,남,49세,기타불명,승용,남,20세,경상
2022110900100056,2022년 11월 9일 07시,수요일,부산광역시 사하구 하단동,경상사고,0,0,1,0,차대차 - 추돌,안전거리미확보,건조,맑음,단일로 - 기타,승용,여,46세,상해없음,승용,남,49세,상해없음
2022110900100079,2022년 11월 9일 08시,수요일,부산광역시 남구 용당동,경상사고,0,0,1,0,차대사람 - 기타,안전운전불이행,건조,맑음,교차로 - 교차로부근,건설기계,남,50세,상해없음,보행자,여,83세,경상
2022110900100080,2022년 11월 9일 08시,수요일,부산광역시 부산진구 범전동,경상사고,0,0,1,0,차대차 - 기타,안전운전불이행,건조,맑음,단일로 - 기타,건설기계,남,49세,상해없음,승용,여,46세,경상
2022110900100081,2022년 11월 9일 08시,수요일,부산광역시 금정구 서동,중상사고,0,1,0,0,차대사람 - 횡단중,보행자보호의무위반,건조,맑음,단일로 - 기타,승용,남,55세,상해없음,보행자,여,60세,중상
2022110900100153,2022년 11월 9일 10시,수요일,부산광역시 동구 초량동,중상사고,0,1,1,0,차대차 - 측면충돌,신호위반,건조,맑음,교차로 - 교차로안,승용,남,30세,상해없음,화물,남,36세,중상
2022110900100205,2022년 11월 9일 12시,수요일,부산광역시 동구 범일동,경상사고,0,0,1,0,차대차 - 기타,안전운전불이행,건조,맑음,단일로 - 기타,이륜,남,23세,상해없음,화물,여,55세,경상
2022110900100206,2022년 11월 9일 12시,수요일,부산광역시 남구 대연동,경상사고,0,0,1,0,차대차 - 측면충돌,신호위반,건조,맑음,교차로 - 교차로안,승용,여,58세,경상,건설기계,남,51세,상해없음
2022110900100208,2022년 11월 9일 12시,수요일,부산광역시 금정구 장전동,경상사고,0,0,1,0,차대사람 - 기타,안전운전불이행,건조,맑음,단일로 - 기타,승용,남,25세,상해없음,보행자,남,38세,경상
2022110900100230,2022년 11월 9일 13시,수요일,부산광역시 동래구 수안동,경상사고,0,0,1,0,차대차 - 측면충돌,교차로운행방법위반,건조,맑음,교차로 - 교차로안,화물,남,47세,상해없음,승용,남,73세,경상
2022110900100260,2022년 11월 9일 14시,수요일,부산광역시 사하구 장림동,경상사고,0,0,1,0,차대차 - 기타,교차로운행방법위반,건조,맑음,교차로 - 교차로안,화물,남,45세,경상,화물,남,60세,기타불명
2022110900100261,2022년 11월 9일 14시,수요일,부산광역시 강서구 대저1동,부상신고사고,0,0,0,1,차대차 - 추돌,안전운전불이행,건조,맑음,단일로 - 기타,승용,남,59세,상해없음,승용,여,50세,부상신고
2022110900100262,2022년 11월 9일 14시,수요일,부산광역시 강서구 화전동,중상사고,0,1,0,0,차대차 - 측면충돌,신호위반,건조,맑음,교차로 - 교차로안,화물,남,43세,상해없음,화물,남,63세,중상
2022110900100263,2022년 11월 9일 14시,수요일,부산광역시 사상구 괘법동,경상사고,0,0,1,0,차대차 - 측면충돌,직진우회전진행방해,건조,맑음,교차로 - 교차로안,승용,여,61세,상해없음,승용,남,29세,경상
2022110900100301,2022년 11월 9일 15시,수요일,부산광역시 동래구 명륜동,중상사고,0,1,0,0,차대차 - 측면충돌,안전운전불이행,건조,맑음,교차로 - 교차로안,승용,여,62세,상해없음,원동기,남,58세,중상
2022110900100302,2022년 11월 9일 15시,수요일,부산광역시 동래구 수안동,경상사고,0,0,1,0,차대차 - 기타,기타,건조,맑음,교차로 - 교차로부근,화물,남,66세,상해없음,승용,남,45세,경상
2022110900100303,2022년 11월 9일 15시,수요일,부산광역시 해운대구 우동,경상사고,0,0,2,0,차대차 - 측면충돌,안전거리미확보,건조,맑음,교차로 - 교차로안,승용,남,62세,상해없음,승용,남,26세,경상
2022110900100335,2022년 11월 9일 16시,수요일,부산광역시 동구 초량동,중상사고,0,1,0,0,차대사람 - 횡단중,안전운전불이행,건조,맑음,단일로 - 기타,승용,남,53세,상해없음,보행자,여,10세,중상
2022110900100336,2022년 11월 9일 16시,수요일,부산광역시 동래구 온천동,중상사고,0,1,0,0,차대차 - 측면충돌,안전운전불이행,건조,맑음,교차로 - 교차로안,승용,여,40세,상해없음,승용,남,72세,중상
2022110900100384,2022년 11월 9일 17시,수요일,부산광역시 수영구 남천동,경상사고,0,0,1,0,차대사람 - 길가장자리구역통행중,안전운전불이행,건조,맑음,단일로 - 기타,승용,남,63세,상해없음,보행자,남,56세,경상
2022110900100385,2022년 11월 9일 17시,수요일,부산광역시 영도구 동삼동,중상사고,0,1,0,0,차대사람 - 보도통행중,보행자보호의무위반,건조,흐림,단일로 - 지하차도(도로)내,화물,남,61세,상해없음,보행자,여,12세,중상
2022110900100386,2022년 11월 9일 17시,수요일,부산광역시 부산진구 부암동,경상사고,0,0,1,0,차대차 - 측면충돌,안전거리미확보,건조,맑음,기타 - 기타,승용,여,55세,상해없음,이륜,남,19세,경상
2022110900100387,2022년 11월 9일 17시,수요일,부산광역시 사상구 주례동,경상사고,0,0,1,0,차대차 - 측면충돌,안전거리미확보,건조,맑음,교차로 - 교차로부근,승용,여,44세,기타불명,승용,남,37세,경상
2022110900100441,2022년 11월 9일 18시,수요일,부산광역시 부산진구 부암동,사망사고,1,0,0,0,차대차 - 기타,기타,건조,맑음,단일로 - 기타,화물,남,42세,상해없음,이륜,남,44세,사망
2022110900100525,2022년 11월 9일 19시,수요일,부산광역시 부산진구 부암동,경상사고,0,0,1,0,차대차 - 후진중충돌,불법유턴,건조,맑음,단일로 - 기타,승용,남,53세,상해없음,승용,남,40세,경상
2022110900100526,2022년 11월 9일 19시,수요일,부산광역시 사하구 신평동,경상사고,0,0,1,0,차대차 - 정면충돌,안전운전불이행,건조,맑음,교차로 - 교차로부근,화물,남,64세,상해없음,승용,남,50세,경상
2022110900100527,2022년 11월 9일 19시,수요일,부산광역시 기장군 철마면,경상사고,0,0,1,1,차대차 - 추돌,안전운전불이행,건조,맑음,단일로 - 기타,승용,남,45세,상해없음,승용,남,49세,경상
2022110900100559,2022년 11월 9일 20시,수요일,부산광역시 남구 대연동,중상사고,0,1,1,0,차대차 - 기타,신호위반,건조,맑음,교차로 - 교차로안,원동기,남,24세,중상,원동기,남,22세,경상
2022110900100560,2022년 11월 9일 20시,수요일,부산광역시 기장군 기장읍,경상사고,0,0,2,0,차대차 - 기타,안전운전불이행,건조,맑음,교차로 - 교차로안,승합,남,68세,상해없음,승용,여,28세,경상
2022110900100595,2022년 11월 9일 21시,수요일,부산광역시 중구 대청동2가,중상사고,0,1,0,0,차대차 - 측면충돌,중앙선침범,건조,맑음,교차로 - 교차로안,이륜,남,21세,상해없음,승용,남,41세,중상
2022110900100610,2022년 11월 9일 22시,수요일,부산광역시 수영구 남천동,경상사고,0,0,1,0,차대사람 - 기타,안전운전불이행,건조,맑음,단일로 - 기타,이륜,남,25세,상해없음,보행자,남,48세,경상
2022110900100611,2022년 11월 9일 22시,수요일,부산광역시 부산진구 개금동,중상사고,0,1,0,0,차대사람 - 횡단중,안전운전불이행,건조,맑음,단일로 - 기타,승용,남,62세,상해없음,보행자,남,42세,중상
2022110900100612,2022년 11월 9일 22시,수요일,부산광역시 사하구 다대동,경상사고,0,0,1,0,차대차 - 추돌,안전운전불이행,건조,맑음,교차로 - 교차로부근,승용,남,45세,상해없음,이륜,남,38세,경상
2022110900100629,2022년 11월 9일 23시,수요일,부산광역시 남구 감만동,경상사고,0,0,1,0,차량단독 - 전도전복 - 전도,안전운전불이행,건조,맑음,단일로 - 기타,원동기,남,54세,경상,,,,
2022110900100630,2022년 11월 9일 23시,수요일,부산광역시 북구 덕천동,경상사고,0,0,1,0,차대차 - 정면충돌,안전운전불이행,건조,맑음,단일로 - 기타,승용,남,40세,상해없음,승용,여,23세,경상
2022111000100006,2022년 11월 10일 00시,목요일,부산광역시 부산진구 가야동,중상사고,0,1,1,0,차대차 - 측면충돌,교차로운행방법위반,건조,맑음,교차로 - 교차로안,승용,남,55세,경상,승용,남,64세,중상
2022111000100051,2022년 11월 10일 06시,목요일,부산광역시 사상구 주례동,중상사고,0,1,0,0,차대사람 - 기타,안전운전불이행,건조,맑음,교차로 - 교차로안,이륜,남,38세,상해없음,보행자,여,58세,중상
2022111000100102,2022년 11월 10일 08시,목요일,부산광역시 동래구 사직동,경상사고,0,0,1,0,차대차 - 기타,신호위반,건조,맑음,교차로 - 교차로안,승용,여,47세,상해없음,승용,여,30세,경상
2022111000100103,2022년 11월 10일 08시,목요일,부산광역시 부산진구 양정동,중상사고,0,1,0,0,차대사람 - 횡단중,신호위반,건조,맑음,교차로 - 교차로안,개인형이동수단(PM),남,16세,상해없음,보행자,여,69세,중상
2022111000100140,2022년 11월 10일 09시,목요일,부산광역시 동구 초량동,경상사고,0,0,1,1,차대차 - 측면충돌,신호위반,건조,맑음,교차로 - 교차로안,승용,남,61세,상해없음,승용,남,72세,경상
2022111000100141,2022년 11월 10일 09시,목요일,부산광역시 영도구 청학동,중상사고,0,1,1,0,차대차 - 추돌,안전운전불이행,건조,맑음,단일로 - 기타,승용,남,49세,기타불명,승용,남,65세,경상
2022111000100142,2022년 11월 10일 09시,목요일,부산광역시 강서구 명지동,경상사고,0,0,2,0,차대차 - 기타,안전운전불이행,건조,맑음,단일로 - 기타,승용,여,67세,상해없음,화물,남,31세,경상
2022111000100173,2022년 11월 10일 10시,목요일,부산광역시 동래구 명장동,중상사고,0,2,2,0,차대차 - 기타,직진우회전진행방해,건조,맑음,교차로 - 교차로안,승용,남,27세,상해없음,승합,남,31세,중상
2022111000100201,2022년 11월 10일 11시,목요일,부산광역시 남구 대연동,경상사고,0,0,2,0,차대차 - 측면충돌,안전운전불이행,건조,맑음,단일로 - 기타,승용,여,65세,상해없음,승용,여,41세,경상
2022111000100202,2022년 11월 10일 11시,목요일,부산광역시 부산진구 가야동,중상사고,0,1,0,0,차대사람 - 기타,안전운전불이행,건조,맑음,단일로 - 기타,이륜,남,21세,상해없음,보행자,여,20세,중상
2022111000100228,2022년 11월 10일 12시,목요일,부산광역시 강서구 대저1동,경상사고,0,0,1,0,차대차 - 정면충돌,안전운전불이행,건조,맑음,교차로 - 교차로안,승용,여,40세,상해없음,자전거,여,65세,경상
2022111000100229,2022년 11월 10일 12시,목요일,부산광역시 강서구 대저2동,중상사고,0,1,0,0,차대차 - 측면충돌,직진우회전진행방해,건조,맑음,교차로 - 교차로안,승용,여,32세,상해없음,원동기,남,79세,중상
2022111000100260,2022년 11월 10일 13시,목요일,부산광역시 남구 감만동,경상사고,0,0,1,0,차대차 - 기타,안전운전불이행,건조,맑음,단일로 - 기타,건설기계,남,61세,상해없음,승용,남,61세,경상
2022111000100261,2022년 11월 10일 13시,목요일,부산광역시 해운대구 중동,경상사고,0,0,1,0,차대사람 - 기타,기타,건조,맑음,단일로 - 기타,승합,남,41세,상해없음,보행자,여,68세,경상
2022111000100262,2022년 11월 10일 13시,목요일,부산광역시 부산진구 양정동,경상사고,0,0,1,0,차대사람 - 기타,안전운전불이행,건조,맑음,단일로 - 기타,승용,남,46세,상해없음,보행자,여,50세,경상
2022111000100290,2022년 11월 10일 14시,목요일,부산광역시 강서구 대저1동,중상사고,0,1,0,0,차대차 - 기타,중앙선침범,건조,맑음,단일로 - 기타,승용,여,58세,상해없음,화물,남,47세,중상
2022111000100329,2022년 11월 10일 15시,목요일,부산광역시 남구 용당동,경상사고,0,0,1,0,차대차 - 측면충돌,안전운전불이행,건조,맑음,단일로 - 기타,특수,남,56세,상해없음,이륜,남,19세,경상
2022111000100330,2022년 11월 10일 15시,목요일,부산광역시 부산진구 부전동,경상사고,0,0,3,0,차대차 - 측면충돌,안전운전불이행,건조,맑음,단일로 - 기타,원동기,남,34세,경상,승용,남,34세,경상
2022111000100331,2022년 11월 10일 15시,목요일,부산광역시 부산진구 연지동,경상사고,0,0,1,0,차대차 - 기타,안전거리미확보,건조,맑음,단일로 - 기타,건설기계,남,71세,상해없음,승용,여,41세,경상
2022111000100332,2022년 11월 10일 15시,목요일,부산광역시 기장군 기장읍,중상사고,0,1,0,0,차대사람 - 기타,안전운전불이행,건조,맑음,기타 - 기타,승합,남,64세,상해없음,보행자,여,81세,중상
2022111000100356,2022년 11월 10일 16시,목요일,부산광역시 서구 서대신동3가,중상사고,0,1,5,0,차대차 - 측면충돌,직진우회전진행방해,건조,맑음,교차로 - 교차로안,승용,남,55세,경상,승합,남,73세,중상
2022111000100357,2022년 11월 10일 16시,목요일,부산광역시 수영구 민락동,경상사고,0,0,1,0,차대차 - 기타,신호위반,건조,맑음,교차로 - 교차로안,승용,여,53세,상해없음,이륜,남,28세,경상
2022111000100358,2022년 11월 10일 16시,목요일,부산광역시 부산진구 부전동,경상사고,0,0,1,1,차대차 - 측면충돌,안전운전불이행,건조,맑음,단일로 - 기타,화물,남,54세,상해없음,승용,남,58세,부상신고
2022111000100359,2022년 11월 10일 16시,목요일,부산광역시 부산진구 부암동,중상사고,0,1,0,0,차대차 - 기타,안전운전불이행,건조,맑음,교차로 - 교차로부근,승용,남,40세,상해없음,자전거,남,51세,중상
2022111000100360,2022년 11월 10일 16시,목요일,부산광역시 기장군 철마면,경상사고,0,0,2,0,차대사람 - 보도통행중,기타,건조,맑음,단일로 - 기타,이륜,남,71세,상해없음,보행자,여,29세,경상
2022111000100454,2022년 11월 10일 18시,목요일,부산광역시 사상구 주례동,경상사고,0,0,1,0,차대사람 - 차도통행중,안전운전불이행,건조,맑음,단일로 - 기타,승합,남,56세,상해없음,보행자,남,68세,경상
2022111000100455,2022년 11월 10일 18시,목요일,부산광역시 기장군 정관읍,중상사고,0,1,0,0,차대차 - 정면충돌,신호위반,건조,맑음,교차로 - 교차로부근,승용,남,49세,상해없음,승용,남,48세,중상
2022111000100525,2022년 11월 10일 19시,목요일,부산광역시 동래구 안락동,중상사고,0,1,5,1,차대차 - 측면충돌,신호위반,건조,맑음,교차로 - 교차로안,이륜,남,38세,상해없음,승합,남,57세,상해없음
2022111000100557,2022년 11월 10일 20시,목요일,부산광역시 사상구 괘법동,경상사고,0,0,1,0,차대차 - 측면충돌,안전운전불이행,건조,맑음,단일로 - 기타,이륜,남,39세,경상,승용,남,61세,상해없음
2022111000100582,2022년 11월 10일 21시,목요일,부산광역시 동구 초량동,경상사고,0,0,1,0,차대차 - 추돌,안전운전불이행,건조,맑음,단일로 - 기타,화물,남,53세,상해없음,이륜,남,66세,경상
2022111000100583,2022년 11월 10일 21시,목요일,부산광역시 강서구 범방동,중상사고,0,6,0,0,차대차 - 추돌,안전운전불이행,건조,맑음,교차로 - 교차로부근,승용,남,56세,상해없음,화물,남,30세,중상
2022111000100625,2022년 11월 10일 23시,목요일,부산광역시 수영구 광안동,중상사고,0,1,0,0,차대사람 - 횡단중,안전운전불이행,건조,맑음,단일로 - 지하차도(도로)내,승용,남,58세,상해없음,보행자,여,23세,중상
2022111100100014,2022년 11월 11일 01시,금요일,부산광역시 남구 용호동,중상사고,0,1,0,0,차량단독 - 기타,안전운전불이행,건조,맑음,단일로 - 기타,이륜,남,17세,중상,,,,
2022111100100015,2022년 11월 11일 01시,금요일,부산광역시 금정구 서동,경상사고,0,0,1,0,차대차 - 기타,안전운전불이행,건조,맑음,교차로 - 교차로부근,승용,남,72세,상해없음,승용,남,63세,상해없음
2022111100100056,2022년 11월 11일 06시,금요일,부산광역시 동래구 사직동,경상사고,0,0,1,0,차대차 - 측면충돌,신호위반,건조,맑음,교차로 - 교차로안,승용,남,45세,상해없음,승용,남,33세,경상
2022111100100090,2022년 11월 11일 08시,금요일,부산광역시 남구 용당동,경상사고,0,0,1,0,차대차 - 측면충돌,안전운전불이행,건조,맑음,교차로 - 교차로부근,화물,남,65세,상해없음,승용,남,42세,경상
2022111100100091,2022년 11월 11일 08시,금요일,부산광역시 금정구 서동,경상사고,0,0,1,0,차대사람 - 기타,안전운전불이행,건조,맑음,교차로 - 교차로부근,승용,남,52세,상해없음,보행자,남,40세,경상
2022111100100092,2022년 11월 11일 08시,금요일,부산광역시 강서구 구랑동,경상사고,0,0,2,0,차대차 - 측면충돌,신호위반,건조,맑음,교차로 - 교차로부근,승용,남,80세,상해없음,화물,남,48세,경상
2022111100100129,2022년 11월 11일 09시,금요일,부산광역시 부산진구 부암동,중상사고,0,1,0,0,차대사람 - 기타,안전운전불이행,건조,맑음,기타 - 기타,화물,남,28세,상해없음,보행자,여,76세,중상
2022111100100130,2022년 11월 11일 09시,금요일,부산광역시 부산진구 개금동,경상사고,0,0,2,0,차대차 - 측면충돌,안전운전불이행,건조,맑음,단일로 - 기타,건설기계,남,72세,경상,승용,여,68세,경상
2022111100100155,2022년 11월 11일 10시,금요일,부산광역시 남구 용호동,경상사고,0,0,1,0,차대차 - 측면충돌,안전운전불이행,건조,맑음,교차로 - 교차로안,승용,남,44세,상해없음,이륜,남,56세,경상
2022111100100156,2022년 11월 11일 10시,금요일,부산광역시 동래구 온천동,경상사고,0,0,1,0,차대차 - 추돌,안전운전불이행,건조,맑음,교차로 - 교차로부근,화물,남,55세,상해없음,승용,여,37세,경상
2022111100100158,2022년 11월 11일 10시,금요일,부산광역시 강서구 명지동,경상사고,0,0,1,0,차대차 - 추돌,안전운전불이행,건조,맑음,단일로 - 기타,승용,남,59세,상해없음,화물,남,50세,상해없음
2022111100100260,2022년 11월 11일 13시,금요일,부산광역시 수영구 광안동,경상사고,0,0,1,0,차대사람 - 길가장자리구역통행중,안전운전불이행,건조,맑음,교차로 - 교차로안,승용,남,55세,기타불명,보행자,남,81세,경상
2022111100100261,2022년 11월 11일 13시,금요일,부산광역시 부산진구 개금동,중상사고,0,1,0,0,차대사람 - 기타,안전운전불이행,건조,맑음,기타 - 기타,승용,남,60세,상해없음,보행자,여,75세,중상
2022111100100303,2022년 11월 11일 14시,금요일,부산광역시 동래구 수안동,경상사고,0,0,2,0,차대차 - 측면충돌,교차로운행방법위반,건조,맑음,교차로 - 교차로안,화물,남,73세,상해없음,승용,남,30세,경상
2022111100100304,2022년 11월 11일 14시,금요일,부산광역시 사하구 당리동,중상사고,0,1,1,0,차대사람 - 기타,안전운전불이행,건조,맑음,교차로 - 교차로안,화물,남,44세,상해없음,보행자,남,70세,중상
2022111100100305,2022년 11월 11일 14시,금요일,부산광역시 사하구 하단동,중상사고,0,1,0,0,차대사람 - 기타,안전운전불이행,건조,맑음,단일로 - 지하차도(도로)내,기타불명,기타불명,미분류,기타불명,보행자,여,70세,중상
2022111100100332,2022년 11월 11일 15시,금요일,부산광역시 동구 범일동,경상사고,0,0,1,0,차대차 - 기타,안전운전불이행,건조,맑음,단일로 - 기타,승용,여,49세,상해없음,이륜,남,69세,경상
2022111100100333,2022년 11월 11일 15시,금요일,부산광역시 남구 용당동,중상사고,0,1,0,0,차대사람 - 기타,중앙선침범,건조,맑음,단일로 - 기타,이륜,남,27세,상해없음,보행자,여,73세,중상
2022111100100334,2022년 11월 11일 15시,금요일,부산광역시 동래구 온천동,중상사고,0,1,0,0,차대차 - 측면충돌,안전운전불이행,건조,맑음,교차로 - 교차로안,승용,여,31세,기타불명,이륜,남,31세,중상
2022111100100335,2022년 11월 11일 15시,금요일,부산광역시 부산진구 가야동,경상사고,0,0,1,0,차대차 - 측면충돌,안전운전불이행,건조,맑음,단일로 - 기타,화물,남,67세,상해없음,승용,남,34세,경상
2022111100100336,2022년 11월 11일 15시,금요일,부산광역시 사상구 삼락동,경상사고,0,0,2,0,차대차 - 측면충돌,안전운전불이행,건조,맑음,단일로 - 기타,화물,남,58세,상해없음,승용,남,25세,경상
2022111100100337,2022년 11월 11일 15시,금요일,부산광역시 강서구 대저1동,경상사고,0,0,1,0,차대차 - 측면충돌,신호위반,건조,맑음,단일로 - 기타,승용,남,62세,상해없음,승합,남,52세,경상
2022111100100375,2022년 11월 11일 16시,금요일,부산광역시 수영구 광안동,부상신고사고,0,0,0,1,차대차 - 기타,안전운전불이행,건조,맑음,단일로 - 기타,승용,여,42세,상해없음,승용,남,65세,부상신고
2022111100100376,2022년 11월 11일 16시,금요일,부산광역시 사상구 주례동,부상신고사고,0,0,0,1,차대차 - 측면충돌,교차로운행방법위반,건조,맑음,교차로 - 교차로안,원동기,남,25세,부상신고,승용,남,60세,상해없음
2022111100100424,2022년 11월 11일 17시,금요일,부산광역시 북구 금곡동,사망사고,1,0,0,0,차대사람 - 기타,안전운전불이행,건조,맑음,기타 - 기타,승용,남,61세,상해없음,보행자,여,76세,사망
2022111100100425,2022년 11월 11일 17시,금요일,부산광역시 부산진구 가야동,부상신고사고,0,0,0,1,차대차 - 기타,안전운전불이행,건조,맑음,교차로 - 교차로부근,이륜,남,30세,부상신고,승용,남,27세,상해없음
2022111100100426,2022년 11월 11일 17시,금요일,부산광역시 금정구 구서동,부상신고사고,0,0,0,1,차대차 - 측면충돌,안전거리미확보,건조,맑음,교차로 - 교차로부근,승용,남,81세,상해없음,승용,남,33세,부상신고
2022111100100427,2022년 11월 11일 17시,금요일,부산광역시 금정구 노포동,중상사고,0,1,0,0,차대차 - 정면충돌,신호위반,건조,맑음,단일로 - 기타,승용,여,65세,상해없음,승용,남,67세,중상
2022111100100477,2022년 11월 11일 18시,금요일,부산광역시 동구 수정동,부상신고사고,0,0,0,2,차대차 - 측면충돌,안전운전불이행,건조,맑음,단일로 - 기타,승용,남,65세,상해없음,승용,남,27세,부상신고
2022111100100479,2022년 11월 11일 18시,금요일,부산광역시 동래구 온천동,경상사고,0,0,1,0,차대차 - 기타,안전운전불이행,건조,맑음,단일로 - 기타,승용,남,50세,상해없음,승용,여,42세,경상
2022111100100480,2022년 11월 11일 18시,금요일,부산광역시 동래구 안락동,중상사고,0,2,0,0,차대사람 - 기타,안전운전불이행,건조,맑음,교차로 - 교차로부근,승용,여,18세,상해없음,보행자,여,63세,중상
2022111100100481,2022년 11월 11일 18시,금요일,부산광역시 사상구 감전동,경상사고,0,0,2,0,차대차 - 측면충돌,교차로운행방법위반,건조,맑음,단일로 - 기타,승용,남,66세,기타불명,승용,남,34세,경상
2022111100100538,2022년 11월 11일 19시,금요일,부산광역시 중구 창선동2가,경상사고,0,0,1,1,차대차 - 측면충돌,교차로운행방법위반,건조,맑음,교차로 - 교차로안,이륜,남,57세,부상신고,이륜,남,45세,경상
2022111100100539,2022년 11월 11일 19시,금요일,부산광역시 남구 대연동,경상사고,0,0,2,0,차대차 - 추돌,안전거리미확보,건조,맑음,단일로 - 기타,승용,여,23세,기타불명,승용,남,37세,경상
2022111100100540,2022년 11월 11일 19시,금요일,부산광역시 부산진구 범천동,중상사고,0,1,0,0,차대차 - 기타,신호위반,건조,맑음,단일로 - 기타,자전거,남,62세,상해없음,이륜,남,24세,중상
2022111100100541,2022년 11월 11일 19시,금요일,부산광역시 강서구 봉림동,부상신고사고,0,0,0,1,차대차 - 측면충돌,안전운전불이행,건조,맑음,교차로 - 교차로부근,승용,남,55세,상해없음,승용,남,50세,부상신고
2022111100100542,2022년 11월 11일 19시,금요일,부산광역시 기장군 장안읍,경상사고,0,0,1,0,차대사람 - 기타,기타,건조,맑음,기타 - 기타,화물,남,41세,기타불명,보행자,남,63세,경상
2022111100100574,2022년 11월 11일 20시,금요일,부산광역시 영도구 남항동3가,경상사고,0,0,2,0,차대차 - 측면충돌,안전운전불이행,건조,맑음,단일로 - 교량,승용,남,61세,상해없음,승용,남,29세,경상
2022111100100575,2022년 11월 11일 20시,금요일,부산광역시 해운대구 반여동,중상사고,0,1,0,0,차대사람 - 보도통행중,신호위반,건조,맑음,교차로 - 교차로안,승용,여,43세,상해없음,보행자,여,54세,중상
2022111100100576,2022년 11월 11일 20시,금요일,부산광역시 연제구 연산동,경상사고,0,0,2,0,차대차 - 기타,안전운전불이행,건조,맑음,기타 - 기타,원동기,남,28세,상해없음,승용,남,29세,경상
2022111100100605,2022년 11월 11일 21시,금요일,부산광역시 해운대구 우동,경상사고,0,0,2,0,차대차 - 추돌,안전운전불이행,건조,맑음,단일로 - 기타,승용,남,28세,상해없음,이륜,남,33세,경상
2022111100100606,2022년 11월 11일 21시,금요일,부산광역시 사하구 다대동,중상사고,0,1,0,0,차대차 - 기타,안전운전불이행,건조,맑음,교차로 - 교차로안,승용,여,44세,상해없음,이륜,남,61세,중상
2022111100100607,2022년 11월 11일 21시,금요일,부산광역시 사상구 괘법동,중상사고,0,1,0,0,차대차 - 정면충돌,신호위반,건조,맑음,교차로 - 교차로안,승용,남,46세,상해없음,이륜,남,59세,중상
2022111100100635,2022년 11월 11일 22시,금요일,부산광역시 서구 토성동3가,경상사고,0,0,5,0,차대차 - 추돌,안전운전불이행,건조,맑음,교차로 - 교차로부근,승합,남,56세,상해없음,승용,여,51세,경상
2022111200100006,2022년 11월 12일 00시,토요일,부산광역시 중구 남포동6가,경상사고,0,0,2,1,차대차 - 측면충돌,안전운전불이행,건조,맑음,교차로 - 교차로부근,이륜,여,18세,상해없음,승용,남,32세,경상
2022111200100031,2022년 11월 12일 03시,토요일,부산광역시 남구 문현동,경상사고,0,0,1,0,차량단독 - 기타,안전운전불이행,건조,맑음,단일로 - 기타,이륜,남,27세,상해없음,,,,
2022111200100094,2022년 11월 12일 09시,토요일,부산광역시 사하구 신평동,경상사고,0,0,1,0,차대차 - 추돌,안전운전불이행,건조,맑음,단일로 - 기타,승용,여,38세,상해없음,승합,남,40세,경상
2022111200100095,2022년 11월 12일 09시,토요일,부산광역시 사하구 하단동,경상사고,0,0,1,0,차대차 - 기타,안전운전불이행,건조,맑음,단일로 - 기타,승용,여,32세,기타불명,승용,여,53세,경상
2022111200100124,2022년 11월 12일 10시,토요일,부산광역시 해운대구 좌동,경상사고,0,0,2,0,차대차 - 후진중충돌,안전운전불이행,건조,맑음,주차장 - 주차장,승용,남,46세,상해없음,승용,여,49세,경상