사고번호,사고일시,요일,시군구,사고내용,사망자수,중상자수,경상자수,부상신고자수,사고유형,법규위반,노면상태,기상상태,도로형태,가해운전자 차종,가해운전자 성별,가해운전자 연령,가해운전자 상해정도,피해운전자 차종,피해운전자 성별,피해운전자 연령,피해운전자 상해정도
2022121600100157,2022년 12월 16일 10시,금요일,부산광역시 남구 대연동,경상사고,0,0,2,0,차대차 - 측면충돌,안전운전불이행,건조,맑음,단일로 - 기타,승용,여,59세,상해없음,승용,여,39세,경상
2022121600100158,2022년 12월 16일 10시,금요일,부산광역시 북구 화명동,경상사고,0,0,2,0,차대차 - 기타,안전거리미확보,건조,맑음,교차로 - 교차로부근,이륜,남,63세,상해없음,승용,남,51세,경상
2022121600100159,2022년 12월 16일 10시,금요일,부산광역시 금정구 남산동,경상사고,0,0,2,0,차대차 - 추돌,안전운전불이행,건조,맑음,단일로 - 지하차도(도로)내,자전거,남,66세,경상,승용,남,64세,상해없음
2022121600100160,2022년 12월 16일 10시,금요일,부산광역시 연제구 연산동,경상사고,0,0,1,0,차대차 - 기타,교차로운행방법위반,건조,맑음,교차로 - 교차로안,승용,남,59세,상해없음,승합,남,66세,상해없음
2022121600100161,2022년 12월 16일 10시,금요일,부산광역시 사상구 괘법동,경상사고,0,0,1,0,차대차 - 측면충돌,안전운전불이행,건조,맑음,기타 - 기타,승용,남,62세,기타불명,이륜,남,37세,경상
2022121600100184,2022년 12월 16일 11시,금요일,부산광역시 중구 보수동2가,부상신고사고,0,0,0,1,차대차 - 기타,안전운전불이행,건조,맑음,단일로 - 기타,승용,남,33세,상해없음,이륜,남,44세,부상신고
2022121600100185,2022년 12월 16일 11시,금요일,부산광역시 부산진구 당감동,경상사고,0,0,1,0,차대차 - 측면충돌,안전거리미확보,건조,맑음,교차로 - 교차로안,승용,남,56세,상해없음,승용,여,29세,경상
2022121600100186,2022년 12월 16일 11시,금요일,부산광역시 부산진구 당감동,경상사고,0,0,1,1,차대차 - 측면충돌,안전거리미확보,건조,맑음,단일로 - 기타,승용,남,51세,부상신고,승용,여,64세,경상
2022121600100213,2022년 12월 16일 12시,금요일,부산광역시 동래구 수안동,경상사고,0,0,1,0,차대차 - 기타,신호위반,건조,맑음,단일로 - 기타,이륜,남,22세,상해없음,승합,남,47세,경상
2022121600100214,2022년 12월 16일 12시,금요일,부산광역시 동래구 사직동,경상사고,0,0,2,0,차대차 - 추돌,안전운전불이행,건조,맑음,단일로 - 기타,승용,남,39세,기타불명,승용,남,51세,경상
2022121600100243,2022년 12월 16일 13시,금요일,부산광역시 사하구 신평동,경상사고,0,0,1,0,차대차 - 기타,안전운전불이행,건조,맑음,단일로 - 기타,승용,여,63세,상해없음,승용,남,45세,경상
2022121600100244,2022년 12월 16일 13시,금요일,부산광역시 연제구 연산동,중상사고,0,1,0,0,차대차 - 기타,안전운전불이행,건조,맑음,단일로 - 기타,자전거,남,72세,중상,승용,남,66세,상해없음
2022121600100245,2022년 12월 16일 13시,금요일,부산광역시 금정구 노포동,경상사고,0,0,1,0,차대차 - 기타,안전거리미확보,건조,맑음,단일로 - 기타,승용,남,28세,상해없음,승용,여,40세,경상
2022121600100276,2022년 12월 16일 14시,금요일,부산광역시 동구 범일동,경상사고,0,0,1,0,차대사람 - 횡단중,안전운전불이행,건조,맑음,단일로 - 기타,승합,남,48세,상해없음,보행자,여,64세,상해없음
2022121600100337,2022년 12월 16일 16시,금요일,부산광역시 남구 문현동,경상사고,0,0,1,0,차대차 - 측면충돌,안전운전불이행,건조,맑음,단일로 - 기타,승용,여,60세,상해없음,승용,여,35세,경상
2022121600100338,2022년 12월 16일 16시,금요일,부산광역시 강서구 녹산동,경상사고,0,0,1,0,차대차 - 측면충돌,안전거리미확보,건조,맑음,단일로 - 기타,화물,남,65세,상해없음,승용,남,28세,경상
2022121600100378,2022년 12월 16일 17시,금요일,부산광역시 해운대구 우동,중상사고,0,1,0,0,차대차 - 기타,안전거리미확보,건조,맑음,단일로 - 교량,화물,남,36세,상해없음,승용,남,45세,중상
2022121600100379,2022년 12월 16일 17시,금요일,부산광역시 금정구 구서동,경상사고,0,0,1,0,차대차 - 측면충돌,교차로운행방법위반,건조,맑음,교차로 - 교차로안,화물,남,63세,상해없음,승용,여,51세,경상
2022121600100380,2022년 12월 16일 17시,금요일,부산광역시 강서구 대저1동,경상사고,0,0,1,0,차대차 - 측면충돌,안전거리미확보,건조,맑음,단일로 - 기타,화물,남,51세,상해없음,승용,여,52세,경상
2022121600100425,2022년 12월 16일 18시,금요일,부산광역시 남구 대연동,중상사고,0,1,0,0,차대사람 - 기타,안전운전불이행,건조,맑음,교차로 - 교차로안,승용,남,30세,상해없음,보행자,여,64세,중상
2022121600100426,2022년 12월 16일 18시,금요일,부산광역시 해운대구 반송동,중상사고,0,1,0,0,차대차 - 측면충돌,교차로운행방법위반,건조,맑음,단일로 - 기타,승용,여,62세,상해없음,이륜,남,25세,중상
2022121600100427,2022년 12월 16일 18시,금요일,부산광역시 부산진구 부전동,중상사고,0,1,0,0,차대차 - 기타,신호위반,건조,맑음,교차로 - 교차로안,승용,남,53세,상해없음,이륜,남,32세,중상
2022121600100428,2022년 12월 16일 18시,금요일,부산광역시 사하구 당리동,중상사고,0,1,1,0,차대차 - 측면충돌,신호위반,건조,맑음,단일로 - 기타,이륜,남,39세,중상,승합,남,66세,상해없음
2022121600100429,2022년 12월 16일 18시,금요일,부산광역시 강서구 송정동,중상사고,0,1,0,0,차대차 - 측면충돌,신호위반,건조,맑음,단일로 - 지하차도(도로)내,특수,남,30세,상해없음,이륜,남,62세,중상
2022121600100430,2022년 12월 16일 18시,금요일,부산광역시 사상구 학장동,중상사고,0,1,4,0,차대차 - 기타,안전운전불이행,건조,맑음,기타 - 기타,승용,남,31세,기타불명,승용,남,67세,중상
2022121600100470,2022년 12월 16일 19시,금요일,부산광역시 기장군 정관읍,중상사고,0,1,0,0,차대사람 - 횡단중,보행자보호의무위반,건조,맑음,교차로 - 교차로횡단보도내,승용,남,52세,상해없음,보행자,남,13세,중상
2022121600100501,2022년 12월 16일 20시,금요일,부산광역시 남구 대연동,부상신고사고,0,0,0,1,차대사람 - 횡단중,보행자보호의무위반,건조,맑음,교차로 - 교차로안,승용,남,52세,상해없음,보행자,남,24세,부상신고
2022121600100502,2022년 12월 16일 20시,금요일,부산광역시 강서구 지사동,부상신고사고,0,0,0,2,차대차 - 측면충돌,안전운전불이행,건조,맑음,단일로 - 기타,승용,남,40세,기타불명,승용,남,25세,부상신고
2022121600100503,2022년 12월 16일 20시,금요일,부산광역시 기장군 기장읍,중상사고,0,1,0,0,차대차 - 기타,안전운전불이행,건조,맑음,교차로 - 교차로안,승용,남,24세,상해없음,이륜,여,46세,중상
2022121600100525,2022년 12월 16일 21시,금요일,부산광역시 남구 대연동,중상사고,0,1,0,0,차대사람 - 기타,안전운전불이행,건조,맑음,교차로 - 교차로안,개인형이동수단(PM),남,17세,상해없음,보행자,남,31세,중상
2022121600100526,2022년 12월 16일 21시,금요일,부산광역시 부산진구 부전동,중상사고,0,1,0,0,차대차 - 측면충돌,안전거리미확보,건조,맑음,단일로 - 기타,이륜,남,38세,중상,승용,남,39세,상해없음
2022121600100527,2022년 12월 16일 21시,금요일,부산광역시 금정구 장전동,경상사고,0,0,2,0,차대차 - 측면충돌,신호위반,건조,맑음,단일로 - 기타,승용,남,24세,상해없음,승용,남,20세,경상
2022121600100528,2022년 12월 16일 21시,금요일,부산광역시 사하구 감천동,경상사고,0,0,2,0,차대차 - 추돌,안전운전불이행,건조,맑음,단일로 - 기타,승용,남,65세,상해없음,승용,여,41세,경상
2022121600100547,2022년 12월 16일 22시,금요일,부산광역시 사하구 괴정동,중상사고,0,1,0,0,차대사람 - 횡단중,안전운전불이행,건조,맑음,단일로 - 기타,승용,여,31세,상해없음,보행자,남,66세,중상
2022121600100582,2022년 12월 16일 23시,금요일,부산광역시 동래구 사직동,경상사고,0,0,4,0,차대차 - 정면충돌,신호위반,건조,맑음,교차로 - 교차로안,승용,남,71세,상해없음,승용,남,59세,경상
2022121600100583,2022년 12월 16일 23시,금요일,부산광역시 해운대구 우동,경상사고,0,0,2,0,차대차 - 기타,안전운전불이행,건조,맑음,교차로 - 교차로안,승용,여,42세,상해없음,승용,남,25세,경상
2022121700100037,2022년 12월 17일 02시,토요일,부산광역시 동래구 명장동,경상사고,0,0,2,0,차대차 - 측면충돌,안전운전불이행,건조,맑음,단일로 - 기타,승용,여,63세,상해없음,승용,남,75세,경상
2022121700100045,2022년 12월 17일 03시,토요일,부산광역시 동구 수정동,경상사고,0,0,1,0,차량단독 - 기타,안전운전불이행,건조,맑음,단일로 - 기타,승용,남,41세,상해없음,,,,
2022121700100091,2022년 12월 17일 08시,토요일,부산광역시 중구 남포동6가,경상사고,0,0,1,0,차대차 - 측면충돌,신호위반,건조,맑음,교차로 - 교차로안,승합,남,53세,상해없음,이륜,남,52세,경상
2022121700100134,2022년 12월 17일 10시,토요일,부산광역시 강서구 명지동,경상사고,0,0,1,0,차대차 - 추돌,안전운전불이행,건조,맑음,단일로 - 기타,승용,남,77세,상해없음,승용,남,24세,경상
2022121700100165,2022년 12월 17일 11시,토요일,부산광역시 사하구 하단동,중상사고,0,1,0,0,차대차 - 기타,안전운전불이행,건조,맑음,교차로 - 교차로안,승용,여,43세,상해없음,이륜,남,54세,중상
2022121700100212,2022년 12월 17일 12시,토요일,부산광역시 부산진구 연지동,경상사고,0,0,4,0,차대차 - 측면충돌,교차로운행방법위반,건조,맑음,단일로 - 기타,이륜,여,56세,경상,승용,여,40세,경상
2022121700100213,2022년 12월 17일 12시,토요일,부산광역시 연제구 연산동,경상사고,0,0,1,0,차대차 - 기타,안전거리미확보,건조,맑음,단일로 - 기타,승용,남,41세,상해없음,승용,남,54세,경상
2022121700100214,2022년 12월 17일 12시,토요일,부산광역시 연제구 거제동,경상사고,0,0,1,0,차대차 - 측면충돌,안전운전불이행,건조,맑음,교차로 - 교차로부근,승용,여,34세,상해없음,자전거,남,9세,경상
2022121700100238,2022년 12월 17일 13시,토요일,부산광역시 동래구 온천동,경상사고,0,0,1,0,차대차 - 측면충돌,신호위반,건조,맑음,교차로 - 교차로안,승용,남,64세,상해없음,승용,남,45세,경상
2022121700100239,2022년 12월 17일 13시,토요일,부산광역시 사하구 괴정동,중상사고,0,1,0,0,차대차 - 정면충돌,중앙선침범,건조,맑음,단일로 - 기타,승용,남,23세,상해없음,승용,남,51세,중상
2022121700100279,2022년 12월 17일 14시,토요일,부산광역시 부산진구 당감동,경상사고,0,0,1,0,차대차 - 측면충돌,안전거리미확보,건조,맑음,단일로 - 기타,승용,남,49세,상해없음,이륜,남,24세,경상
2022121700100317,2022년 12월 17일 15시,토요일,부산광역시 동구 초량동,경상사고,0,0,1,0,차대사람 - 횡단중,안전운전불이행,건조,맑음,교차로 - 교차로부근,이륜,남,60세,상해없음,보행자,여,31세,경상
2022121700100318,2022년 12월 17일 15시,토요일,부산광역시 영도구 남항동1가,중상사고,0,1,0,0,차대차 - 측면충돌,안전운전불이행,건조,맑음,단일로 - 기타,승용,남,45세,기타불명,이륜,남,55세,중상
2022121700100319,2022년 12월 17일 15시,토요일,부산광역시 부산진구 부전동,경상사고,0,0,1,0,차대차 - 추돌,안전운전불이행,건조,맑음,교차로 - 교차로부근,기타불명,기타불명,미분류,기타불명,승용,남,66세,상해없음
2022121700100320,2022년 12월 17일 15시,토요일,부산광역시 금정구 금사동,중상사고,0,1,0,0,차대차 - 측면충돌,교차로운행방법위반,건조,맑음,교차로 - 교차로안,승용,남,49세,상해없음,이륜,남,47세,중상
2022121700100321,2022년 12월 17일 15시,토요일,부산광역시 사하구 신평동,경상사고,0,0,2,0,차대차 - 기타,직진우회전진행방해,건조,맑음,교차로 - 교차로안,승용,남,39세,상해없음,승용,남,63세,경상
2022121700100322,2022년 12월 17일 15시,토요일,부산광역시 강서구 명지동,경상사고,0,0,1,0,차대차 - 기타,안전운전불이행,건조,맑음,교차로 - 교차로안,승용,남,45세,경상,승용,남,29세,상해없음
2022121700100418,2022년 12월 17일 18시,토요일,부산광역시 해운대구 재송동,중상사고,0,1,0,0,차대차 - 측면충돌,안전거리미확보,건조,맑음,단일로 - 기타,승용,여,62세,상해없음,승용,여,45세,상해없음
2022121700100419,2022년 12월 17일 18시,토요일,부산광역시 해운대구 우동,중상사고,0,1,1,0,차대차 - 측면충돌,안전거리미확보,건조,맑음,교차로 - 교차로안,승용,여,25세,경상,승용,남,40세,중상
2022121700100450,2022년 12월 17일 19시,토요일,부산광역시 동구 좌천동,경상사고,0,0,3,0,차대차 - 추돌,안전운전불이행,건조,맑음,교차로 - 교차로부근,승용,남,54세,상해없음,승용,남,61세,경상
2022121700100451,2022년 12월 17일 19시,토요일,부산광역시 동래구 사직동,경상사고,0,0,1,0,차대차 - 측면충돌,안전운전불이행,건조,맑음,단일로 - 지하차도(도로)내,승용,남,63세,기타불명,원동기,남,23세,경상
2022121700100483,2022년 12월 17일 20시,토요일,부산광역시 서구 초장동,중상사고,0,1,2,0,차대차 - 정면충돌,신호위반,건조,맑음,교차로 - 교차로안,이륜,남,21세,중상,승용,남,26세,경상
2022121700100505,2022년 12월 17일 21시,토요일,부산광역시 영도구 청학동,경상사고,0,0,1,0,차대차 - 추돌,안전운전불이행,건조,맑음,단일로 - 기타,승용,여,33세,상해없음,승용,남,29세,경상
2022121700100506,2022년 12월 17일 21시,토요일,부산광역시 부산진구 당감동,경상사고,0,0,1,0,차대사람 - 횡단중,신호위반,건조,맑음,단일로 - 기타,승용,남,69세,상해없음,보행자,여,34세,경상
2022121700100507,2022년 12월 17일 21시,토요일,부산광역시 연제구 연산동,경상사고,0,0,1,0,차대사람 - 기타,안전운전불이행,건조,맑음,단일로 - 기타,승용,여,61세,상해없음,보행자,남,46세,경상
2022121700100531,2022년 12월 17일 22시,토요일,부산광역시 동래구 사직동,중상사고,0,2,0,0,차대차 - 측면충돌,안전운전불이행,건조,맑음,단일로 - 기타,승용,남,66세,상해없음,이륜,남,23세,중상
2022121700100548,2022년 12월 17일 23시,토요일,부산광역시 북구 덕천동,경상사고,0,0,2,0,차대차 - 기타,신호위반,건조,맑음,단일로 - 기타,승용,남,25세,상해없음,승용,남,27세,경상
2022121700100549,2022년 12월 17일 23시,토요일,부산광역시 연제구 연산동,경상사고,0,0,1,0,차대사람 - 기타,교차로운행방법위반,건조,맑음,교차로 - 교차로부근,승용,남,50세,상해없음,보행자,남,45세,경상
2022121800100027,2022년 12월 18일 01시,일요일,부산광역시 해운대구 재송동,경상사고,0,0,1,0,차대차 - 추돌,안전운전불이행,건조,맑음,단일로 - 교량,승용,남,41세,상해없음,승용,남,25세,경상
2022121800100039,2022년 12월 18일 02시,일요일,부산광역시 연제구 연산동,경상사고,0,0,1,0,차대사람 - 기타,불법유턴,건조,맑음,단일로 - 기타,승용,남,54세,상해없음,보행자,남,44세,경상
2022121800100066,2022년 12월 18일 07시,일요일,부산광역시 사하구 다대동,경상사고,0,0,2,0,차대차 - 기타,신호위반,건조,맑음,교차로 - 교차로안,승용,여,64세,경상,승합,남,43세,경상
2022121800100072,2022년 12월 18일 08시,일요일,부산광역시 연제구 연산동,부상신고사고,0,0,0,1,차대차 - 측면충돌,안전운전불이행,건조,맑음,교차로 - 교차로안,자전거,남,20세,부상신고,승용,남,35세,상해없음
2022121800100092,2022년 12월 18일 10시,일요일,부산광역시 중구 중앙동4가,경상사고,0,0,1,0,차대차 - 측면충돌,교차로운행방법위반,건조,맑음,교차로 - 교차로안,승용,여,33세,상해없음,승용,남,29세,경상
2022121800100093,2022년 12월 18일 10시,일요일,부산광역시 동구 좌천동,중상사고,0,1,0,0,차대차 - 추돌,안전운전불이행,건조,맑음,단일로 - 기타,승용,남,67세,상해없음,승용,여,47세,중상
2022121800100094,2022년 12월 18일 10시,일요일,부산광역시 동구 수정동,경상사고,0,0,1,0,차대차 - 측면충돌,안전거리미확보,건조,맑음,단일로 - 기타,승용,남,38세,상해없음,승용,남,36세,경상
2022121800100116,2022년 12월 18일 11시,일요일,부산광역시 중구 보수동1가,중상사고,0,1,0,0,차대차 - 측면충돌,신호위반,건조,맑음,교차로 - 교차로안,승용,남,63세,상해없음,이륜,남,67세,중상
2022121800100117,2022년 12월 18일 11시,일요일,부산광역시 동래구 온천동,경상사고,0,0,1,0,차대차 - 추돌,안전운전불이행,건조,맑음,단일로 - 기타,승용,여,71세,상해없음,승용,남,59세,경상
2022121800100118,2022년 12월 18일 11시,일요일,부산광역시 연제구 거제동,중상사고,0,1,1,0,차대차 - 측면충돌,신호위반,건조,맑음,교차로 - 교차로안,승용,남,42세,상해없음,승용,남,54세,중상
2022121800100119,2022년 12월 18일 11시,일요일,부산광역시 연제구 연산동,경상사고,0,0,1,0,차대사람 - 횡단중,안전운전불이행,건조,맑음,교차로 - 교차로부근,화물,남,68세,상해없음,보행자,남,75세,경상
2022121800100135,2022년 12월 18일 12시,일요일,부산광역시 연제구 거제동,경상사고,0,0,1,0,차대차 - 측면충돌,안전운전불이행,건조,맑음,교차로 - 교차로부근,승용,남,59세,상해없음,이륜,남,24세,경상
2022121800100136,2022년 12월 18일 12시,일요일,부산광역시 사상구 감전동,경상사고,0,0,2,0,차대차 - 기타,안전거리미확보,건조,맑음,교차로 - 교차로부근,화물,남,55세,상해없음,승용,남,46세,경상
2022121800100191,2022년 12월 18일 14시,일요일,부산광역시 중구 대청동4가,경상사고,0,0,1,0,차대사람 - 횡단중,보행자보호의무위반,건조,맑음,단일로 - 기타,승용,남,48세,상해없음,보행자,여,75세,경상
2022121800100225,2022년 12월 18일 15시,일요일,부산광역시 부산진구 부전동,부상신고사고,0,0,0,1,차대사람 - 차도통행중,안전운전불이행,건조,맑음,단일로 - 기타,승용,여,26세,기타불명,보행자,남,61세,부상신고
2022121800100226,2022년 12월 18일 15시,일요일,부산광역시 부산진구 전포동,부상신고사고,0,0,0,1,차대차 - 기타,안전운전불이행,건조,기타,단일로 - 기타,이륜,남,50세,부상신고,승용,여,58세,상해없음
2022121800100227,2022년 12월 18일 15시,일요일,부산광역시 부산진구 양정동,경상사고,0,0,3,0,차대차 - 측면충돌,신호위반,건조,맑음,교차로 - 교차로안,이륜,남,23세,경상,승용,남,26세,경상
2022121800100272,2022년 12월 18일 17시,일요일,부산광역시 동구 수정동,중상사고,0,1,0,0,차대차 - 기타,중앙선침범,건조,맑음,단일로 - 기타,승용,여,50세,상해없음,이륜,남,64세,중상
2022121800100298,2022년 12월 18일 18시,일요일,부산광역시 금정구 장전동,중상사고,0,2,1,1,차대차 - 정면충돌,안전운전불이행,건조,맑음,교차로 - 교차로안,원동기,남,34세,중상,원동기,여,16세,중상
2022121800100299,2022년 12월 18일 18시,일요일,부산광역시 사상구 주례동,중상사고,0,1,1,0,차대사람 - 횡단중,신호위반,건조,맑음,교차로 - 교차로횡단보도내,이륜,남,41세,상해없음,보행자,여,21세,중상
2022121800100368,2022년 12월 18일 20시,일요일,부산광역시 중구 보수동3가,경상사고,0,0,1,0,차대차 - 측면충돌,안전운전불이행,건조,맑음,단일로 - 기타,승용,남,54세,상해없음,이륜,남,22세,경상
2022121800100369,2022년 12월 18일 20시,일요일,부산광역시 해운대구 재송동,경상사고,0,0,1,0,차대차 - 측면충돌,교차로운행방법위반,건조,맑음,교차로 - 교차로안,승용,남,75세,상해없음,승용,여,52세,경상
2022121800100410,2022년 12월 18일 22시,일요일,부산광역시 동구 범일동,중상사고,0,1,0,0,차대차 - 측면충돌,안전거리미확보,건조,맑음,단일로 - 기타,이륜,남,38세,중상,승합,남,63세,상해없음
2022121900100063,2022년 12월 19일 07시,월요일,부산광역시 부산진구 범천동,경상사고,0,0,1,0,차대차 - 기타,안전거리미확보,건조,맑음,기타 - 기타,승용,남,60세,상해없음,화물,남,25세,경상
2022121900100064,2022년 12월 19일 07시,월요일,부산광역시 사하구 신평동,경상사고,0,0,1,0,차대사람 - 기타,보행자보호의무위반,건조,맑음,단일로 - 기타,승용,남,75세,상해없음,보행자,여,40세,경상
2022121900100086,2022년 12월 19일 08시,월요일,부산광역시 동구 좌천동,중상사고,0,2,11,0,차대차 - 측면충돌,신호위반,건조,맑음,단일로 - 기타,승용,남,59세,상해없음,승합,남,38세,상해없음
2022121900100087,2022년 12월 19일 08시,월요일,부산광역시 강서구 녹산동,경상사고,0,0,1,0,차대차 - 기타,안전거리미확보,건조,맑음,단일로 - 기타,승용,남,42세,상해없음,이륜,남,45세,경상
2022121900100131,2022년 12월 19일 09시,월요일,부산광역시 동구 좌천동,경상사고,0,0,1,0,차대사람 - 차도통행중,안전운전불이행,건조,맑음,교차로 - 교차로부근,승합,여,66세,상해없음,보행자,남,67세,경상
2022121900100164,2022년 12월 19일 10시,월요일,부산광역시 동래구 온천동,중상사고,0,1,0,0,차대사람 - 횡단중,안전운전불이행,건조,맑음,단일로 - 기타,승용,여,45세,상해없음,보행자,여,24세,중상
2022121900100188,2022년 12월 19일 11시,월요일,부산광역시 중구 남포동6가,부상신고사고,0,0,0,1,차대사람 - 횡단중,안전운전불이행,건조,맑음,교차로 - 교차로안,승용,남,74세,상해없음,보행자,남,67세,부상신고
2022121900100227,2022년 12월 19일 12시,월요일,부산광역시 동구 범일동,경상사고,0,0,3,0,차대차 - 측면충돌,신호위반,건조,맑음,교차로 - 교차로안,승용,남,55세,경상,승합,남,70세,경상
2022121900100257,2022년 12월 19일 13시,월요일,부산광역시 수영구 광안동,경상사고,0,0,1,0,차대차 - 후진중충돌,안전운전불이행,건조,맑음,교차로 - 교차로안,승용,남,59세,상해없음,승용,남,56세,경상
2022121900100258,2022년 12월 19일 13시,월요일,부산광역시 수영구 광안동,경상사고,0,0,1,0,차대사람 - 횡단중,안전운전불이행,건조,맑음,교차로 - 교차로부근,승용,남,52세,상해없음,보행자,남,14세,경상
2022121900100259,2022년 12월 19일 13시,월요일,부산광역시 동래구 온천동,중상사고,0,1,0,0,차대사람 - 횡단중,안전운전불이행,건조,맑음,단일로 - 지하차도(도로)내,승용,여,56세,상해없음,보행자,남,83세,중상
2022121900100260,2022년 12월 19일 13시,월요일,부산광역시 해운대구 좌동,경상사고,0,0,1,0,차대차 - 기타,신호위반,건조,맑음,교차로 - 교차로안,승용,여,47세,상해없음,개인형이동수단(PM),남,29세,경상
2022121900100296,2022년 12월 19일 14시,월요일,부산광역시 동구 수정동,경상사고,0,0,1,0,차대사람 - 차도통행중,안전운전불이행,건조,맑음,단일로 - 기타,승용,여,60세,상해없음,보행자,여,53세,경상
2022121900100326,2022년 12월 19일 15시,월요일,부산광역시 수영구 광안동,경상사고,0,0,1,0,차대사람 - 기타,안전운전불이행,건조,맑음,단일로 - 기타,승용,남,58세,상해없음,보행자,남,25세,경상
2022121900100354,2022년 12월 19일 16시,월요일,부산광역시 부산진구 초읍동,경상사고,0,0,1,0,차대차 - 기타,안전운전불이행,건조,맑음,단일로 - 기타,승합,남,62세,상해없음,이륜,남,24세,경상
2022121900100379,2022년 12월 19일 17시,월요일,부산광역시 남구 용호동,경상사고,0,0,1,0,차대차 - 추돌,안전운전불이행,건조,맑음,교차로 - 교차로부근,승용,남,54세,상해없음,승용,여,62세,경상
2022121900100380,2022년 12월 19일 17시,월요일,부산광역시 북구 금곡동,경상사고,0,0,3,0,차대차 - 측면충돌,안전거리미확보,건조,맑음,단일로 - 기타,승용,여,60세,상해없음,승용,여,38세,경상
2022121900100381,2022년 12월 19일 17시,월요일,부산광역시 해운대구 우동,경상사고,0,0,1,0,차대차 - 측면충돌,안전거리미확보,건조,맑음,단일로 - 교량,승용,남,21세,상해없음,화물,남,25세,경상
2022121900100382,2022년 12월 19일 17시,월요일,부산광역시 해운대구 우동,경상사고,0,0,1,0,차대차 - 측면충돌,안전거리미확보,건조,맑음,단일로 - 기타,승용,여,65세,상해없음,승용,남,18세,경상
2022121900100383,2022년 12월 19일 17시,월요일,부산광역시 강서구 신호동,중상사고,0,1,3,0,차대차 - 추돌,안전운전불이행,건조,맑음,단일로 - 기타,승용,여,60세,경상,승용,남,61세,중상
2022121900100384,2022년 12월 19일 17시,월요일,부산광역시 강서구 범방동,중상사고,0,1,0,0,차대차 - 측면충돌,안전거리미확보,건조,맑음,교차로 - 교차로안,화물,남,57세,상해없음,승용,남,50세,중상
2022121900100435,2022년 12월 19일 18시,월요일,부산광역시 부산진구 전포동,경상사고,0,0,1,0,차대차 - 기타,안전거리미확보,건조,맑음,단일로 - 기타,승용,남,75세,경상,승용,남,69세,상해없음
2022121900100436,2022년 12월 19일 18시,월요일,부산광역시 연제구 거제동,경상사고,0,0,1,0,차대차 - 기타,안전운전불이행,건조,맑음,교차로 - 교차로안,승용,남,50세,상해없음,승용,남,46세,경상
2022121900100494,2022년 12월 19일 20시,월요일,부산광역시 사하구 하단동,경상사고,0,0,1,0,차대차 - 측면충돌,안전운전불이행,건조,맑음,단일로 - 기타,승용,남,33세,상해없음,승용,여,29세,경상
2022121900100524,2022년 12월 19일 21시,월요일,부산광역시 동구 범일동,중상사고,0,1,0,0,차대차 - 측면충돌,교차로운행방법위반,건조,맑음,교차로 - 교차로안,승용,남,65세,상해없음,승합,남,61세,상해없음
2022121900100525,2022년 12월 19일 21시,월요일,부산광역시 부산진구 연지동,경상사고,0,0,1,0,차대차 - 측면충돌,교차로운행방법위반,건조,맑음,교차로 - 교차로안,승용,남,64세,상해없음,이륜,남,40세,경상
2022122000100001,2022년 12월 20일 00시,화요일,부산광역시 수영구 수영동,경상사고,0,0,2,0,차대차 - 추돌,안전운전불이행,건조,맑음,단일로 - 기타,승용,남,31세,기타불명,승용,남,51세,경상
2022122000100136,2022년 12월 20일 09시,화요일,부산광역시 사하구 신평동,경상사고,0,0,1,0,차대차 - 기타,안전운전불이행,건조,맑음,단일로 - 지하차도(도로)내,건설기계,남,72세,기타불명,승용,남,56세,경상
2022122000100137,2022년 12월 20일 09시,화요일,부산광역시 강서구 대저2동,경상사고,0,0,2,0,차대차 - 기타,안전운전불이행,건조,맑음,교차로 - 교차로안,화물,남,67세,경상,화물,남,34세,경상
2022122000100208,2022년 12월 20일 11시,화요일,부산광역시 남구 문현동,경상사고,0,0,1,0,차대차 - 추돌,안전운전불이행,건조,맑음,단일로 - 기타,승용,여,61세,상해없음,승용,여,36세,경상
2022122000100209,2022년 12월 20일 11시,화요일,부산광역시 사상구 덕포동,부상신고사고,0,0,0,1,차대사람 - 횡단중,안전운전불이행,건조,맑음,단일로 - 기타,승용,여,30세,기타불명,보행자,남,46세,부상신고
2022122000100247,2022년 12월 20일 12시,화요일,부산광역시 수영구 민락동,경상사고,0,0,1,0,차대차 - 추돌,안전운전불이행,건조,맑음,단일로 - 기타,승용,남,58세,상해없음,화물,남,39세,경상
2022122000100248,2022년 12월 20일 12시,화요일,부산광역시 사하구 다대동,경상사고,0,0,1,0,차대차 - 기타,안전운전불이행,건조,맑음,단일로 - 기타,이륜,남,21세,상해없음,이륜,여,31세,경상
2022122000100249,2022년 12월 20일 12시,화요일,부산광역시 사상구 주례동,경상사고,0,0,1,0,차대차 - 추돌,안전거리미확보,건조,맑음,교차로 - 교차로부근,승용,남,52세,기타불명,승용,남,34세,경상
2022122000100283,2022년 12월 20일 13시,화요일,부산광역시 동구 초량동,경상사고,0,0,1,0,차대사람 - 길가장자리구역통행중,보행자보호의무위반,건조,맑음,교차로 - 교차로부근,화물,남,50세,상해없음,보행자,여,55세,경상